Trade number,Type,Date and time,Signal,Price USD,Size (qty),Size (value),Net PnL JPY,Return %,Commission JPY,Favorable excursion JPY,Favorable excursion %,Adverse excursion JPY,Adverse excursion %,Cumulative PnL JPY,Cumulative PnL %,Duration (bars)
1,Exit long,2025-06-04 16:52,TSL,3375.32,1,3373.01,332.56,0.07,0,476.53,0.10,-483.73,-0.10,332.56,0.03,77
1,Entry long,2025-06-04 15:35,M1 scalp up,3373.01,1,3373.01,332.56,0.07,0,476.53,0.10,-483.73,-0.10,332.56,0.03,77
2,Exit long,2025-06-04 17:23,TSL,3376.04,2,6749.42,382.95,0.04,0,526.92,0.05,-477.97,-0.05,715.51,0.07,22
2,Entry long,2025-06-04 17:01,M1 scalp up,3374.71,2,6749.42,382.95,0.04,0,526.92,0.05,-477.97,-0.05,715.51,0.07,22
3,Exit long,2025-06-04 17:33,TSL,3377.51,2,6747.98,1013.52,0.10,0,1157.49,0.12,-34.55,0.00,1729.03,0.17,7
3,Entry long,2025-06-04 17:26,M1 scalp up,3373.99,2,6747.98,1013.52,0.10,0,1157.49,0.12,-34.55,0.00,1729.03,0.17,7
4,Exit long,2025-06-04 18:08,TSL,3381.21,1,3379.03,313.85,0.06,0,457.81,0.09,-136.77,-0.03,2042.88,0.20,15
4,Entry long,2025-06-04 17:53,M1 scalp up,3379.03,1,3379.03,313.85,0.06,0,457.81,0.09,-136.77,-0.03,2042.88,0.20,15
5,Exit long,2025-06-04 20:08,TSL,3373.82,2,6745.26,342.64,0.04,0,486.61,0.05,-541.31,-0.06,2385.52,0.24,29
5,Entry long,2025-06-04 19:39,M1 scalp up,3372.63,2,6745.26,342.64,0.04,0,486.61,0.05,-541.31,-0.06,2385.52,0.24,29
6,Exit long,2025-06-04 20:30,TSL,3373.59,2,6745.14,293.69,0.03,0,437.66,0.05,-374.31,-0.04,2679.21,0.27,9
6,Entry long,2025-06-04 20:21,M1 scalp up,3372.57,2,6745.14,293.69,0.03,0,437.66,0.05,-374.31,-0.04,2679.21,0.27,9
7,Exit long,2025-06-04 20:52,SL,3371.99,2,6747.62,-524.04,-0.05,0,97.9,0.01,-524.04,-0.05,2155.17,0.22,8
7,Entry long,2025-06-04 20:44,M1 scalp up,3373.81,2,6747.62,-524.04,-0.05,0,97.9,0.01,-524.04,-0.05,2155.17,0.22,8
8,Exit long,2025-06-04 22:01,TSL,3373.51,2,6743.98,434,0.05,0,822.31,0.09,-71.98,-0.01,2589.17,0.26,2
8,Entry long,2025-06-04 20:59,M1 scalp up,3371.99,2,6743.98,434,0.05,0,822.31,0.09,-71.98,-0.01,2589.17,0.26,2
9,Exit short,2025-06-05 16:51,SL,3354.58,1,3349.7,-696.68,-0.15,0,326.93,0.07,-696.68,-0.15,1892.49,0.19,15
9,Entry short,2025-06-05 16:36,M1 scalp down,3349.7,1,3349.7,-696.68,-0.15,0,326.93,0.07,-696.68,-0.15,1892.49,0.19,15
10,Exit short,2025-06-05 18:54,SL,3355.97,1,3352.32,-521.08,-0.11,0,319.79,0.07,-521.08,-0.11,1371.4,0.14,95
10,Entry short,2025-06-05 17:19,M1 scalp down,3352.32,1,3352.32,-521.08,-0.11,0,319.79,0.07,-521.08,-0.11,1371.4,0.14,95
11,Exit short,2025-06-05 19:48,TSL,3353.9,1,3357.5,513.95,0.11,0,656.71,0.14,-38.55,-0.01,1885.35,0.19,5
11,Entry short,2025-06-05 19:43,M1 scalp down,3357.5,1,3357.5,513.95,0.11,0,656.71,0.14,-38.55,-0.01,1885.35,0.19,5
12,Exit short,2025-06-05 19:55,TSL,3358.24,1,3358.24,0,0.00,0,0,0.00,0,0.00,1885.35,0.19,0
12,Entry short,2025-06-05 19:55,M1 scalp down,3358.24,1,3358.24,0,0.00,0,0,0.00,0,0.00,1885.35,0.19,0
13,Exit short,2025-06-05 20:44,TSL,3354.15,2,6710.2,271.25,0.03,0,436.85,0.05,-11.42,0.00,2156.6,0.22,9
13,Entry short,2025-06-05 20:35,M1 scalp down,3355.1,2,6710.2,271.25,0.03,0,436.85,0.05,-11.42,0.00,2156.6,0.22,9
14,Exit short,2025-06-06 16:55,TSL,3322.03,1,3325.26,463.5,0.10,0,621.35,0.13,-67.44,-0.01,2620.1,0.26,9
14,Entry short,2025-06-06 16:46,M1 scalp down,3325.26,1,3325.26,463.5,0.10,0,621.35,0.13,-67.44,-0.01,2620.1,0.26,9
15,Exit short,2025-06-06 17:34,TSL,3322.68,1,3324.73,294.17,0.06,0,441.98,0.09,-305.65,-0.06,2914.27,0.29,31
15,Entry short,2025-06-06 17:03,M1 scalp down,3324.73,1,3324.73,294.17,0.06,0,441.98,0.09,-305.65,-0.06,2914.27,0.29,31
16,Exit short,2025-06-06 18:07,TSL,3321.1,1,3323.57,354.44,0.07,0,509.42,0.11,-126.28,-0.03,3268.72,0.33,18
16,Entry short,2025-06-06 17:49,M1 scalp down,3323.57,1,3323.57,354.44,0.07,0,509.42,0.11,-126.28,-0.03,3268.72,0.33,18
17,Exit short,2025-06-06 19:59,TSL,3312.37,1,3315.55,456.33,0.10,0,599.83,0.13,-67.44,-0.01,3725.04,0.37,18
17,Entry short,2025-06-06 19:41,M1 scalp down,3315.55,1,3315.55,456.33,0.10,0,599.83,0.13,-67.44,-0.01,3725.04,0.37,18
18,Exit short,2025-06-06 20:40,SL,3312.18,1,3309.38,-401.8,-0.08,0,109.06,0.02,-401.8,-0.08,3323.25,0.33,22
18,Entry short,2025-06-06 20:18,M1 scalp down,3309.38,1,3309.38,-401.8,-0.08,0,109.06,0.02,-401.8,-0.08,3323.25,0.33,22
19,Exit short,2025-06-06 20:59,TSL,3310.06,2,6623.58,496.51,0.05,0,640.01,0.07,-266.91,-0.03,3819.75,0.38,4
19,Entry short,2025-06-06 20:55,M1 scalp down,3311.79,2,6623.58,496.51,0.05,0,640.01,0.07,-266.91,-0.03,3819.75,0.38,4
20,Exit short,2025-06-09 13:38,TSL,3311.89,1,3316.86,719.72,0.15,0,864.53,0.18,-150.61,-0.03,4539.47,0.45,6
20,Entry short,2025-06-09 13:32,M1 scalp down,3316.86,1,3316.86,719.72,0.15,0,864.53,0.18,-150.61,-0.03,4539.47,0.45,6
21,Exit short,2025-06-09 15:03,SL,3323.83,1,3319.62,-609.66,-0.13,0,101.37,0.02,-609.66,-0.13,3929.81,0.39,15
21,Entry short,2025-06-09 14:48,M1 scalp down,3319.62,1,3319.62,-609.66,-0.13,0,101.37,0.02,-609.66,-0.13,3929.81,0.39,15
22,Exit short,2025-06-09 15:21,SL,3327,1,3323.37,-525.67,-0.11,0,186.81,0.04,-525.67,-0.11,3404.14,0.34,13
22,Entry short,2025-06-09 15:08,M1 scalp down,3323.37,1,3323.37,-525.67,-0.11,0,186.81,0.04,-525.67,-0.11,3404.14,0.34,13
23,Exit short,2025-06-09 16:23,SL,3333.99,1,3330.28,-537.26,-0.11,0,399.68,0.08,-537.26,-0.11,2866.88,0.29,55
23,Entry short,2025-06-09 15:28,M1 scalp down,3330.28,1,3330.28,-537.26,-0.11,0,399.68,0.08,-537.26,-0.11,2866.88,0.29,55
24,Exit long,2025-06-09 17:26,SL,3333.24,1,3336.08,-411.27,-0.09,0,104.27,0.02,-411.27,-0.09,2455.61,0.25,24
24,Entry long,2025-06-09 17:02,M1 scalp up,3336.08,1,3336.08,-411.27,-0.09,0,104.27,0.02,-411.27,-0.09,2455.61,0.25,24
25,Exit long,2025-06-09 18:14,TSL,3335.71,2,6668.94,359.14,0.04,0,503.95,0.05,-367.82,-0.04,2814.75,0.28,23
25,Entry long,2025-06-09 17:51,M1 scalp up,3334.47,2,6668.94,359.14,0.04,0,503.95,0.05,-367.82,-0.04,2814.75,0.28,23
26,Exit short,2025-06-09 19:55,TSL,3327.93,2,6659.6,541.6,0.06,0,686.41,0.07,-5.79,0.00,3356.35,0.34,4
26,Entry short,2025-06-09 19:51,M1 scalp down,3329.8,2,6659.6,541.6,0.06,0,686.41,0.07,-5.79,0.00,3356.35,0.34,4
27,Exit short,2025-06-09 20:33,TSL,3325.87,1,3328.73,414.17,0.09,0,558.98,0.12,-112.95,-0.02,3770.52,0.38,28
27,Entry short,2025-06-09 20:05,M1 scalp down,3328.73,1,3328.73,414.17,0.09,0,558.98,0.12,-112.95,-0.02,3770.52,0.38,28
28,Exit short,2025-06-09 20:57,TSL,3325.23,2,6652.88,350.45,0.04,0,495.26,0.05,-208.53,-0.02,4120.96,0.41,19
28,Entry short,2025-06-09 20:38,M1 scalp down,3326.44,2,6652.88,350.45,0.04,0,495.26,0.05,-208.53,-0.02,4120.96,0.41,19
29,Exit short,2025-06-10 16:11,TSL,3322.24,1,3325.87,524.88,0.11,0,669.47,0.14,-495.96,-0.10,4645.84,0.46,42
29,Entry short,2025-06-10 15:29,M1 scalp down,3325.87,1,3325.87,524.88,0.11,0,669.47,0.14,-495.96,-0.10,4645.84,0.46,42
30,Exit short,2025-06-10 16:56,TSL,3321.28,1,3323.28,289.19,0.06,0,468.49,0.10,-164.84,-0.03,4935.03,0.49,22
30,Entry short,2025-06-10 16:34,M1 scalp down,3323.28,1,3323.28,289.19,0.06,0,468.49,0.10,-164.84,-0.03,4935.03,0.49,22
31,Exit short,2025-06-10 17:54,SL,3325.21,1,3322.61,-375.95,-0.08,0,312.33,0.07,-375.95,-0.08,4559.09,0.46,50
31,Entry short,2025-06-10 17:04,M1 scalp down,3322.61,1,3322.61,-375.95,-0.08,0,312.33,0.07,-375.95,-0.08,4559.09,0.46,50
32,Exit long,2025-06-10 19:54,SL,3329.85,1,3332.36,-362.93,-0.08,0,198.1,0.04,-362.93,-0.08,4196.15,0.42,8
32,Entry long,2025-06-10 19:46,M1 scalp up,3332.36,1,3332.36,-362.93,-0.08,0,198.1,0.04,-362.93,-0.08,4196.15,0.42,8
33,Exit short,2025-06-10 20:24,TSL,3325.33,1,3328.41,445.35,0.09,0,600.07,0.12,-47.72,-0.01,4641.51,0.46,12
33,Entry short,2025-06-10 20:12,M1 scalp down,3328.41,1,3328.41,445.35,0.09,0,600.07,0.12,-47.72,-0.01,4641.51,0.46,12
34,Exit short,2025-06-10 22:01,TSL,3321.6,2,6646.92,538.92,0.06,0,683.8,0.07,0,0.00,5180.43,0.52,10
34,Entry short,2025-06-10 20:51,M1 scalp down,3323.46,2,6646.92,538.92,0.06,0,683.8,0.07,0,0.00,5180.43,0.52,10
35,Exit long,2025-06-11 15:15,TSL,3340.82,1,3338.24,373.77,0.08,0,518.64,0.11,-226,-0.05,5554.2,0.56,20
35,Entry long,2025-06-11 14:55,M1 scalp up,3338.24,1,3338.24,373.77,0.08,0,518.64,0.11,-226,-0.05,5554.2,0.56,20
36,Exit long,2025-06-11 15:45,SL,3334.69,1,3338.95,-617.15,-0.13,0,224.55,0.05,-617.15,-0.13,4937.04,0.49,19
36,Entry long,2025-06-11 15:26,M1 scalp up,3338.95,1,3338.95,-617.15,-0.13,0,224.55,0.05,-617.15,-0.13,4937.04,0.49,19
37,Exit long,2025-06-11 17:07,SL,3327.71,1,3332.34,-670.76,-0.14,0,318.72,0.07,-670.76,-0.14,4266.29,0.43,76
37,Entry long,2025-06-11 15:51,M1 scalp up,3332.34,1,3332.34,-670.76,-0.14,0,318.72,0.07,-670.76,-0.14,4266.29,0.43,76
38,Exit short,2025-06-11 18:02,SL,3327.04,1,3323.28,-544.72,-0.11,0,204.27,0.04,-544.72,-0.11,3721.57,0.37,14
38,Entry short,2025-06-11 17:48,M1 scalp down,3323.28,1,3323.28,-544.72,-0.11,0,204.27,0.04,-544.72,-0.11,3721.57,0.37,14
39,Exit long,2025-06-11 20:28,TSL,3352.11,1,3347.04,734.5,0.15,0,879.37,0.18,-105.76,-0.02,4456.07,0.45,40
39,Entry long,2025-06-11 19:48,M1 scalp up,3347.04,1,3347.04,734.5,0.15,0,879.37,0.18,-105.76,-0.02,4456.07,0.45,40
40,Exit long,2025-06-11 22:02,TSL,3358.26,1,3351.57,966.86,0.20,0,1120.05,0.23,-7.24,0.00,5422.93,0.54,18
40,Entry long,2025-06-11 20:44,M1 scalp up,3351.57,1,3351.57,966.86,0.20,0,1120.05,0.23,-7.24,0.00,5422.93,0.54,18
41,Exit long,2025-06-12 15:13,SL,3378.78,1,3383.74,-716.83,-0.15,0,393.1,0.08,-716.83,-0.15,4706.09,0.47,10
41,Entry long,2025-06-12 15:03,M1 scalp up,3383.74,1,3383.74,-716.83,-0.15,0,393.1,0.08,-716.83,-0.15,4706.09,0.47,10
42,Exit long,2025-06-12 16:27,TSL,3389.33,1,3387.24,302.05,0.06,0,459.58,0.09,-411.89,-0.08,5008.15,0.50,28
42,Entry long,2025-06-12 15:59,M1 scalp up,3387.24,1,3387.24,302.05,0.06,0,459.58,0.09,-411.89,-0.08,5008.15,0.50,28
43,Exit long,2025-06-12 16:50,SL,3383.54,1,3387.64,-592.54,-0.12,0,163.31,0.03,-592.54,-0.12,4415.6,0.44,10
43,Entry long,2025-06-12 16:40,M1 scalp up,3387.64,1,3387.64,-592.54,-0.12,0,163.31,0.03,-592.54,-0.12,4415.6,0.44,10
44,Exit long,2025-06-12 17:20,SL,3379.21,1,3382.95,-540.52,-0.11,0,62.14,0.01,-540.52,-0.11,3875.09,0.39,11
44,Entry long,2025-06-12 17:09,M1 scalp up,3382.95,1,3382.95,-540.52,-0.11,0,62.14,0.01,-540.52,-0.11,3875.09,0.39,11
45,Exit long,2025-06-12 20:16,TSL,3388.32,3,10164.15,117.06,0.01,0,433.57,0.03,0,0.00,3992.15,0.40,3
45,Entry long,2025-06-12 20:13,M1 scalp up,3388.05,3,10164.15,117.06,0.01,0,433.57,0.03,0,0.00,3992.15,0.40,3
46,Exit long,2025-06-12 22:03,SL,3384.11,3,10157.22,-701.61,-0.05,0,424.9,0.03,-701.61,-0.05,3290.54,0.33,32
46,Entry long,2025-06-12 20:31,M1 scalp up,3385.74,3,10157.22,-701.61,-0.05,0,424.9,0.03,-701.61,-0.05,3290.54,0.33,32
47,Exit long,2025-06-13 15:58,TSL,3425.54,1,3423.47,297,0.06,0,440.48,0.09,-71.74,-0.01,3587.54,0.36,6
47,Entry long,2025-06-13 15:52,M1 scalp up,3423.47,1,3423.47,297,0.06,0,440.48,0.09,-71.74,-0.01,3587.54,0.36,6
48,Exit long,2025-06-13 16:11,SL,3419.87,1,3424.19,-619.83,-0.13,0,91.83,0.02,-619.83,-0.13,2967.71,0.30,3
48,Entry long,2025-06-13 16:08,M1 scalp up,3424.19,1,3424.19,-619.83,-0.13,0,91.83,0.02,-619.83,-0.13,2967.71,0.30,3
49,Exit long,2025-06-13 17:11,TSL,3431.22,1,3428.21,431.87,0.09,0,575.35,0.12,-43.04,-0.01,3399.58,0.34,21
49,Entry long,2025-06-13 16:50,M1 scalp up,3428.21,1,3428.21,431.87,0.09,0,575.35,0.12,-43.04,-0.01,3399.58,0.34,21
50,Exit long,2025-06-13 18:10,TSL,3433.75,1,3431,394.57,0.08,0,538.05,0.11,-507.92,-0.10,3794.15,0.38,44
50,Entry long,2025-06-13 17:26,M1 scalp up,3431,1,3431,394.57,0.08,0,538.05,0.11,-507.92,-0.10,3794.15,0.38,44
51,Exit long,2025-06-13 20:02,SL,3431.19,1,3434.18,-429,-0.09,0,208.04,0.04,-429,-0.09,3365.15,0.34,31
51,Entry long,2025-06-13 19:31,M1 scalp up,3434.18,1,3434.18,-429,-0.09,0,208.04,0.04,-429,-0.09,3365.15,0.34,31
52,Exit long,2025-06-13 20:16,TSL,3432.55,1,3430.31,321.39,0.07,0,464.87,0.09,-11.48,0.00,3686.54,0.37,7
52,Entry long,2025-06-13 20:09,M1 scalp up,3430.31,1,3430.31,321.39,0.07,0,464.87,0.09,-11.48,0.00,3686.54,0.37,7
53,Exit long,2025-06-13 20:43,TSL,3433.97,2,6864.3,522.26,0.05,0,688.7,0.07,-347.22,-0.04,4208.8,0.42,16
53,Entry long,2025-06-13 20:27,M1 scalp up,3432.15,2,6864.3,522.26,0.05,0,688.7,0.07,-347.22,-0.04,4208.8,0.42,16
54,Exit long,2025-06-13 20:57,TSL,3433.67,2,6863.76,513.65,0.05,0,657.13,0.07,-100.44,-0.01,4722.46,0.47,6
54,Entry long,2025-06-13 20:51,M1 scalp up,3431.88,2,6863.76,513.65,0.05,0,657.13,0.07,-100.44,-0.01,4722.46,0.47,6
55,Exit short,2025-06-16 15:52,TSL,3401.88,1,3403.92,293.91,0.06,0,437.99,0.09,-240.61,-0.05,5016.37,0.50,26
55,Entry short,2025-06-16 15:26,M1 scalp down,3403.92,1,3403.92,293.91,0.06,0,437.99,0.09,-240.61,-0.05,5016.37,0.50,26
56,Exit short,2025-06-16 16:12,TSL,3400.98,1,3404.98,576.3,0.12,0,720.38,0.15,-20.17,0.00,5592.67,0.56,15
56,Entry short,2025-06-16 15:57,M1 scalp down,3404.98,1,3404.98,576.3,0.12,0,720.38,0.15,-20.17,0.00,5592.67,0.56,15
57,Exit short,2025-06-16 17:25,TSL,3397.73,1,3400.12,344.34,0.07,0,488.41,0.10,-80.68,-0.02,5937.01,0.59,42
57,Entry short,2025-06-16 16:43,M1 scalp down,3400.12,1,3400.12,344.34,0.07,0,488.41,0.10,-80.68,-0.02,5937.01,0.59,42
58,Exit short,2025-06-16 19:53,SL,3388.21,1,3385.12,-445.19,-0.09,0,31.7,0.01,-445.19,-0.09,5491.82,0.55,20
58,Entry short,2025-06-16 19:33,M1 scalp down,3385.12,1,3385.12,-445.19,-0.09,0,31.7,0.01,-445.19,-0.09,5491.82,0.55,20
59,Exit short,2025-06-16 22:03,SL,3387.26,1,3384.59,-386.34,-0.08,0,182.98,0.04,-386.34,-0.08,5105.48,0.51,48
59,Entry short,2025-06-16 20:15,M1 scalp down,3384.59,1,3384.59,-386.34,-0.08,0,182.98,0.04,-386.34,-0.08,5105.48,0.51,48
60,Exit short,2025-06-17 13:38,TSL,3395.15,1,3395.7,79.58,0.02,0,603.38,0.12,-250.32,-0.05,5185.06,0.52,5
60,Entry short,2025-06-17 13:33,M1 scalp down,3395.7,1,3395.7,79.58,0.02,0,603.38,0.12,-250.32,-0.05,5185.06,0.52,5
61,Exit short,2025-06-17 16:27,SL,3382.27,1,3377.52,-687.31,-0.14,0,335.69,0.07,-687.31,-0.14,4497.76,0.45,31
61,Entry short,2025-06-17 15:56,M1 scalp down,3377.52,1,3377.52,-687.31,-0.14,0,335.69,0.07,-687.31,-0.14,4497.76,0.45,31
62,Exit short,2025-06-17 16:50,SL,3384.9,1,3381.92,-431.19,-0.09,0,272.03,0.06,-431.19,-0.09,4066.56,0.41,6
62,Entry short,2025-06-17 16:44,M1 scalp down,3381.92,1,3381.92,-431.19,-0.09,0,272.03,0.06,-431.19,-0.09,4066.56,0.41,6
63,Exit short,2025-06-17 17:15,SL,3388.16,1,3384.18,-575.89,-0.12,0,209.81,0.04,-575.89,-0.12,3490.67,0.35,7
63,Entry short,2025-06-17 17:08,M1 scalp down,3384.18,1,3384.18,-575.89,-0.12,0,209.81,0.04,-575.89,-0.12,3490.67,0.35,7
64,Exit short,2025-06-17 18:53,TSL,3386.41,1,3390.13,538.27,0.11,0,682.97,0.14,-347.27,-0.07,4028.94,0.40,85
64,Entry short,2025-06-17 17:28,M1 scalp down,3390.13,1,3390.13,538.27,0.11,0,682.97,0.14,-347.27,-0.07,4028.94,0.40,85
65,Exit short,2025-06-17 20:47,SL,3388.18,1,3385.52,-384.89,-0.08,0,341.48,0.07,-384.89,-0.08,3644.05,0.36,75
65,Entry short,2025-06-17 19:32,M1 scalp down,3385.52,1,3385.52,-384.89,-0.08,0,341.48,0.07,-384.89,-0.08,3644.05,0.36,75
66,Exit long,2025-06-18 14:02,SL,3387.89,1,3392.4,-655.09,-0.13,0,185.92,0.04,-655.09,-0.13,2988.96,0.30,19
66,Entry long,2025-06-18 13:43,M1 scalp up,3392.4,1,3392.4,-655.09,-0.13,0,185.92,0.04,-655.09,-0.13,2988.96,0.30,19
67,Exit short,2025-06-18 15:18,TSL,3383.17,1,3388.41,761.13,0.15,0,906.38,0.18,-140.9,-0.03,3750.09,0.38,15
67,Entry short,2025-06-18 15:03,M1 scalp down,3388.41,1,3388.41,761.13,0.15,0,906.38,0.18,-140.9,-0.03,3750.09,0.38,15
68,Exit short,2025-06-18 15:56,SL,3392.28,1,3387.88,-639.11,-0.13,0,203.35,0.04,-639.11,-0.13,3110.97,0.31,33
68,Entry short,2025-06-18 15:23,M1 scalp down,3387.88,1,3387.88,-639.11,-0.13,0,203.35,0.04,-639.11,-0.13,3110.97,0.31,33
69,Exit long,2025-06-18 17:35,SL,3387.83,1,3391.07,-470.62,-0.10,0,306.48,0.06,-470.62,-0.10,2640.35,0.26,86
69,Entry long,2025-06-18 16:09,M1 scalp up,3391.07,1,3391.07,-470.62,-0.10,0,306.48,0.06,-470.62,-0.10,2640.35,0.26,86
70,Exit short,2025-06-18 22:01,SL,3370.71,1,3366.37,-629.75,-0.13,0,316.65,0.06,-629.75,-0.13,2010.6,0.20,39
70,Entry short,2025-06-18 20:22,M1 scalp down,3366.37,1,3366.37,-629.75,-0.13,0,316.65,0.06,-629.75,-0.13,2010.6,0.20,39
71,Exit short,2025-06-19 13:37,TSL,3366.22,1,3366.22,0,0.00,0,0,0.00,0,0.00,2010.6,0.20,0
71,Entry short,2025-06-19 13:37,M1 scalp down,3366.22,1,3366.22,0,0.00,0,0,0.00,0,0.00,2010.6,0.20,0
72,Exit short,2025-06-19 13:49,SL,3370.53,1,3365.54,-724.07,-0.15,0,11.61,0.00,-724.07,-0.15,1286.53,0.13,9
72,Entry short,2025-06-19 13:40,M1 scalp down,3365.54,1,3365.54,-724.07,-0.15,0,11.61,0.00,-724.07,-0.15,1286.53,0.13,9
73,Exit short,2025-06-19 14:24,TSL,3365.15,1,3369.13,577.51,0.12,0,722.62,0.15,-21.77,0.00,1864.05,0.19,5
73,Entry short,2025-06-19 14:19,M1 scalp down,3369.13,1,3369.13,577.51,0.12,0,722.62,0.15,-21.77,0.00,1864.05,0.19,5
74,Exit short,2025-06-19 15:12,TSL,3365.6,1,3365.3,-43.53,-0.01,0,444.02,0.09,-465.78,-0.10,1820.52,0.18,33
74,Entry short,2025-06-19 14:39,M1 scalp down,3365.3,1,3365.3,-43.53,-0.01,0,444.02,0.09,-465.78,-0.10,1820.52,0.18,33
75,Exit short,2025-06-19 15:55,SL,3371.46,1,3367.1,-632.65,-0.13,0,236.52,0.05,-632.65,-0.13,1187.86,0.12,37
75,Entry short,2025-06-19 15:18,M1 scalp down,3367.1,1,3367.1,-632.65,-0.13,0,236.52,0.05,-632.65,-0.13,1187.86,0.12,37
76,Exit short,2025-06-19 16:10,TSL,3368.28,1,3370.3,293.11,0.06,0,438.21,0.09,-71.1,-0.01,1480.97,0.15,12
76,Entry short,2025-06-19 15:58,M1 scalp down,3370.3,1,3370.3,293.11,0.06,0,438.21,0.09,-71.1,-0.01,1480.97,0.15,12
77,Exit short,2025-06-19 16:24,SL,3371.41,1,3368.67,-397.58,-0.08,0,0,0.00,-397.58,-0.08,1083.39,0.11,3
77,Entry short,2025-06-19 16:21,M1 scalp down,3368.67,1,3368.67,-397.58,-0.08,0,0,0.00,-397.58,-0.08,1083.39,0.11,3
78,Exit short,2025-06-19 17:03,SL,3371.8,2,6738.6,-725.52,-0.07,0,0,0.00,-725.52,-0.07,357.87,0.04,19
78,Entry short,2025-06-19 16:44,M1 scalp down,3369.3,2,6738.6,-725.52,-0.07,0,0,0.00,-725.52,-0.07,357.87,0.04,19
79,Exit long,2025-06-20 16:46,TSL,3372.38,1,3369.33,443.61,0.09,0,589.06,0.12,-494.52,-0.10,801.48,0.08,99
79,Entry long,2025-06-20 15:07,M1 scalp up,3369.33,1,3369.33,443.61,0.09,0,589.06,0.12,-494.52,-0.10,801.48,0.08,99
80,Exit long,2025-06-20 17:31,SL,3369.25,2,6742.68,-607.97,-0.06,0,203.63,0.02,-607.97,-0.06,193.51,0.02,39
80,Entry long,2025-06-20 16:52,M1 scalp up,3371.34,2,6742.68,-607.97,-0.06,0,203.63,0.02,-607.97,-0.06,193.51,0.02,39
81,Exit long,2025-06-20 17:57,SL,3366.7,2,6737.12,-541.06,-0.06,0,20.36,0.00,-541.06,-0.06,-347.55,-0.03,4
81,Entry long,2025-06-20 17:53,M1 scalp up,3368.56,2,6737.12,-541.06,-0.06,0,20.36,0.00,-541.06,-0.06,-347.55,-0.03,4
82,Exit long,2025-06-20 19:36,SL,3367.23,2,6738,-514.88,-0.05,0,78.54,0.01,-514.88,-0.05,-862.43,-0.09,3
82,Entry long,2025-06-20 19:33,M1 scalp up,3369,2,6738,-514.88,-0.05,0,78.54,0.01,-514.88,-0.05,-862.43,-0.09,3
83,Exit short,2025-06-20 20:20,SL,3367.68,3,10098.27,-693.78,-0.05,0,39.27,0.00,-693.78,-0.05,-1556.22,-0.16,2
83,Entry short,2025-06-20 20:18,M1 scalp down,3366.09,3,10098.27,-693.78,-0.05,0,39.27,0.00,-693.78,-0.05,-1556.22,-0.16,2
84,Exit long,2025-06-22 22:01,TSL,3391.35,2,6735.44,6902.84,0.70,0,7165.75,0.73,0,0.00,5346.63,0.53,20
84,Entry long,2025-06-20 20:41,M1 scalp up,3367.72,2,6735.44,6902.84,0.70,0,7165.75,0.73,0,0.00,5346.63,0.53,20
85,Exit long,2025-06-23 15:18,TSL,3388.08,1,3385.28,408.97,0.08,0,555.03,0.11,-73.03,-0.01,5755.6,0.58,6
85,Entry long,2025-06-23 15:12,M1 scalp up,3385.28,1,3385.28,408.97,0.08,0,555.03,0.11,-73.03,-0.01,5755.6,0.58,6
86,Exit long,2025-06-23 16:19,TSL,3389.88,1,3387.09,407.51,0.08,0,553.57,0.11,-166.51,-0.03,6163.11,0.62,51
86,Entry long,2025-06-23 15:28,M1 scalp up,3387.09,1,3387.09,407.51,0.08,0,553.57,0.11,-166.51,-0.03,6163.11,0.62,51
87,Exit long,2025-06-23 16:41,SL,3386.21,1,3389.52,-483.46,-0.10,0,40.9,0.01,-483.46,-0.10,5679.65,0.57,2
87,Entry long,2025-06-23 16:39,M1 scalp up,3389.52,1,3389.52,-483.46,-0.10,0,40.9,0.01,-483.46,-0.10,5679.65,0.57,2
88,Exit long,2025-06-23 17:58,TSL,3382.53,1,3380.49,297.96,0.06,0,444.03,0.09,0,0.00,5977.61,0.60,12
88,Entry long,2025-06-23 17:46,M1 scalp up,3380.49,1,3380.49,297.96,0.06,0,444.03,0.09,0,0.00,5977.61,0.60,12
89,Exit long,2025-06-23 19:37,TSL,3381.18,2,6760.2,315.49,0.03,0,461.55,0.05,-78.87,-0.01,6293.1,0.63,5
89,Entry long,2025-06-23 19:32,M1 scalp up,3380.1,2,6760.2,315.49,0.03,0,461.55,0.05,-78.87,-0.01,6293.1,0.63,5
90,Exit long,2025-06-23 19:53,SL,3377.6,2,6759.64,-648.51,-0.07,0,26.29,0.00,-648.51,-0.07,5644.59,0.56,9
90,Entry long,2025-06-23 19:44,M1 scalp up,3379.82,2,6759.64,-648.51,-0.07,0,26.29,0.00,-648.51,-0.07,5644.59,0.56,9
91,Exit long,2025-06-23 20:15,SL,3373.44,1,3376.29,-416.27,-0.08,0,121.23,0.02,-416.27,-0.08,5228.32,0.52,15
91,Entry long,2025-06-23 20:00,M1 scalp up,3376.29,1,3376.29,-416.27,-0.08,0,121.23,0.02,-416.27,-0.08,5228.32,0.52,15
92,Exit long,2025-06-23 20:30,SL,3370.94,1,3373.45,-366.61,-0.07,0,7.3,0.00,-366.61,-0.07,4861.7,0.49,9
92,Entry long,2025-06-23 20:21,M1 scalp up,3373.45,1,3373.45,-366.61,-0.07,0,7.3,0.00,-366.61,-0.07,4861.7,0.49,9
93,Exit short,2025-06-24 15:20,SL,3306.64,1,3302.45,-612.27,-0.13,0,74.52,0.02,-612.27,-0.13,4249.43,0.42,4
93,Entry short,2025-06-24 15:16,M1 scalp down,3302.45,1,3302.45,-612.27,-0.13,0,74.52,0.02,-612.27,-0.13,4249.43,0.42,4
94,Exit short,2025-06-24 15:27,SL,3310.8,1,3306.52,-625.42,-0.13,0,19,0.00,-625.42,-0.13,3624.01,0.36,2
94,Entry short,2025-06-24 15:25,M1 scalp down,3306.52,1,3306.52,-625.42,-0.13,0,19,0.00,-625.42,-0.13,3624.01,0.36,2
95,Exit short,2025-06-24 16:41,SL,3315.93,1,3313.1,-413.54,-0.09,0,238.19,0.05,-413.54,-0.09,3210.47,0.32,20
95,Entry short,2025-06-24 16:21,M1 scalp down,3313.1,1,3313.1,-413.54,-0.09,0,238.19,0.05,-413.54,-0.09,3210.47,0.32,20
96,Exit short,2025-06-24 18:16,TSL,3316.69,1,3318.75,301.02,0.06,0,447.15,0.09,-362.39,-0.07,3511.49,0.35,82
96,Entry short,2025-06-24 16:54,M1 scalp down,3318.75,1,3318.75,301.02,0.06,0,447.15,0.09,-362.39,-0.07,3511.49,0.35,82
97,Exit short,2025-06-24 22:55,TSL,3321.94,1,3324.07,308.61,0.06,0,453.5,0.09,-172.42,-0.04,3820.1,0.38,114
97,Entry short,2025-06-24 20:01,M1 scalp down,3324.07,1,3324.07,308.61,0.06,0,453.5,0.09,-172.42,-0.04,3820.1,0.38,114
98,Exit short,2025-06-25 14:05,SL,3319.1,1,3314.87,-612.88,-0.13,0,353.53,0.07,-612.88,-0.13,3207.22,0.32,20
98,Entry short,2025-06-25 13:45,M1 scalp down,3314.87,1,3314.87,-612.88,-0.13,0,353.53,0.07,-612.88,-0.13,3207.22,0.32,20
99,Exit short,2025-06-25 14:51,SL,3324.91,1,3320.41,-652,-0.14,0,234.72,0.05,-652,-0.14,2555.22,0.26,40
99,Entry short,2025-06-25 14:11,M1 scalp down,3320.41,1,3320.41,-652,-0.14,0,234.72,0.05,-652,-0.14,2555.22,0.26,40
100,Exit short,2025-06-25 15:34,TSL,3322.66,1,3324.86,318.76,0.07,0,463.64,0.10,-153.58,-0.03,2873.98,0.29,26
100,Entry short,2025-06-25 15:08,M1 scalp down,3324.86,1,3324.86,318.76,0.07,0,463.64,0.10,-153.58,-0.03,2873.98,0.29,26
101,Exit short,2025-06-25 15:57,SL,3326.88,1,3324.37,-363.67,-0.08,0,49.26,0.01,-363.67,-0.08,2510.31,0.25,18
101,Entry short,2025-06-25 15:39,M1 scalp down,3324.37,1,3324.37,-363.67,-0.08,0,49.26,0.01,-363.67,-0.08,2510.31,0.25,18
102,Exit short,2025-06-25 16:30,SL,3329.69,1,3326.62,-444.81,-0.09,0,140.54,0.03,-444.81,-0.09,2065.5,0.21,26
102,Entry short,2025-06-25 16:04,M1 scalp down,3326.62,1,3326.62,-444.81,-0.09,0,140.54,0.03,-444.81,-0.09,2065.5,0.21,26
103,Exit short,2025-06-25 17:30,TSL,3329.73,1,3334.03,623.02,0.13,0,767.91,0.16,-198.5,-0.04,2688.52,0.27,39
103,Entry short,2025-06-25 16:51,M1 scalp down,3334.03,1,3334.03,623.02,0.13,0,767.91,0.16,-198.5,-0.04,2688.52,0.27,39
104,Exit short,2025-06-25 18:53,SL,3330.7,1,3327.89,-407.14,-0.08,0,237.62,0.05,-407.14,-0.08,2281.38,0.23,60
104,Entry short,2025-06-25 17:53,M1 scalp down,3327.89,1,3327.89,-407.14,-0.08,0,237.62,0.05,-407.14,-0.08,2281.38,0.23,60
105,Exit long,2025-06-25 19:50,SL,3332.43,2,6668.4,-512.91,-0.05,0,8.69,0.00,-512.91,-0.05,1768.48,0.18,0
105,Entry long,2025-06-25 19:50,M1 scalp up,3334.2,2,6668.4,-512.91,-0.05,0,8.69,0.00,-512.91,-0.05,1768.48,0.18,0
106,Exit short,2025-06-26 14:59,TSL,3317.86,1,3319.95,303.39,0.06,0,448.55,0.09,-68.23,-0.01,2071.86,0.21,5
106,Entry short,2025-06-26 14:54,M1 scalp down,3319.95,1,3319.95,303.39,0.06,0,448.55,0.09,-68.23,-0.01,2071.86,0.21,5
107,Exit short,2025-06-26 15:51,SL,3324.32,1,3319.98,-630,-0.13,0,2.9,0.00,-630,-0.13,1441.86,0.14,50
107,Entry short,2025-06-26 15:01,M1 scalp down,3319.98,1,3319.98,-630,-0.13,0,2.9,0.00,-630,-0.13,1441.86,0.14,50
108,Exit short,2025-06-26 16:20,SL,3327.3,1,3324.57,-396.29,-0.08,0,107.42,0.02,-396.29,-0.08,1045.57,0.10,23
108,Entry short,2025-06-26 15:57,M1 scalp down,3324.57,1,3324.57,-396.29,-0.08,0,107.42,0.02,-396.29,-0.08,1045.57,0.10,23
109,Exit short,2025-06-26 17:21,SL,3333.99,1,3331.24,-399.2,-0.08,0,180,0.04,-399.2,-0.08,646.37,0.06,47
109,Entry short,2025-06-26 16:34,M1 scalp down,3331.24,1,3331.24,-399.2,-0.08,0,180,0.04,-399.2,-0.08,646.37,0.06,47
110,Exit long,2025-06-26 18:00,SL,3331.81,2,6668.14,-656.13,-0.07,0,153.87,0.02,-656.13,-0.07,-9.76,0.00,5
110,Entry long,2025-06-26 17:55,M1 scalp up,3334.07,2,6668.14,-656.13,-0.07,0,153.87,0.02,-656.13,-0.07,-9.76,0.00,5
111,Exit short,2025-06-26 19:50,TSL,3329.77,2,6661.98,354.2,0.04,0,499.36,0.05,-145.16,-0.02,344.44,0.03,14
111,Entry short,2025-06-26 19:36,M1 scalp down,3330.99,2,6661.98,354.2,0.04,0,499.36,0.05,-145.16,-0.02,344.44,0.03,14
112,Exit short,2025-06-26 20:25,TSL,3329.64,2,6661.86,374.52,0.04,0,519.68,0.05,-423.87,-0.04,718.96,0.07,26
112,Entry short,2025-06-26 19:59,M1 scalp down,3330.93,2,6661.86,374.52,0.04,0,519.68,0.05,-423.87,-0.04,718.96,0.07,26
113,Exit short,2025-06-27 16:30,SL,3278.51,1,3273.97,-655.34,-0.14,0,425.82,0.09,-655.34,-0.14,63.62,0.01,67
113,Entry short,2025-06-27 15:23,M1 scalp down,3273.97,1,3273.97,-655.34,-0.14,0,425.82,0.09,-655.34,-0.14,63.62,0.01,67
114,Exit short,2025-06-27 16:57,SL,3277.7,2,6550.54,-701.53,-0.07,0,262.71,0.03,-701.53,-0.07,-637.91,-0.06,10
114,Entry short,2025-06-27 16:47,M1 scalp down,3275.27,2,6550.54,-701.53,-0.07,0,262.71,0.03,-701.53,-0.07,-637.91,-0.06,10
115,Exit short,2025-06-27 17:25,TSL,3274.86,2,6552.4,386.85,0.04,0,626.47,0.07,-210.75,-0.02,-251.06,-0.03,10
115,Entry short,2025-06-27 17:15,M1 scalp down,3276.2,2,6552.4,386.85,0.04,0,626.47,0.07,-210.75,-0.02,-251.06,-0.03,10
116,Exit short,2025-06-27 17:47,SL,3277.46,1,3274.81,-382.52,-0.08,0,0,0.00,-382.52,-0.08,-633.58,-0.06,1
116,Entry short,2025-06-27 17:46,M1 scalp down,3274.81,1,3274.81,-382.52,-0.08,0,0,0.00,-382.52,-0.08,-633.58,-0.06,1
117,Exit short,2025-06-27 20:15,SL,3274.16,1,3271.62,-366.64,-0.08,0,287.25,0.06,-366.64,-0.08,-1000.22,-0.10,29
117,Entry short,2025-06-27 19:46,M1 scalp down,3271.62,1,3271.62,-366.64,-0.08,0,287.25,0.06,-366.64,-0.08,-1000.22,-0.10,29
118,Exit short,2025-06-27 20:56,SL,3275.28,2,6546.9,-528.31,-0.06,0,138.57,0.01,-528.31,-0.06,-1528.53,-0.15,17
118,Entry short,2025-06-27 20:39,M1 scalp down,3273.45,2,6546.9,-528.31,-0.06,0,138.57,0.01,-528.31,-0.06,-1528.53,-0.15,17
119,Exit short,2025-06-30 13:39,TSL,3279.03,1,3282.32,475.81,0.10,0,634.89,0.13,-2.89,0.00,-1052.72,-0.11,4
119,Entry short,2025-06-30 13:35,M1 scalp down,3282.32,1,3282.32,475.81,0.10,0,634.89,0.13,-2.89,0.00,-1052.72,-0.11,4
120,Exit short,2025-06-30 14:00,SL,3287.42,1,3283.07,-629.11,-0.13,0,76.65,0.02,-629.11,-0.13,-1681.83,-0.17,16
120,Entry short,2025-06-30 13:44,M1 scalp down,3283.07,1,3283.07,-629.11,-0.13,0,76.65,0.02,-629.11,-0.13,-1681.83,-0.17,16
121,Exit short,2025-06-30 14:35,SL,3289.51,1,3284.84,-675.39,-0.14,0,114.25,0.02,-675.39,-0.14,-2357.22,-0.24,10
121,Entry short,2025-06-30 14:25,M1 scalp down,3284.84,1,3284.84,-675.39,-0.14,0,114.25,0.02,-675.39,-0.14,-2357.22,-0.24,10
122,Exit short,2025-06-30 14:51,TSL,3286.07,1,3288.61,367.34,0.08,0,511.97,0.11,-88.22,-0.02,-1989.88,-0.20,9
122,Entry short,2025-06-30 14:42,M1 scalp down,3288.61,1,3288.61,367.34,0.08,0,511.97,0.11,-88.22,-0.02,-1989.88,-0.20,9
123,Exit short,2025-06-30 15:13,TSL,3286,1,3288.54,367.34,0.08,0,543.78,0.11,-238.63,-0.05,-1622.53,-0.16,11
123,Entry short,2025-06-30 15:02,M1 scalp down,3288.54,1,3288.54,367.34,0.08,0,543.78,0.11,-238.63,-0.05,-1622.53,-0.16,11
124,Exit short,2025-06-30 16:02,SL,3291.53,1,3287.99,-511.97,-0.11,0,282.01,0.06,-511.97,-0.11,-2134.5,-0.21,43
124,Entry short,2025-06-30 15:19,M1 scalp down,3287.99,1,3287.99,-511.97,-0.11,0,282.01,0.06,-511.97,-0.11,-2134.5,-0.21,43
125,Exit short,2025-06-30 16:15,SL,3293.9,1,3290.95,-426.64,-0.09,0,78.1,0.02,-426.64,-0.09,-2561.14,-0.26,9
125,Entry short,2025-06-30 16:06,M1 scalp down,3290.95,1,3290.95,-426.64,-0.09,0,78.1,0.02,-426.64,-0.09,-2561.14,-0.26,9
126,Exit long,2025-06-30 17:45,SL,3293.33,1,3295.88,-368.79,-0.08,0,260.32,0.05,-368.79,-0.08,-2929.92,-0.29,34
126,Entry long,2025-06-30 17:11,M1 scalp up,3295.88,1,3295.88,-368.79,-0.08,0,260.32,0.05,-368.79,-0.08,-2929.92,-0.29,34
127,Exit long,2025-06-30 18:09,TSL,3296.9,2,6587.48,914.02,0.10,0,1058.64,0.11,-477.26,-0.05,-2015.91,-0.20,19
127,Entry long,2025-06-30 17:50,M1 scalp up,3293.74,2,6587.48,914.02,0.10,0,1058.64,0.11,-477.26,-0.05,-2015.91,-0.20,19
128,Exit long,2025-06-30 19:58,TSL,3308.75,2,6612.56,714.44,0.07,0,859.06,0.09,-297.92,-0.03,-1301.47,-0.13,14
128,Entry long,2025-06-30 19:44,M1 scalp up,3306.28,2,6612.56,714.44,0.07,0,859.06,0.09,-297.92,-0.03,-1301.47,-0.13,14
129,Exit long,2025-06-30 20:17,TSL,3307.85,2,6614.84,124.38,0.01,0,549.57,0.06,-75.2,-0.01,-1177.09,-0.12,5
129,Entry long,2025-06-30 20:12,M1 scalp up,3307.42,2,6614.84,124.38,0.01,0,549.57,0.06,-75.2,-0.01,-1177.09,-0.12,5
130,Exit long,2025-06-30 20:34,SL,3305.12,2,6614.88,-671.05,-0.07,0,399.16,0.04,-671.05,-0.07,-1848.14,-0.18,14
130,Entry long,2025-06-30 20:20,M1 scalp up,3307.44,2,6614.88,-671.05,-0.07,0,399.16,0.04,-671.05,-0.07,-1848.14,-0.18,14
131,Exit long,2025-06-30 22:20,TSL,3305.5,2,6607.18,549.98,0.06,0,693.96,0.07,-430.98,-0.05,-1298.16,-0.13,37
131,Entry long,2025-06-30 20:43,M1 scalp up,3303.59,2,6607.18,549.98,0.06,0,693.96,0.07,-430.98,-0.05,-1298.16,-0.13,37
132,Exit long,2025-07-01 13:37,TSL,3349.31,1,3346.95,339.78,0.07,0,483.76,0.10,-179.97,-0.04,-958.38,-0.10,4
132,Entry long,2025-07-01 13:33,M1 scalp up,3346.95,1,3346.95,339.78,0.07,0,483.76,0.10,-179.97,-0.04,-958.38,-0.10,4
133,Exit long,2025-07-01 13:50,TSL,3348.88,1,3346.8,299.47,0.06,0,508.23,0.11,-332.58,-0.07,-658.91,-0.07,10
133,Entry long,2025-07-01 13:40,M1 scalp up,3346.8,1,3346.8,299.47,0.06,0,508.23,0.11,-332.58,-0.07,-658.91,-0.07,10
134,Exit long,2025-07-01 14:46,SL,3345.72,1,3349.84,-593.18,-0.12,0,247.64,0.05,-593.18,-0.12,-1252.09,-0.13,9
134,Entry long,2025-07-01 14:37,M1 scalp up,3349.84,1,3349.84,-593.18,-0.12,0,247.64,0.05,-593.18,-0.12,-1252.09,-0.13,9
135,Exit long,2025-07-01 15:15,SL,3342.17,1,3346.58,-634.93,-0.13,0,106.54,0.02,-634.93,-0.13,-1887.02,-0.19,27
135,Entry long,2025-07-01 14:48,M1 scalp up,3346.58,1,3346.58,-634.93,-0.13,0,106.54,0.02,-634.93,-0.13,-1887.02,-0.19,27
136,Exit long,2025-07-01 22:40,TSL,3342.77,1,3340.76,288.23,0.06,0,437.36,0.09,-587.92,-0.12,-1598.79,-0.16,373
136,Entry long,2025-07-01 15:27,M1 scalp up,3340.76,1,3340.76,288.23,0.06,0,437.36,0.09,-587.92,-0.12,-1598.79,-0.16,373
137,Exit long,2025-07-02 13:47,SL,3337.61,1,3341.97,-625.21,-0.13,0,367.09,0.08,-625.21,-0.13,-2224,-0.22,10
137,Entry long,2025-07-02 13:37,M1 scalp up,3341.97,1,3341.97,-625.21,-0.13,0,367.09,0.08,-625.21,-0.13,-2224,-0.22,10
138,Exit long,2025-07-02 14:28,TSL,3338.35,1,3336.43,275.32,0.06,0,440.23,0.09,-371.4,-0.08,-1948.68,-0.19,33
138,Entry long,2025-07-02 13:55,M1 scalp up,3336.43,1,3336.43,275.32,0.06,0,440.23,0.09,-371.4,-0.08,-1948.68,-0.19,33
139,Exit long,2025-07-02 14:47,TSL,3341.51,1,3337.82,529.13,0.11,0,672.53,0.14,-18.64,0.00,-1419.55,-0.14,4
139,Entry long,2025-07-02 14:43,M1 scalp up,3337.82,1,3337.82,529.13,0.11,0,672.53,0.14,-18.64,0.00,-1419.55,-0.14,4
140,Exit long,2025-07-02 15:17,SL,3339.19,1,3342.11,-418.72,-0.09,0,202.19,0.04,-418.72,-0.09,-1838.26,-0.18,8
140,Entry long,2025-07-02 15:09,M1 scalp up,3342.11,1,3342.11,-418.72,-0.09,0,202.19,0.04,-418.72,-0.09,-1838.26,-0.18,8
141,Exit long,2025-07-02 15:39,TSL,3342.25,1,3340.07,312.6,0.07,0,456,0.10,-196.45,-0.04,-1525.66,-0.15,14
141,Entry long,2025-07-02 15:25,M1 scalp up,3340.07,1,3340.07,312.6,0.07,0,456,0.10,-196.45,-0.04,-1525.66,-0.15,14
142,Exit long,2025-07-02 16:10,TSL,3346.18,1,3341.25,706.94,0.15,0,850.34,0.18,-216.53,-0.05,-818.72,-0.08,29
142,Entry long,2025-07-02 15:41,M1 scalp up,3341.25,1,3341.25,706.94,0.15,0,850.34,0.18,-216.53,-0.05,-818.72,-0.08,29
143,Exit long,2025-07-02 17:09,TSL,3349.42,1,3345.92,501.89,0.10,0,645.28,0.13,-240.91,-0.05,-316.83,-0.03,42
143,Entry long,2025-07-02 16:27,M1 scalp up,3345.92,1,3345.92,501.89,0.10,0,645.28,0.13,-240.91,-0.05,-316.83,-0.03,42
144,Exit long,2025-07-02 18:13,TSL,3350.97,2,6697.94,573.58,0.06,0,716.98,0.07,-450.26,-0.05,256.75,0.03,61
144,Entry long,2025-07-02 17:12,M1 scalp up,3348.97,2,6697.94,573.58,0.06,0,716.98,0.07,-450.26,-0.05,256.75,0.03,61
145,Exit long,2025-07-02 20:42,SL,3356.65,3,10074.9,-709.81,-0.05,0,339.85,0.02,-709.81,-0.05,-453.06,-0.05,24
145,Entry long,2025-07-02 20:18,M1 scalp up,3358.3,3,10074.9,-709.81,-0.05,0,339.85,0.02,-709.81,-0.05,-453.06,-0.05,24
146,Exit long,2025-07-02 22:01,TSL,3358.63,2,6712.22,723.95,0.08,0,867.59,0.09,-74.57,-0.01,270.89,0.03,12
146,Entry long,2025-07-02 20:49,M1 scalp up,3356.11,2,6712.22,723.95,0.08,0,867.59,0.09,-74.57,-0.01,270.89,0.03,12
147,Exit short,2025-07-03 15:21,SL,3329.47,1,3325.59,-557.32,-0.12,0,40.22,0.01,-557.32,-0.12,-286.44,-0.03,13
147,Entry short,2025-07-03 15:08,M1 scalp down,3325.59,1,3325.59,-557.32,-0.12,0,40.22,0.01,-557.32,-0.12,-286.44,-0.03,13
148,Exit short,2025-07-03 15:45,TSL,3327.87,1,3330.45,370.59,0.08,0,514.23,0.11,-5.75,0.00,84.16,0.01,16
148,Entry short,2025-07-03 15:29,M1 scalp down,3330.45,1,3330.45,370.59,0.08,0,514.23,0.11,-5.75,0.00,84.16,0.01,16
149,Exit short,2025-07-03 16:17,TSL,3326.52,2,6655.7,382.08,0.04,0,623.4,0.07,-224.08,-0.02,466.24,0.05,23
149,Entry short,2025-07-03 15:54,M1 scalp down,3327.85,2,6655.7,382.08,0.04,0,623.4,0.07,-224.08,-0.02,466.24,0.05,23
150,Exit short,2025-07-03 16:32,SL,3329.59,2,6654.94,-609.03,-0.06,0,20.11,0.00,-609.03,-0.06,-142.8,-0.01,5
150,Entry short,2025-07-03 16:27,M1 scalp down,3327.47,2,6654.94,-609.03,-0.06,0,20.11,0.00,-609.03,-0.06,-142.8,-0.01,5
151,Exit short,2025-07-03 17:38,TSL,3329.79,2,6666.54,999.73,0.10,0,1238.18,0.13,-456.78,-0.05,856.94,0.09,52
151,Entry short,2025-07-03 16:46,M1 scalp down,3333.27,2,6666.54,999.73,0.10,0,1238.18,0.13,-456.78,-0.05,856.94,0.09,52
152,Exit short,2025-07-04 13:44,SL,3337.7,2,6670.64,-689.77,-0.07,0,269.53,0.03,-689.77,-0.07,167.17,0.02,8
152,Entry short,2025-07-04 13:36,M1 scalp down,3335.32,2,6670.64,-689.77,-0.07,0,269.53,0.03,-689.77,-0.07,167.17,0.02,8
153,Exit short,2025-07-06 22:00,SL,3336.04,1,3333.34,-390.14,-0.08,0,363.72,0.08,-390.14,-0.08,-222.97,-0.02,137
153,Entry short,2025-07-04 14:23,M1 scalp down,3333.34,1,3333.34,-390.14,-0.08,0,363.72,0.08,-390.14,-0.08,-222.97,-0.02,137
154,Exit short,2025-07-07 13:53,SL,3315.13,1,3310.37,-687.81,-0.14,0,160.39,0.03,-687.81,-0.14,-910.78,-0.09,9
154,Entry short,2025-07-07 13:44,M1 scalp down,3310.37,1,3310.37,-687.81,-0.14,0,160.39,0.03,-687.81,-0.14,-910.78,-0.09,9
155,Exit short,2025-07-07 14:53,SL,3320.96,1,3316.97,-576.55,-0.12,0,395.92,0.08,-576.55,-0.12,-1487.33,-0.15,41
155,Entry short,2025-07-07 14:12,M1 scalp down,3316.97,1,3316.97,-576.55,-0.12,0,395.92,0.08,-576.55,-0.12,-1487.33,-0.15,41
156,Exit short,2025-07-07 15:45,SL,3321.47,1,3318.82,-382.92,-0.08,0,212.41,0.04,-382.92,-0.08,-1870.25,-0.19,30
156,Entry short,2025-07-07 15:15,M1 scalp down,3318.82,1,3318.82,-382.92,-0.08,0,212.41,0.04,-382.92,-0.08,-1870.25,-0.19,30
157,Exit short,2025-07-07 16:20,SL,3323.48,2,6642.76,-606.89,-0.06,0,375.69,0.04,-606.89,-0.06,-2477.14,-0.25,26
157,Entry short,2025-07-07 15:54,M1 scalp down,3321.38,2,6642.76,-606.89,-0.06,0,375.69,0.04,-606.89,-0.06,-2477.14,-0.25,26
158,Exit short,2025-07-07 17:01,SL,3328.41,1,3324.29,-595.33,-0.12,0,101.15,0.02,-595.33,-0.12,-3072.47,-0.31,36
158,Entry short,2025-07-07 16:25,M1 scalp down,3324.29,1,3324.29,-595.33,-0.12,0,101.15,0.02,-595.33,-0.12,-3072.47,-0.31,36
159,Exit long,2025-07-07 17:38,TSL,3334.81,1,3332.39,349.69,0.07,0,494.18,0.10,-2.89,0.00,-2722.79,-0.27,7
159,Entry long,2025-07-07 17:31,M1 scalp up,3332.39,1,3332.39,349.69,0.07,0,494.18,0.10,-2.89,0.00,-2722.79,-0.27,7
160,Exit long,2025-07-07 18:03,SL,3330.36,1,3333.23,-414.71,-0.09,0,104.04,0.02,-414.71,-0.09,-3137.5,-0.31,20
160,Entry long,2025-07-07 17:43,M1 scalp up,3333.23,1,3333.23,-414.71,-0.09,0,104.04,0.02,-414.71,-0.09,-3137.5,-0.31,20
161,Exit long,2025-07-07 19:58,SL,3336.79,2,6677.28,-534.64,-0.06,0,367.02,0.04,-534.64,-0.06,-3672.14,-0.37,8
161,Entry long,2025-07-07 19:50,M1 scalp up,3338.64,2,6677.28,-534.64,-0.06,0,367.02,0.04,-534.64,-0.06,-3672.14,-0.37,8
162,Exit long,2025-07-07 22:02,TSL,3340.58,2,6673.5,1118.82,0.11,0,1264.88,0.13,-387.25,-0.04,-2553.32,-0.26,58
162,Entry long,2025-07-07 20:04,M1 scalp up,3336.75,2,6673.5,1118.82,0.11,0,1264.88,0.13,-387.25,-0.04,-2553.32,-0.26,58
163,Exit short,2025-07-08 13:38,TSL,3324.32,1,3325.89,229.31,0.05,0,442.56,0.09,-61.35,-0.01,-2324.01,-0.23,4
163,Entry short,2025-07-08 13:34,M1 scalp down,3325.89,1,3325.89,229.31,0.05,0,442.56,0.09,-61.35,-0.01,-2324.01,-0.23,4
164,Exit short,2025-07-08 17:01,SL,3302.14,1,3297.71,-647.05,-0.13,0,267.29,0.06,-647.05,-0.13,-2971.05,-0.30,78
164,Entry short,2025-07-08 15:43,M1 scalp down,3297.71,1,3297.71,-647.05,-0.13,0,267.29,0.06,-647.05,-0.13,-2971.05,-0.30,78
165,Exit short,2025-07-08 17:27,SL,3309.85,1,3305.88,-579.86,-0.12,0,188.42,0.04,-579.86,-0.12,-3550.91,-0.36,8
165,Entry short,2025-07-08 17:19,M1 scalp down,3305.88,1,3305.88,-579.86,-0.12,0,188.42,0.04,-579.86,-0.12,-3550.91,-0.36,8
166,Exit short,2025-07-08 19:46,SL,3305.61,3,9912.03,-701.09,-0.05,0,210.33,0.01,-701.09,-0.05,-4252,-0.43,15
166,Entry short,2025-07-08 19:31,M1 scalp down,3304.01,3,9912.03,-701.09,-0.05,0,210.33,0.01,-701.09,-0.05,-4252,-0.43,15
167,Exit short,2025-07-08 20:36,TSL,3301.78,2,6606.56,438.18,0.05,0,584.24,0.06,-122.69,-0.01,-3813.82,-0.38,26
167,Entry short,2025-07-08 20:10,M1 scalp down,3303.28,2,6606.56,438.18,0.05,0,584.24,0.06,-122.69,-0.01,-3813.82,-0.38,26
168,Exit short,2025-07-08 22:00,SL,3303.04,2,6602.68,-498.22,-0.05,0,46.74,0.00,-498.22,-0.05,-4312.04,-0.43,4
168,Entry short,2025-07-08 20:56,M1 scalp down,3301.34,2,6602.68,-498.22,-0.05,0,46.74,0.00,-498.22,-0.05,-4312.04,-0.43,4
169,Exit short,2025-07-09 13:41,TSL,3292.92,1,3298.66,841.11,0.17,0,987.65,0.20,-58.61,-0.01,-3470.93,-0.35,7
169,Entry short,2025-07-09 13:34,M1 scalp down,3298.66,1,3298.66,841.11,0.17,0,987.65,0.20,-58.61,-0.01,-3470.93,-0.35,7
170,Exit short,2025-07-09 14:34,SL,3310.3,1,3305.98,-633.03,-0.13,0,142.14,0.03,-633.03,-0.13,-4103.96,-0.41,19
170,Entry short,2025-07-09 14:15,M1 scalp down,3305.98,1,3305.98,-633.03,-0.13,0,142.14,0.03,-633.03,-0.13,-4103.96,-0.41,19
171,Exit long,2025-07-09 14:56,TSL,3311.83,1,3309.43,351.68,0.07,0,498.22,0.10,-70.34,-0.01,-3752.27,-0.38,7
171,Entry long,2025-07-09 14:49,M1 scalp up,3309.43,1,3309.43,351.68,0.07,0,498.22,0.10,-70.34,-0.01,-3752.27,-0.38,7
172,Exit long,2025-07-09 15:10,SL,3307.93,1,3310.95,-442.54,-0.09,0,19.05,0.00,-442.54,-0.09,-4194.81,-0.42,4
172,Entry long,2025-07-09 15:06,M1 scalp up,3310.95,1,3310.95,-442.54,-0.09,0,19.05,0.00,-442.54,-0.09,-4194.81,-0.42,4
173,Exit long,2025-07-09 16:14,TSL,3310.91,1,3308.81,307.72,0.06,0,454.26,0.09,-136.28,-0.03,-3887.09,-0.39,10
173,Entry long,2025-07-09 16:04,M1 scalp up,3308.81,1,3308.81,307.72,0.06,0,454.26,0.09,-136.28,-0.03,-3887.09,-0.39,10
174,Exit long,2025-07-09 16:48,TSL,3312.77,2,6622.98,375.13,0.04,0,536.32,0.06,-143.6,-0.01,-3511.96,-0.35,4
174,Entry long,2025-07-09 16:44,M1 scalp up,3311.49,2,6622.98,375.13,0.04,0,536.32,0.06,-143.6,-0.01,-3511.96,-0.35,4
175,Exit long,2025-07-09 17:04,SL,3310.16,2,6624,-539.25,-0.06,0,23.45,0.00,-539.25,-0.06,-4051.2,-0.41,5
175,Entry long,2025-07-09 16:59,M1 scalp up,3312,2,6624,-539.25,-0.06,0,23.45,0.00,-539.25,-0.06,-4051.2,-0.41,5
176,Exit long,2025-07-09 17:56,SL,3309.57,2,6623.94,-703.37,-0.07,0,316.52,0.03,-703.37,-0.07,-4754.57,-0.48,34
176,Entry long,2025-07-09 17:22,M1 scalp up,3311.97,2,6623.94,-703.37,-0.07,0,316.52,0.03,-703.37,-0.07,-4754.57,-0.48,34
177,Exit long,2025-07-09 20:10,SL,3313.26,2,6630.26,-548.04,-0.06,0,213.94,0.02,-548.04,-0.06,-5302.61,-0.53,23
177,Entry long,2025-07-09 19:47,M1 scalp up,3315.13,2,6630.26,-548.04,-0.06,0,213.94,0.02,-548.04,-0.06,-5302.61,-0.53,23
178,Exit long,2025-07-09 22:02,TSL,3314.64,2,6626.06,471.1,0.05,0,722.75,0.07,-495.29,-0.05,-4831.51,-0.48,45
178,Entry long,2025-07-09 20:17,M1 scalp up,3313.03,2,6626.06,471.1,0.05,0,722.75,0.07,-495.29,-0.05,-4831.51,-0.48,45
179,Exit long,2025-07-10 13:38,TSL,3325.91,1,3323.59,339.43,0.07,0,485.73,0.10,-228.24,-0.05,-4492.08,-0.45,7
179,Entry long,2025-07-10 13:31,M1 scalp up,3323.59,1,3323.59,339.43,0.07,0,485.73,0.10,-228.24,-0.05,-4492.08,-0.45,7
180,Exit long,2025-07-10 13:47,SL,3317.92,1,3322.73,-703.73,-0.14,0,38.04,0.01,-703.73,-0.14,-5195.81,-0.52,3
180,Entry long,2025-07-10 13:44,M1 scalp up,3322.73,1,3322.73,-703.73,-0.14,0,38.04,0.01,-703.73,-0.14,-5195.81,-0.52,3
181,Exit long,2025-07-10 15:23,TSL,3319.81,1,3317.23,377.47,0.08,0,531.09,0.11,-633.5,-0.13,-4818.34,-0.48,59
181,Entry long,2025-07-10 14:24,M1 scalp up,3317.23,1,3317.23,377.47,0.08,0,531.09,0.11,-633.5,-0.13,-4818.34,-0.48,59
182,Exit long,2025-07-10 16:17,SL,3317.5,2,6639.96,-725.67,-0.07,0,283.83,0.03,-725.67,-0.07,-5544.02,-0.55,42
182,Entry long,2025-07-10 15:35,M1 scalp up,3319.98,2,6639.96,-725.67,-0.07,0,283.83,0.03,-725.67,-0.07,-5544.02,-0.55,42
183,Exit long,2025-07-10 16:30,SL,3315.28,2,6634.24,-538.4,-0.06,0,242.87,0.03,-538.4,-0.06,-6082.42,-0.61,6
183,Entry long,2025-07-10 16:24,M1 scalp up,3317.12,2,6634.24,-538.4,-0.06,0,242.87,0.03,-538.4,-0.06,-6082.42,-0.61,6
184,Exit short,2025-07-10 17:05,SL,3316.62,2,6628.52,-690.56,-0.07,0,251.64,0.03,-690.56,-0.07,-6772.98,-0.68,15
184,Entry short,2025-07-10 16:50,M1 scalp down,3314.26,2,6628.52,-690.56,-0.07,0,251.64,0.03,-690.56,-0.07,-6772.98,-0.68,15
185,Exit long,2025-07-10 17:42,TSL,3317.9,2,6633.76,298.46,0.03,0,494.51,0.05,-117.04,-0.01,-6474.52,-0.65,16
185,Entry long,2025-07-10 17:26,M1 scalp up,3316.88,2,6633.76,298.46,0.03,0,494.51,0.05,-117.04,-0.01,-6474.52,-0.65,16
186,Exit long,2025-07-10 18:02,TSL,3318.53,3,9952.08,513.53,0.04,0,785.66,0.05,-416.97,-0.03,-5960.99,-0.60,8
186,Entry long,2025-07-10 17:54,M1 scalp up,3317.36,3,9952.08,513.53,0.04,0,785.66,0.05,-416.97,-0.03,-5960.99,-0.60,8
187,Exit long,2025-07-10 19:52,TSL,3324.74,2,6646.72,403.8,0.04,0,550.11,0.06,-96.56,-0.01,-5557.18,-0.56,13
187,Entry long,2025-07-10 19:39,M1 scalp up,3323.36,2,6646.72,403.8,0.04,0,550.11,0.06,-96.56,-0.01,-5557.18,-0.56,13
188,Exit long,2025-07-10 22:03,TSL,3325.23,2,6648.44,295.38,0.03,0,505.95,0.05,-298.46,-0.03,-5261.8,-0.53,57
188,Entry long,2025-07-10 20:06,M1 scalp up,3324.22,2,6648.44,295.38,0.03,0,505.95,0.05,-298.46,-0.03,-5261.8,-0.53,57
189,Exit long,2025-07-11 15:36,SL,3361.71,1,3365.32,-527.89,-0.11,0,77.5,0.02,-527.89,-0.11,-5789.69,-0.58,5
189,Entry long,2025-07-11 15:31,M1 scalp up,3365.32,1,3365.32,-527.89,-0.11,0,77.5,0.02,-527.89,-0.11,-5789.69,-0.58,5
190,Exit long,2025-07-11 16:06,SL,3356.6,1,3360.88,-625.86,-0.13,0,2.92,0.00,-625.86,-0.13,-6415.55,-0.64,22
190,Entry long,2025-07-11 15:44,M1 scalp up,3360.88,1,3360.88,-625.86,-0.13,0,2.92,0.00,-625.86,-0.13,-6415.55,-0.64,22
191,Exit long,2025-07-11 16:20,SL,3353.34,1,3357.09,-548.36,-0.11,0,19.01,0.00,-548.36,-0.11,-6963.91,-0.70,8
191,Entry long,2025-07-11 16:12,M1 scalp up,3357.09,1,3357.09,-548.36,-0.11,0,19.01,0.00,-548.36,-0.11,-6963.91,-0.70,8
192,Exit long,2025-07-11 17:10,SL,3350.59,1,3354.12,-516.19,-0.11,0,330.48,0.07,-516.19,-0.11,-7480.1,-0.75,47
192,Entry long,2025-07-11 16:23,M1 scalp up,3354.12,1,3354.12,-516.19,-0.11,0,330.48,0.07,-516.19,-0.11,-7480.1,-0.75,47
193,Exit long,2025-07-11 18:08,TSL,3355.14,1,3351.54,526.42,0.11,0,672.65,0.14,-334.86,-0.07,-6953.67,-0.70,40
193,Entry long,2025-07-11 17:28,M1 scalp up,3351.54,1,3351.54,526.42,0.11,0,672.65,0.14,-334.86,-0.07,-6953.67,-0.70,40
194,Exit long,2025-07-11 20:00,SL,3355.87,2,6715.78,-590.77,-0.06,0,412.37,0.04,-590.77,-0.06,-7544.44,-0.75,19
194,Entry long,2025-07-11 19:41,M1 scalp up,3357.89,2,6715.78,-590.77,-0.06,0,412.37,0.04,-590.77,-0.06,-7544.44,-0.75,19
195,Exit long,2025-07-13 22:01,TSL,3364.42,2,6712.46,2414.56,0.24,0,3107.38,0.31,-494.25,-0.05,-5129.88,-0.51,5
195,Entry long,2025-07-11 20:56,M1 scalp up,3356.23,2,6712.46,2414.56,0.24,0,3107.38,0.31,-494.25,-0.05,-5129.88,-0.51,5
196,Exit long,2025-07-14 14:02,SL,3352.22,1,3356.38,-613.22,-0.12,0,392.11,0.08,-613.22,-0.12,-5743.1,-0.57,16
196,Entry long,2025-07-14 13:46,M1 scalp up,3356.38,1,3356.38,-613.22,-0.12,0,392.11,0.08,-613.22,-0.12,-5743.1,-0.57,16
197,Exit long,2025-07-14 14:21,SL,3348.59,1,3352.18,-529.2,-0.11,0,85.5,0.02,-529.2,-0.11,-6272.3,-0.63,7
197,Entry long,2025-07-14 14:14,M1 scalp up,3352.18,1,3352.18,-529.2,-0.11,0,85.5,0.02,-529.2,-0.11,-6272.3,-0.63,7
198,Exit short,2025-07-14 14:59,TSL,3342.62,1,3344.41,263.86,0.05,0,451.07,0.09,-112.03,-0.02,-6008.43,-0.60,8
198,Entry short,2025-07-14 14:51,M1 scalp down,3344.41,1,3344.41,263.86,0.05,0,451.07,0.09,-112.03,-0.02,-6008.43,-0.60,8
199,Exit short,2025-07-14 15:10,SL,3349.13,1,3344.75,-645.65,-0.13,0,75.18,0.02,-645.65,-0.13,-6654.09,-0.67,8
199,Entry short,2025-07-14 15:02,M1 scalp down,3344.75,1,3344.75,-645.65,-0.13,0,75.18,0.02,-645.65,-0.13,-6654.09,-0.67,8
200,Exit short,2025-07-14 17:22,SL,3349.66,1,3346.5,-465.81,-0.09,0,85.5,0.02,-465.81,-0.09,-7119.9,-0.71,70
200,Entry short,2025-07-14 16:12,M1 scalp down,3346.5,1,3346.5,-465.81,-0.09,0,85.5,0.02,-465.81,-0.09,-7119.9,-0.71,70
201,Exit long,2025-07-14 18:09,SL,3348.59,2,6700.64,-510.04,-0.05,0,415.69,0.04,-510.04,-0.05,-7629.93,-0.76,17
201,Entry long,2025-07-14 17:52,M1 scalp up,3350.32,2,6700.64,-510.04,-0.05,0,415.69,0.04,-510.04,-0.05,-7629.93,-0.76,17
202,Exit long,2025-07-14 19:42,SL,3346.06,3,10043.01,-711.99,-0.05,0,362.63,0.02,-711.99,-0.05,-8341.92,-0.83,10
202,Entry long,2025-07-14 19:32,M1 scalp up,3347.67,3,10043.01,-711.99,-0.05,0,362.63,0.02,-711.99,-0.05,-8341.92,-0.83,10
203,Exit short,2025-07-14 20:41,TSL,3342.6,2,6689.86,686.93,0.07,0,834.33,0.08,-212.27,-0.02,-7654.99,-0.77,34
203,Entry short,2025-07-14 20:07,M1 scalp down,3344.93,2,6689.86,686.93,0.07,0,834.33,0.08,-212.27,-0.02,-7654.99,-0.77,34
204,Exit short,2025-07-14 22:37,SL,3344.55,2,6685.18,-578.96,-0.06,0,404.68,0.04,-578.96,-0.06,-8233.95,-0.82,42
204,Entry short,2025-07-14 20:55,M1 scalp down,3342.59,2,6685.18,-578.96,-0.06,0,404.68,0.04,-578.96,-0.06,-8233.95,-0.82,42
205,Exit short,2025-07-15 15:14,TSL,3346.08,1,3348.27,323.45,0.07,0,471.14,0.10,-562.71,-0.11,-7910.5,-0.79,43
205,Entry short,2025-07-15 14:31,M1 scalp down,3348.27,1,3348.27,323.45,0.07,0,471.14,0.10,-562.71,-0.11,-7910.5,-0.79,43
206,Exit short,2025-07-15 16:55,SL,3329.35,1,3324.98,-645.42,-0.13,0,283.57,0.06,-645.42,-0.13,-8555.93,-0.86,29
206,Entry short,2025-07-15 16:26,M1 scalp down,3324.98,1,3324.98,-645.42,-0.13,0,283.57,0.06,-645.42,-0.13,-8555.93,-0.86,29
207,Exit short,2025-07-15 17:54,TSL,3326.92,1,3329.32,354.47,0.07,0,515.45,0.10,-298.34,-0.06,-8201.46,-0.82,54
207,Entry short,2025-07-15 17:00,M1 scalp down,3329.32,1,3329.32,354.47,0.07,0,515.45,0.10,-298.34,-0.06,-8201.46,-0.82,54
208,Exit short,2025-07-15 19:43,SL,3329.39,3,9983.52,-686.78,-0.05,0,155.08,0.01,-686.78,-0.05,-8888.24,-0.89,7
208,Entry short,2025-07-15 19:36,M1 scalp down,3327.84,3,9983.52,-686.78,-0.05,0,155.08,0.01,-686.78,-0.05,-8888.24,-0.89,7
209,Exit short,2025-07-15 20:18,TSL,3329.28,2,6661.48,431.27,0.04,0,578.96,0.06,-73.85,-0.01,-8456.97,-0.85,17
209,Entry short,2025-07-15 20:01,M1 scalp down,3330.74,2,6661.48,431.27,0.04,0,578.96,0.06,-73.85,-0.01,-8456.97,-0.85,17
210,Exit short,2025-07-16 14:54,SL,3329.9,1,3325.13,-709.92,-0.14,0,168.18,0.03,-709.92,-0.14,-9166.9,-0.92,10
210,Entry short,2025-07-16 14:44,M1 scalp down,3325.13,1,3325.13,-709.92,-0.14,0,168.18,0.03,-709.92,-0.14,-9166.9,-0.92,10
211,Exit long,2025-07-16 17:10,TSL,3352.66,1,3349.92,407.8,0.08,0,556.63,0.11,-254.5,-0.05,-8759.1,-0.88,16
211,Entry long,2025-07-16 16:54,M1 scalp up,3349.92,1,3349.92,407.8,0.08,0,556.63,0.11,-254.5,-0.05,-8759.1,-0.88,16
212,Exit long,2025-07-16 17:40,TSL,3353.98,1,3351.07,433.1,0.09,0,581.93,0.12,-123.53,-0.02,-8326,-0.83,18
212,Entry long,2025-07-16 17:22,M1 scalp up,3351.07,1,3351.07,433.1,0.09,0,581.93,0.12,-123.53,-0.02,-8326,-0.83,18
213,Exit long,2025-07-16 20:07,TSL,3347.42,2,6693.38,217.29,0.02,0,446.49,0.04,-184.55,-0.02,-8108.71,-0.81,35
213,Entry long,2025-07-16 19:32,M1 scalp up,3346.69,2,6693.38,217.29,0.02,0,446.49,0.04,-184.55,-0.02,-8108.71,-0.81,35
214,Exit short,2025-07-17 14:33,SL,3332.25,1,3327.83,-653.58,-0.13,0,149.35,0.03,-653.58,-0.13,-8762.28,-0.88,9
214,Entry short,2025-07-17 14:24,M1 scalp down,3327.83,1,3327.83,-653.58,-0.13,0,149.35,0.03,-653.58,-0.13,-8762.28,-0.88,9
215,Exit short,2025-07-17 15:28,SL,3336.08,1,3332.27,-563.38,-0.11,0,209.97,0.04,-563.38,-0.11,-9325.66,-0.93,51
215,Entry short,2025-07-17 14:37,M1 scalp down,3332.27,1,3332.27,-563.38,-0.11,0,209.97,0.04,-563.38,-0.11,-9325.66,-0.93,51
216,Exit short,2025-07-17 17:20,SL,3340.55,1,3337.19,-496.84,-0.10,0,288.34,0.06,-496.84,-0.10,-9822.5,-0.98,106
216,Entry short,2025-07-17 15:34,M1 scalp down,3337.19,1,3337.19,-496.84,-0.10,0,288.34,0.06,-496.84,-0.10,-9822.5,-0.98,106
217,Exit long,2025-07-17 17:29,TSL,3340.06,2,6678.72,207.02,0.02,0,502.75,0.05,-11.83,0.00,-9615.48,-0.96,7
217,Entry long,2025-07-17 17:22,M1 scalp up,3339.36,2,6678.72,207.02,0.02,0,502.75,0.05,-11.83,0.00,-9615.48,-0.96,7
218,Exit long,2025-07-17 17:40,SL,3337.13,2,6678.36,-606.26,-0.06,0,0,0.00,-606.26,-0.06,-10221.74,-1.02,5
218,Entry long,2025-07-17 17:35,M1 scalp up,3339.18,2,6678.36,-606.26,-0.06,0,0,0.00,-606.26,-0.06,-10221.74,-1.02,5
219,Exit long,2025-07-18 13:33,SL,3353.63,1,3357.18,-527.54,-0.11,0,65.39,0.01,-527.54,-0.11,-10749.28,-1.07,2
219,Entry long,2025-07-18 13:31,M1 scalp up,3357.18,1,3357.18,-527.54,-0.11,0,65.39,0.01,-527.54,-0.11,-10749.28,-1.07,2
220,Exit long,2025-07-18 13:56,TSL,3355.98,1,3353.66,344.76,0.07,0,548.35,0.11,-209.53,-0.04,-10404.52,-1.04,19
220,Entry long,2025-07-18 13:37,M1 scalp up,3353.66,1,3353.66,344.76,0.07,0,548.35,0.11,-209.53,-0.04,-10404.52,-1.04,19
221,Exit long,2025-07-18 18:13,SL,3350.37,1,3355.04,-693.98,-0.14,0,355.16,0.07,-693.98,-0.14,-11098.5,-1.11,238
221,Entry long,2025-07-18 14:15,M1 scalp up,3355.04,1,3355.04,-693.98,-0.14,0,355.16,0.07,-693.98,-0.14,-11098.5,-1.11,238
222,Exit long,2025-07-18 20:12,TSL,3349.92,3,10045.59,619.68,0.04,0,802.46,0.05,-401.23,-0.03,-10478.83,-1.05,21
222,Entry long,2025-07-18 19:51,M1 scalp up,3348.53,3,10045.59,619.68,0.04,0,802.46,0.05,-401.23,-0.03,-10478.83,-1.05,21
223,Exit long,2025-07-20 22:00,SL,3348.57,3,10050.72,-745.46,-0.05,0,13.37,0.00,-745.46,-0.05,-11224.29,-1.12,4
223,Entry long,2025-07-18 20:56,M1 scalp up,3350.24,3,10050.72,-745.46,-0.05,0,13.37,0.00,-745.46,-0.05,-11224.29,-1.12,4
224,Exit long,2025-07-21 13:40,TSL,3388.07,1,3385.43,392.82,0.08,0,541.61,0.11,-107.13,-0.02,-10831.47,-1.08,4
224,Entry long,2025-07-21 13:36,M1 scalp up,3385.43,1,3385.43,392.82,0.08,0,541.61,0.11,-107.13,-0.02,-10831.47,-1.08,4
225,Exit long,2025-07-21 16:46,SL,3395.26,1,3399.1,-571.37,-0.11,0,287.17,0.06,-571.37,-0.11,-11402.84,-1.14,120
225,Entry long,2025-07-21 14:46,M1 scalp up,3399.1,1,3399.1,-571.37,-0.11,0,287.17,0.06,-571.37,-0.11,-11402.84,-1.14,120
226,Exit long,2025-07-21 17:16,SL,3392.3,2,6789.54,-735.05,-0.07,0,324.37,0.03,-735.05,-0.07,-12137.89,-1.21,25
226,Entry long,2025-07-21 16:51,M1 scalp up,3394.77,2,6789.54,-735.05,-0.07,0,324.37,0.03,-735.05,-0.07,-12137.89,-1.21,25
227,Exit long,2025-07-21 18:02,TSL,3394.18,2,6784.64,553.52,0.05,0,702.31,0.07,-241.05,-0.02,-11584.37,-1.16,42
227,Entry long,2025-07-21 17:20,M1 scalp up,3392.32,2,6784.64,553.52,0.05,0,702.31,0.07,-241.05,-0.02,-11584.37,-1.16,42
228,Exit long,2025-07-21 20:52,SL,3396.72,2,6796.94,-520.78,-0.05,0,244.02,0.02,-520.78,-0.05,-12105.15,-1.21,68
228,Entry long,2025-07-21 19:44,M1 scalp up,3398.47,2,6796.94,-520.78,-0.05,0,244.02,0.02,-520.78,-0.05,-12105.15,-1.21,68
229,Exit long,2025-07-22 13:59,SL,3411.66,1,3416.52,-716.21,-0.14,0,45.68,0.01,-716.21,-0.14,-12821.37,-1.28,4
229,Entry long,2025-07-22 13:55,M1 scalp up,3416.52,1,3416.52,-716.21,-0.14,0,45.68,0.01,-716.21,-0.14,-12821.37,-1.28,4
230,Exit long,2025-07-22 16:12,TSL,3429.66,1,3425.4,627.79,0.12,0,775.16,0.15,-265.26,-0.05,-12193.58,-1.22,42
230,Entry long,2025-07-22 15:30,M1 scalp up,3425.4,1,3425.4,627.79,0.12,0,775.16,0.15,-265.26,-0.05,-12193.58,-1.22,42
231,Exit long,2025-07-22 16:54,TSL,3431.61,1,3427.29,636.63,0.13,0,784,0.16,-28,-0.01,-11556.94,-1.16,24
231,Entry long,2025-07-22 16:30,M1 scalp up,3427.29,1,3427.29,636.63,0.13,0,784,0.16,-28,-0.01,-11556.94,-1.16,24
232,Exit long,2025-07-22 17:11,SL,3428.63,2,6861.94,-689.69,-0.07,0,2.95,0.00,-689.69,-0.07,-12246.63,-1.22,2
232,Entry long,2025-07-22 17:09,M1 scalp up,3430.97,2,6861.94,-689.69,-0.07,0,2.95,0.00,-689.69,-0.07,-12246.63,-1.22,2
233,Exit long,2025-07-22 18:22,TSL,3430.08,1,3427.72,347.79,0.07,0,495.16,0.10,-64.84,-0.01,-11898.84,-1.19,51
233,Entry long,2025-07-22 17:31,M1 scalp up,3427.72,1,3427.72,347.79,0.07,0,495.16,0.10,-64.84,-0.01,-11898.84,-1.19,51
234,Exit long,2025-07-22 19:49,TSL,3432.19,3,10294.17,353.69,0.02,0,504,0.03,-57.47,0.00,-11545.15,-1.15,14
234,Entry long,2025-07-22 19:35,M1 scalp up,3431.39,3,10294.17,353.69,0.02,0,504,0.03,-57.47,0.00,-11545.15,-1.15,14
235,Exit long,2025-07-22 19:58,TSL,3432.02,3,10293.99,305.05,0.02,0,455.37,0.03,-238.74,-0.02,-11240.1,-1.12,7
235,Entry long,2025-07-22 19:51,M1 scalp up,3431.33,3,10293.99,305.05,0.02,0,455.37,0.03,-238.74,-0.02,-11240.1,-1.12,7
236,Exit long,2025-07-22 20:39,SL,3428.13,2,6859.82,-524.63,-0.05,0,383.16,0.04,-524.63,-0.05,-11764.73,-1.18,18
236,Entry long,2025-07-22 20:21,M1 scalp up,3429.91,2,6859.82,-524.63,-0.05,0,383.16,0.04,-524.63,-0.05,-11764.73,-1.18,18
237,Exit long,2025-07-23 14:27,SL,3411.4,1,3415.82,-647.92,-0.13,0,98.21,0.02,-647.92,-0.13,-12412.65,-1.24,11
237,Entry long,2025-07-23 14:16,M1 scalp up,3415.82,1,3415.82,-647.92,-0.13,0,98.21,0.02,-647.92,-0.13,-12412.65,-1.24,11
238,Exit long,2025-07-23 15:04,SL,3410.48,1,3414.05,-523.32,-0.10,0,126.07,0.03,-523.32,-0.10,-12935.97,-1.29,16
238,Entry long,2025-07-23 14:48,M1 scalp up,3414.05,1,3414.05,-523.32,-0.10,0,126.07,0.03,-523.32,-0.10,-12935.97,-1.29,16
239,Exit long,2025-07-23 15:47,SL,3409.58,1,3412.87,-482.27,-0.10,0,124.6,0.02,-482.27,-0.10,-13418.24,-1.34,27
239,Entry long,2025-07-23 15:20,M1 scalp up,3412.87,1,3412.87,-482.27,-0.10,0,124.6,0.02,-482.27,-0.10,-13418.24,-1.34,27
240,Exit long,2025-07-23 15:56,SL,3403.48,1,3407.11,-532.11,-0.11,0,52.77,0.01,-532.11,-0.11,-13950.36,-1.40,1
240,Entry long,2025-07-23 15:55,M1 scalp up,3407.11,1,3407.11,-532.11,-0.11,0,52.77,0.01,-532.11,-0.11,-13950.36,-1.40,1
241,Exit short,2025-07-23 17:51,SL,3392.05,1,3387.98,-596.61,-0.12,0,331.29,0.07,-596.61,-0.12,-14546.97,-1.45,37
241,Entry short,2025-07-23 17:14,M1 scalp down,3387.98,1,3387.98,-596.61,-0.12,0,331.29,0.07,-596.61,-0.12,-14546.97,-1.45,37
242,Exit short,2025-07-23 20:05,TSL,3389.08,2,6781.14,436.83,0.04,0,703.62,0.07,-416.31,-0.04,-14110.14,-1.41,13
242,Entry short,2025-07-23 19:52,M1 scalp down,3390.57,2,6781.14,436.83,0.04,0,703.62,0.07,-416.31,-0.04,-14110.14,-1.41,13
243,Exit short,2025-07-23 20:33,TSL,3388.22,2,6779.1,389.92,0.04,0,536.51,0.05,-73.29,-0.01,-13720.22,-1.37,6
243,Entry short,2025-07-23 20:27,M1 scalp down,3389.55,2,6779.1,389.92,0.04,0,536.51,0.05,-73.29,-0.01,-13720.22,-1.37,6
244,Exit short,2025-07-23 20:52,TSL,3388.74,3,10168.44,325.43,0.02,0,474.95,0.03,-79.16,-0.01,-13394.79,-1.34,12
244,Entry short,2025-07-23 20:40,M1 scalp down,3389.48,3,10168.44,325.43,0.02,0,474.95,0.03,-79.16,-0.01,-13394.79,-1.34,12
245,Exit short,2025-07-24 15:02,TSL,3372.44,1,3374.62,319.38,0.06,0,465.88,0.09,-411.67,-0.08,-13075.41,-1.31,31
245,Entry short,2025-07-24 14:31,M1 scalp down,3374.62,1,3374.62,319.38,0.06,0,465.88,0.09,-411.67,-0.08,-13075.41,-1.31,31
246,Exit short,2025-07-24 16:13,TSL,3370.84,1,3373.69,417.53,0.08,0,564.04,0.11,-231.47,-0.05,-12657.88,-1.27,50
246,Entry short,2025-07-24 15:23,M1 scalp down,3373.69,1,3373.69,417.53,0.08,0,564.04,0.11,-231.47,-0.05,-12657.88,-1.27,50
247,Exit short,2025-07-24 16:29,TSL,3370.19,2,6743.96,524.48,0.05,0,670.98,0.07,-284.22,-0.03,-12133.4,-1.21,5
247,Entry short,2025-07-24 16:24,M1 scalp down,3371.98,2,6743.96,524.48,0.05,0,670.98,0.07,-284.22,-0.03,-12133.4,-1.21,5
248,Exit short,2025-07-24 16:51,TSL,3368.35,2,6741.52,706.14,0.07,0,852.65,0.09,-172.87,-0.02,-11427.26,-1.14,11
248,Entry short,2025-07-24 16:40,M1 scalp down,3370.76,2,6741.52,706.14,0.07,0,852.65,0.09,-172.87,-0.02,-11427.26,-1.14,11
249,Exit short,2025-07-24 17:14,SL,3369.87,2,6735.66,-597.73,-0.06,0,58.6,0.01,-597.73,-0.06,-12024.99,-1.20,6
249,Entry short,2025-07-24 17:08,M1 scalp down,3367.83,2,6735.66,-597.73,-0.06,0,58.6,0.01,-597.73,-0.06,-12024.99,-1.20,6
250,Exit short,2025-07-24 17:29,SL,3371.65,2,6739.16,-606.52,-0.06,0,196.31,0.02,-606.52,-0.06,-12631.51,-1.26,3
250,Entry short,2025-07-24 17:26,M1 scalp down,3369.58,2,6739.16,-606.52,-0.06,0,196.31,0.02,-606.52,-0.06,-12631.51,-1.26,3
251,Exit short,2025-07-24 17:54,TSL,3369.19,2,6742.6,618.24,0.06,0,776.47,0.08,-8.79,0.00,-12013.27,-1.20,8
251,Entry short,2025-07-24 17:46,M1 scalp down,3371.3,2,6742.6,618.24,0.06,0,776.47,0.08,-8.79,0.00,-12013.27,-1.20,8
252,Exit short,2025-07-25 13:44,TSL,3340.41,1,3343.76,492.43,0.10,0,639.42,0.13,-561.51,-0.11,-11520.84,-1.15,13
252,Entry short,2025-07-25 13:31,M1 scalp down,3343.76,1,3343.76,492.43,0.10,0,639.42,0.13,-561.51,-0.11,-11520.84,-1.15,13
253,Exit short,2025-07-25 17:10,SL,3332.92,1,3329.12,-558.57,-0.11,0,426.28,0.09,-558.57,-0.11,-12079.41,-1.21,68
253,Entry short,2025-07-25 16:02,M1 scalp down,3329.12,1,3329.12,-558.57,-0.11,0,426.28,0.09,-558.57,-0.11,-12079.41,-1.21,68
254,Exit short,2025-07-25 17:45,SL,3335.71,2,6667.18,-623.25,-0.06,0,11.76,0.00,-623.25,-0.06,-12702.66,-1.27,23
254,Entry short,2025-07-25 17:22,M1 scalp down,3333.59,2,6667.18,-623.25,-0.06,0,11.76,0.00,-623.25,-0.06,-12702.66,-1.27,23
255,Exit short,2025-07-25 20:45,TSL,3338.61,3,10015.83,0,0.00,0,0,0.00,0,0.00,-12702.66,-1.27,0
255,Entry short,2025-07-25 20:45,M1 scalp down,3338.61,3,10015.83,0,0.00,0,0,0.00,0,0.00,-12702.66,-1.27,0
256,Exit short,2025-07-27 22:00,SL,3322.97,3,9964.02,-722.01,-0.05,0,318.92,0.02,-722.01,-0.05,-13424.67,-1.34,0
256,Entry short,2025-07-27 22:00,M1 scalp down,3321.34,3,9964.02,-722.01,-0.05,0,318.92,0.02,-722.01,-0.05,-13424.67,-1.34,0
257,Exit short,2025-07-28 15:26,SL,3314.4,1,3310.07,-639.32,-0.13,0,284.96,0.06,-639.32,-0.13,-14064,-1.41,19
257,Entry short,2025-07-28 15:07,M1 scalp down,3310.07,1,3310.07,-639.32,-0.13,0,284.96,0.06,-639.32,-0.13,-14064,-1.41,19
258,Exit short,2025-07-28 17:05,TSL,3311.09,1,3313.76,394.23,0.08,0,541.88,0.11,-503.49,-0.10,-13669.77,-1.37,95
258,Entry short,2025-07-28 15:30,M1 scalp down,3313.76,1,3313.76,394.23,0.08,0,541.88,0.11,-503.49,-0.10,-13669.77,-1.37,95
259,Exit short,2025-07-28 17:25,SL,3312.94,2,6621.56,-637.85,-0.07,0,88.59,0.01,-637.85,-0.07,-14307.62,-1.43,8
259,Entry short,2025-07-28 17:17,M1 scalp down,3310.78,2,6621.56,-637.85,-0.07,0,88.59,0.01,-637.85,-0.07,-14307.62,-1.43,8
260,Exit short,2025-07-28 18:41,SL,3315.16,1,3312.52,-389.8,-0.08,0,438.52,0.09,-389.8,-0.08,-14697.42,-1.47,72
260,Entry short,2025-07-28 17:29,M1 scalp down,3312.52,1,3312.52,-389.8,-0.08,0,438.52,0.09,-389.8,-0.08,-14697.42,-1.47,72
261,Exit short,2025-07-28 19:51,SL,3316.66,3,9945.48,-664.42,-0.05,0,279.06,0.02,-664.42,-0.05,-15361.84,-1.54,19
261,Entry short,2025-07-28 19:32,M1 scalp down,3315.16,3,9945.48,-664.42,-0.05,0,279.06,0.02,-664.42,-0.05,-15361.84,-1.54,19
262,Exit short,2025-07-28 20:43,TSL,3316.86,2,6635.82,310.07,0.03,0,457.72,0.05,-97.45,-0.01,-15051.78,-1.51,33
262,Entry short,2025-07-28 20:10,M1 scalp down,3317.91,2,6635.82,310.07,0.03,0,457.72,0.05,-97.45,-0.01,-15051.78,-1.51,33
263,Exit short,2025-07-29 14:46,SL,3329.43,1,3324.75,-694.96,-0.14,0,170.77,0.03,-694.96,-0.14,-15746.74,-1.57,13
263,Entry short,2025-07-29 14:33,M1 scalp down,3324.75,1,3324.75,-694.96,-0.14,0,170.77,0.03,-694.96,-0.14,-15746.74,-1.57,13
264,Exit short,2025-07-29 15:07,SL,3333.13,1,3328.46,-693.48,-0.14,0,249.47,0.05,-693.48,-0.14,-16440.21,-1.64,18
264,Entry short,2025-07-29 14:49,M1 scalp down,3328.46,1,3328.46,-693.48,-0.14,0,249.47,0.05,-693.48,-0.14,-16440.21,-1.64,18
265,Exit short,2025-07-29 16:54,SL,3324.71,1,3321.32,-503.4,-0.10,0,72.76,0.01,-503.4,-0.10,-16943.62,-1.69,43
265,Entry short,2025-07-29 16:11,M1 scalp down,3321.32,1,3321.32,-503.4,-0.10,0,72.76,0.01,-503.4,-0.10,-16943.62,-1.69,43
266,Exit short,2025-07-29 17:19,SL,3326.09,2,6647.3,-724.66,-0.07,0,222.74,0.02,-724.66,-0.07,-17668.28,-1.77,20
266,Entry short,2025-07-29 16:59,M1 scalp down,3323.65,2,6647.3,-724.66,-0.07,0,222.74,0.02,-724.66,-0.07,-17668.28,-1.77,20
267,Exit short,2025-07-29 17:53,SL,3328.85,2,6653.28,-656.35,-0.07,0,389.06,0.04,-656.35,-0.07,-18324.63,-1.83,31
267,Entry short,2025-07-29 17:22,M1 scalp down,3326.64,2,6653.28,-656.35,-0.07,0,389.06,0.04,-656.35,-0.07,-18324.63,-1.83,31
268,Exit short,2025-07-29 20:59,SL,3326.52,2,6649.12,-582.1,-0.06,0,5.94,0.00,-582.1,-0.06,-18906.73,-1.89,63
268,Entry short,2025-07-29 19:56,M1 scalp down,3324.56,2,6649.12,-582.1,-0.06,0,5.94,0.00,-582.1,-0.06,-18906.73,-1.89,63
269,Exit short,2025-07-30 14:30,TSL,3302.59,1,3307.04,660.6,0.13,0,809.05,0.16,-2.97,0.00,-18246.13,-1.82,9
269,Entry short,2025-07-30 14:21,M1 scalp down,3307.04,1,3307.04,660.6,0.13,0,809.05,0.16,-2.97,0.00,-18246.13,-1.82,9
270,Exit short,2025-07-30 15:07,TSL,3301.1,1,3304.34,480.98,0.10,0,629.43,0.13,-293.93,-0.06,-17765.15,-1.78,30
270,Entry short,2025-07-30 14:37,M1 scalp down,3304.34,1,3304.34,480.98,0.10,0,629.43,0.13,-293.93,-0.06,-17765.15,-1.78,30
271,Exit short,2025-07-30 15:58,TSL,3290.16,1,3292.74,383,0.08,0,531.45,0.11,-191.5,-0.04,-17382.15,-1.74,16
271,Entry short,2025-07-30 15:42,M1 scalp down,3292.74,1,3292.74,383,0.08,0,531.45,0.11,-191.5,-0.04,-17382.15,-1.74,16
272,Exit short,2025-07-30 16:22,SL,3295.64,1,3292.11,-524.03,-0.11,0,167.75,0.03,-524.03,-0.11,-17906.18,-1.79,20
272,Entry short,2025-07-30 16:02,M1 scalp down,3292.11,1,3292.11,-524.03,-0.11,0,167.75,0.03,-524.03,-0.11,-17906.18,-1.79,20
273,Exit short,2025-07-30 16:51,SL,3297.82,1,3295.27,-378.55,-0.08,0,46.02,0.01,-378.55,-0.08,-18284.73,-1.83,9
273,Entry short,2025-07-30 16:42,M1 scalp down,3295.27,1,3295.27,-378.55,-0.08,0,46.02,0.01,-378.55,-0.08,-18284.73,-1.83,9
274,Exit short,2025-07-30 17:23,SL,3300.05,2,6595.82,-635.37,-0.06,0,62.35,0.01,-635.37,-0.06,-18920.09,-1.89,26
274,Entry short,2025-07-30 16:57,M1 scalp down,3297.91,2,6595.82,-635.37,-0.06,0,62.35,0.01,-635.37,-0.06,-18920.09,-1.89,26
275,Exit short,2025-07-30 17:51,SL,3301.36,2,6598.98,-555.2,-0.06,0,166.26,0.02,-555.2,-0.06,-19475.3,-1.95,9
275,Entry short,2025-07-30 17:42,M1 scalp down,3299.49,2,6598.98,-555.2,-0.06,0,166.26,0.02,-555.2,-0.06,-19475.3,-1.95,9
276,Exit short,2025-07-30 20:43,SL,3274.81,1,3271.53,-486.92,-0.10,0,7.42,0.00,-486.92,-0.10,-19962.21,-2.00,3
276,Entry short,2025-07-30 20:40,M1 scalp down,3271.53,1,3271.53,-486.92,-0.10,0,7.42,0.00,-486.92,-0.10,-19962.21,-2.00,3
277,Exit short,2025-07-30 22:03,SL,3278.4,1,3274.87,-527.66,-0.11,0,155.46,0.03,-527.66,-0.11,-20489.87,-2.05,13
277,Entry short,2025-07-30 20:50,M1 scalp down,3274.87,1,3274.87,-527.66,-0.11,0,155.46,0.03,-527.66,-0.11,-20489.87,-2.05,13
278,Exit short,2025-07-31 14:51,TSL,3294.33,1,3296.4,309.42,0.06,0,458.9,0.09,-273.55,-0.06,-20180.45,-2.02,11
278,Entry short,2025-07-31 14:40,M1 scalp down,3296.4,1,3296.4,309.42,0.06,0,458.9,0.09,-273.55,-0.06,-20180.45,-2.02,11
279,Exit short,2025-07-31 15:02,TSL,3293.75,1,3296.98,482.82,0.10,0,748.89,0.15,-118.09,-0.02,-19697.63,-1.97,6
279,Entry short,2025-07-31 14:56,M1 scalp down,3296.98,1,3296.98,482.82,0.10,0,748.89,0.15,-118.09,-0.02,-19697.63,-1.97,6
280,Exit short,2025-07-31 15:45,TSL,3293.83,1,3295.93,313.91,0.06,0,463.38,0.09,-463.38,-0.09,-19383.73,-1.94,31
280,Entry short,2025-07-31 15:14,M1 scalp down,3295.93,1,3295.93,313.91,0.06,0,463.38,0.09,-463.38,-0.09,-19383.73,-1.94,31
281,Exit short,2025-07-31 16:05,TSL,3292.22,1,3294.77,381.17,0.08,0,530.65,0.11,-180.87,-0.04,-19002.56,-1.90,11
281,Entry short,2025-07-31 15:54,M1 scalp down,3294.77,1,3294.77,381.17,0.08,0,530.65,0.11,-180.87,-0.04,-19002.56,-1.90,11
282,Exit short,2025-07-31 16:41,SL,3295.8,1,3291.88,-585.96,-0.12,0,76.23,0.02,-585.96,-0.12,-19588.52,-1.96,16
282,Entry short,2025-07-31 16:25,M1 scalp down,3291.88,1,3291.88,-585.96,-0.12,0,76.23,0.02,-585.96,-0.12,-19588.52,-1.96,16
283,Exit short,2025-07-31 18:05,TSL,3294.19,1,3296.79,388.65,0.08,0,538.12,0.11,-239.17,-0.05,-19199.87,-1.92,62
283,Entry short,2025-07-31 17:03,M1 scalp down,3296.79,1,3296.79,388.65,0.08,0,538.12,0.11,-239.17,-0.05,-19199.87,-1.92,62
284,Exit short,2025-07-31 19:44,SL,3294.35,2,6584.54,-621.83,-0.06,0,41.85,0.00,-621.83,-0.06,-19821.7,-1.98,8
284,Entry short,2025-07-31 19:36,M1 scalp down,3292.27,2,6584.54,-621.83,-0.06,0,41.85,0.00,-621.83,-0.06,-19821.7,-1.98,8
285,Exit short,2025-07-31 20:52,TSL,3290.84,1,3293.13,342.31,0.07,0,491.79,0.10,-98.66,-0.02,-19479.39,-1.95,47
285,Entry short,2025-07-31 20:05,M1 scalp down,3293.13,1,3293.13,342.31,0.07,0,491.79,0.10,-98.66,-0.02,-19479.39,-1.95,47
286,Exit long,2025-08-01 16:06,SL,3344.74,1,3349.08,-654.12,-0.13,0,315,0.06,-654.12,-0.13,-20133.52,-2.01,38
286,Entry long,2025-08-01 15:28,M1 scalp up,3349.08,1,3349.08,-654.12,-0.13,0,315,0.06,-654.12,-0.13,-20133.52,-2.01,38
287,Exit long,2025-08-01 16:20,SL,3342.01,1,3345.61,-542.59,-0.11,0,88.92,0.02,-542.59,-0.11,-20676.11,-2.07,9
287,Entry long,2025-08-01 16:11,M1 scalp up,3345.61,1,3345.61,-542.59,-0.11,0,88.92,0.02,-542.59,-0.11,-20676.11,-2.07,9
288,Exit long,2025-08-01 16:55,TSL,3344.34,1,3340.86,524.51,0.10,0,711.4,0.14,-21.1,0.00,-20151.6,-2.02,16
288,Entry long,2025-08-01 16:39,M1 scalp up,3340.86,1,3340.86,524.51,0.10,0,711.4,0.14,-21.1,0.00,-20151.6,-2.02,16
289,Exit long,2025-08-01 18:14,TSL,3348.31,1,3346.63,253.21,0.05,0,486.83,0.10,-161.27,-0.03,-19898.4,-1.99,59
289,Entry long,2025-08-01 17:15,M1 scalp up,3346.63,1,3346.63,253.21,0.05,0,486.83,0.10,-161.27,-0.03,-19898.4,-1.99,59
290,Exit long,2025-08-01 20:41,TSL,3361.4,1,3359.36,307.47,0.06,0,473.26,0.09,-444.62,-0.09,-19590.93,-1.96,50
290,Entry long,2025-08-01 19:51,M1 scalp up,3359.36,1,3359.36,307.47,0.06,0,473.26,0.09,-444.62,-0.09,-19590.93,-1.96,50
291,Exit long,2025-08-04 13:41,TSL,3376.51,1,3374.24,334.55,0.07,0,492.25,0.10,-117.9,-0.02,-19256.37,-1.93,5
291,Entry long,2025-08-04 13:36,M1 scalp up,3374.24,1,3374.24,334.55,0.07,0,492.25,0.10,-117.9,-0.02,-19256.37,-1.93,5
292,Exit long,2025-08-04 14:20,SL,3375.07,1,3380.01,-728.06,-0.15,0,29.48,0.01,-728.06,-0.15,-19984.43,-2.00,9
292,Entry long,2025-08-04 14:11,M1 scalp up,3380.01,1,3380.01,-728.06,-0.15,0,29.48,0.01,-728.06,-0.15,-19984.43,-2.00,9
293,Exit long,2025-08-04 14:29,TSL,3377.76,1,3375.28,365.5,0.07,0,512.88,0.10,-11.79,0.00,-19618.93,-1.96,6
293,Entry long,2025-08-04 14:23,M1 scalp up,3375.28,1,3375.28,365.5,0.07,0,512.88,0.10,-11.79,0.00,-19618.93,-1.96,6
294,Exit long,2025-08-04 14:49,SL,3374.28,1,3378.05,-555.62,-0.11,0,66.32,0.01,-555.62,-0.11,-20174.55,-2.02,7
294,Entry long,2025-08-04 14:42,M1 scalp up,3378.05,1,3378.05,-555.62,-0.11,0,66.32,0.01,-555.62,-0.11,-20174.55,-2.02,7
295,Exit long,2025-08-04 15:46,TSL,3375.17,1,3373.02,316.87,0.06,0,464.25,0.09,-353.71,-0.07,-19857.69,-1.99,38
295,Entry long,2025-08-04 15:08,M1 scalp up,3373.02,1,3373.02,316.87,0.06,0,464.25,0.09,-353.71,-0.07,-19857.69,-1.99,38
296,Exit long,2025-08-04 16:16,TSL,3377.15,1,3374.36,411.19,0.08,0,560.04,0.11,-116.43,-0.02,-19446.5,-1.94,23
296,Entry long,2025-08-04 15:53,M1 scalp up,3374.36,1,3374.36,411.19,0.08,0,560.04,0.11,-116.43,-0.02,-19446.5,-1.94,23
297,Exit long,2025-08-04 16:39,SL,3371.7,1,3374.56,-421.51,-0.08,0,1.47,0.00,-421.51,-0.08,-19868,-1.99,13
297,Entry long,2025-08-04 16:26,M1 scalp up,3374.56,1,3374.56,-421.51,-0.08,0,1.47,0.00,-421.51,-0.08,-19868,-1.99,13
298,Exit long,2025-08-04 17:07,TSL,3372.18,2,6743.1,185.7,0.02,0,486.35,0.05,-294.76,-0.03,-19682.3,-1.97,21
298,Entry long,2025-08-04 16:46,M1 scalp up,3371.55,2,6743.1,185.7,0.02,0,486.35,0.05,-294.76,-0.03,-19682.3,-1.97,21
299,Exit long,2025-08-04 17:24,TSL,3372.71,2,6743.1,341.92,0.03,0,489.3,0.05,-120.85,-0.01,-19340.38,-1.93,10
299,Entry long,2025-08-04 17:14,M1 scalp up,3371.55,2,6743.1,341.92,0.03,0,489.3,0.05,-120.85,-0.01,-19340.38,-1.93,10
300,Exit long,2025-08-04 17:32,TSL,3373.83,2,6743.4,627.84,0.06,0,775.22,0.08,0,0.00,-18712.54,-1.87,3
300,Entry long,2025-08-04 17:29,M1 scalp up,3371.7,2,6743.4,627.84,0.06,0,775.22,0.08,0,0.00,-18712.54,-1.87,3
301,Exit long,2025-08-04 17:57,TSL,3373.43,2,6744.82,300.66,0.03,0,453.93,0.05,-182.75,-0.02,-18411.89,-1.84,19
301,Entry long,2025-08-04 17:38,M1 scalp up,3372.41,2,6744.82,300.66,0.03,0,453.93,0.05,-182.75,-0.02,-18411.89,-1.84,19
302,Exit long,2025-08-04 20:18,TSL,3376.43,3,10124.31,733.95,0.05,0,884.28,0.06,-44.21,0.00,-17677.94,-1.77,13
302,Entry long,2025-08-04 20:05,M1 scalp up,3374.77,3,10124.31,733.95,0.05,0,884.28,0.06,-44.21,0.00,-17677.94,-1.77,13
303,Exit long,2025-08-05 14:01,TSL,3378.11,1,3375.66,360.35,0.07,0,738.35,0.15,-532.44,-0.11,-17317.58,-1.73,13
303,Entry long,2025-08-05 13:48,M1 scalp up,3375.66,1,3375.66,360.35,0.07,0,738.35,0.15,-532.44,-0.11,-17317.58,-1.73,13
304,Exit long,2025-08-05 15:34,SL,3382.71,1,3385.57,-420.65,-0.08,0,148.55,0.03,-420.65,-0.08,-17738.24,-1.77,9
304,Entry long,2025-08-05 15:25,M1 scalp up,3385.57,1,3385.57,-420.65,-0.08,0,148.55,0.03,-420.65,-0.08,-17738.24,-1.77,9
305,Exit long,2025-08-05 16:13,SL,3386.89,2,6778.06,-629.51,-0.06,0,282.4,0.03,-629.51,-0.06,-18367.75,-1.84,7
305,Entry long,2025-08-05 16:06,M1 scalp up,3389.03,2,6778.06,-629.51,-0.06,0,282.4,0.03,-629.51,-0.06,-18367.75,-1.84,7
306,Exit long,2025-08-05 16:30,SL,3379.69,1,3382.47,-408.89,-0.08,0,86.78,0.02,-408.89,-0.08,-18776.64,-1.88,0
306,Entry long,2025-08-05 16:30,M1 scalp up,3382.47,1,3382.47,-408.89,-0.08,0,86.78,0.02,-408.89,-0.08,-18776.64,-1.88,0
307,Exit long,2025-08-05 17:44,TSL,3381.72,1,3379.62,308.87,0.06,0,455.95,0.09,-127.96,-0.03,-18467.77,-1.85,67
307,Entry long,2025-08-05 16:37,M1 scalp up,3379.62,1,3379.62,308.87,0.06,0,455.95,0.09,-127.96,-0.03,-18467.77,-1.85,67
308,Exit long,2025-08-05 18:19,SL,3378.68,2,6761.66,-632.45,-0.06,0,220.62,0.02,-632.45,-0.06,-19100.22,-1.91,32
308,Entry long,2025-08-05 17:47,M1 scalp up,3380.83,2,6761.66,-632.45,-0.06,0,220.62,0.02,-632.45,-0.06,-19100.22,-1.91,32
309,Exit long,2025-08-05 20:08,TSL,3379.84,3,10136.91,383.88,0.03,0,533.91,0.04,-105.9,-0.01,-18716.33,-1.87,8
309,Entry long,2025-08-05 20:00,M1 scalp up,3378.97,3,10136.91,383.88,0.03,0,533.91,0.04,-105.9,-0.01,-18716.33,-1.87,8
310,Exit long,2025-08-06 13:55,TSL,3372.37,1,3368.47,575.67,0.12,0,723.28,0.15,-476.77,-0.10,-18140.66,-1.81,23
310,Entry long,2025-08-06 13:32,M1 scalp up,3368.47,1,3368.47,575.67,0.12,0,723.28,0.15,-476.77,-0.10,-18140.66,-1.81,23
311,Exit long,2025-08-06 14:50,TSL,3377.31,1,3374.92,352.78,0.07,0,503.34,0.10,-4.43,0.00,-17787.88,-1.78,14
311,Entry long,2025-08-06 14:36,M1 scalp up,3374.92,1,3374.92,352.78,0.07,0,503.34,0.10,-4.43,0.00,-17787.88,-1.78,14
312,Exit long,2025-08-06 15:35,SL,3374.54,1,3377.4,-422.16,-0.08,0,296.69,0.06,-422.16,-0.08,-18210.04,-1.82,26
312,Entry long,2025-08-06 15:09,M1 scalp up,3377.4,1,3377.4,-422.16,-0.08,0,296.69,0.06,-422.16,-0.08,-18210.04,-1.82,26
313,Exit long,2025-08-06 16:17,SL,3373.77,1,3376.98,-473.82,-0.10,0,335.07,0.07,-473.82,-0.10,-18683.86,-1.87,13
313,Entry long,2025-08-06 16:04,M1 scalp up,3376.98,1,3376.98,-473.82,-0.10,0,335.07,0.07,-473.82,-0.10,-18683.86,-1.87,13
314,Exit long,2025-08-06 17:23,SL,3371.73,1,3374.6,-423.63,-0.09,0,438.4,0.09,-423.63,-0.09,-19107.5,-1.91,47
314,Entry long,2025-08-06 16:36,M1 scalp up,3374.6,1,3374.6,-423.63,-0.09,0,438.4,0.09,-423.63,-0.09,-19107.5,-1.91,47
315,Exit long,2025-08-06 18:04,SL,3372.97,2,6750.08,-611.1,-0.06,0,103.33,0.01,-611.1,-0.06,-19718.59,-1.97,12
315,Entry long,2025-08-06 17:52,M1 scalp up,3375.04,2,6750.08,-611.1,-0.06,0,103.33,0.01,-611.1,-0.06,-19718.59,-1.97,12
316,Exit long,2025-08-06 20:13,SL,3369.93,2,6743.28,-504.82,-0.05,0,321.79,0.03,-504.82,-0.05,-20223.41,-2.02,38
316,Entry long,2025-08-06 19:35,M1 scalp up,3371.64,2,6743.28,-504.82,-0.05,0,321.79,0.03,-504.82,-0.05,-20223.41,-2.02,38
317,Exit short,2025-08-06 22:00,SL,3370.01,3,10105.26,-702.83,-0.05,0,132.85,0.01,-702.83,-0.05,-20926.24,-2.09,9
317,Entry short,2025-08-06 20:51,M1 scalp down,3368.42,3,10105.26,-702.83,-0.05,0,132.85,0.01,-702.83,-0.05,-20926.24,-2.09,9
318,Exit long,2025-08-07 13:42,TSL,3388.66,1,3386.29,349.21,0.07,0,601.16,0.12,-83.99,-0.02,-20577.04,-2.06,2
318,Entry long,2025-08-07 13:40,M1 scalp up,3386.29,1,3386.29,349.21,0.07,0,601.16,0.12,-83.99,-0.02,-20577.04,-2.06,2
319,Exit long,2025-08-07 16:03,TSL,3391.42,1,3388.28,462.66,0.09,0,627.69,0.13,-558.43,-0.11,-20114.38,-2.01,45
319,Entry long,2025-08-07 15:18,M1 scalp up,3388.28,1,3388.28,462.66,0.09,0,627.69,0.13,-558.43,-0.11,-20114.38,-2.01,45
320,Exit long,2025-08-07 16:31,SL,3387.74,1,3390.5,-406.67,-0.08,0,147.34,0.03,-406.67,-0.08,-20521.05,-2.05,17
320,Entry long,2025-08-07 16:14,M1 scalp up,3390.5,1,3390.5,-406.67,-0.08,0,147.34,0.03,-406.67,-0.08,-20521.05,-2.05,17
321,Exit long,2025-08-07 17:13,SL,3384.91,1,3387.66,-405.2,-0.08,0,356.57,0.07,-405.2,-0.08,-20926.24,-2.09,37
321,Entry long,2025-08-07 16:36,M1 scalp up,3387.66,1,3387.66,-405.2,-0.08,0,356.57,0.07,-405.2,-0.08,-20926.24,-2.09,37
322,Exit long,2025-08-07 17:33,TSL,3388.97,1,3385.49,512.76,0.10,0,660.1,0.13,-173.87,-0.03,-20413.49,-2.04,15
322,Entry long,2025-08-07 17:18,M1 scalp up,3385.49,1,3385.49,512.76,0.10,0,660.1,0.13,-173.87,-0.03,-20413.49,-2.04,15
323,Exit long,2025-08-07 20:08,TSL,3399.58,1,3397.85,254.91,0.05,0,450.87,0.09,-36.84,-0.01,-20158.58,-2.02,14
323,Entry long,2025-08-07 19:54,M1 scalp up,3397.85,1,3397.85,254.91,0.05,0,450.87,0.09,-36.84,-0.01,-20158.58,-2.02,14
324,Exit long,2025-08-07 20:30,TSL,3400.73,1,3398.21,371.31,0.07,0,518.65,0.10,-57.46,-0.01,-19787.27,-1.98,19
324,Entry long,2025-08-07 20:11,M1 scalp up,3398.21,1,3398.21,371.31,0.07,0,518.65,0.10,-57.46,-0.01,-19787.27,-1.98,19
325,Exit long,2025-08-07 22:01,TSL,3401.23,1,3396.53,691.4,0.14,0,1335.72,0.27,-635.05,-0.13,-19095.87,-1.91,12
325,Entry long,2025-08-07 20:49,M1 scalp up,3396.53,1,3396.53,691.4,0.14,0,1335.72,0.27,-635.05,-0.13,-19095.87,-1.91,12
326,Exit long,2025-08-08 15:19,TSL,3393.04,1,3389.34,544.29,0.11,0,691.4,0.14,-88.26,-0.02,-18551.58,-1.86,10
326,Entry long,2025-08-08 15:09,M1 scalp up,3389.34,1,3389.34,544.29,0.11,0,691.4,0.14,-88.26,-0.02,-18551.58,-1.86,10
327,Exit long,2025-08-08 15:40,TSL,3393.61,1,3391.56,301.57,0.06,0,448.67,0.09,-95.62,-0.02,-18250.02,-1.83,7
327,Entry long,2025-08-08 15:33,M1 scalp up,3391.56,1,3391.56,301.57,0.06,0,448.67,0.09,-95.62,-0.02,-18250.02,-1.83,7
328,Exit long,2025-08-08 15:51,TSL,3393.47,1,3391.27,323.63,0.06,0,470.74,0.09,-39.72,-0.01,-17926.38,-1.79,7
328,Entry long,2025-08-08 15:44,M1 scalp up,3391.27,1,3391.27,323.63,0.06,0,470.74,0.09,-39.72,-0.01,-17926.38,-1.79,7
329,Exit long,2025-08-08 16:26,TSL,3397.56,1,3394.9,391.3,0.08,0,538.41,0.11,-194.18,-0.04,-17535.08,-1.75,13
329,Entry long,2025-08-08 16:13,M1 scalp up,3394.9,1,3394.9,391.3,0.08,0,538.41,0.11,-194.18,-0.04,-17535.08,-1.75,13
330,Exit long,2025-08-08 17:02,SL,3395.82,1,3398.62,-411.9,-0.08,0,244.2,0.05,-411.9,-0.08,-17946.98,-1.79,18
330,Entry long,2025-08-08 16:44,M1 scalp up,3398.62,1,3398.62,-411.9,-0.08,0,244.2,0.05,-411.9,-0.08,-17946.98,-1.79,18
331,Exit long,2025-08-08 17:59,SL,3393.69,1,3396.59,-426.61,-0.09,0,426.61,0.09,-426.61,-0.09,-18373.59,-1.84,34
331,Entry long,2025-08-08 17:25,M1 scalp up,3396.59,1,3396.59,-426.61,-0.09,0,426.61,0.09,-426.61,-0.09,-18373.59,-1.84,34
332,Exit long,2025-08-10 22:01,TSL,3403.43,1,3396.45,1030.97,0.21,0,1178.67,0.23,-623.73,-0.12,-17342.62,-1.73,58
332,Entry long,2025-08-08 20:03,M1 scalp up,3396.45,1,3396.45,1030.97,0.21,0,1178.67,0.23,-623.73,-0.12,-17342.62,-1.73,58
333,Exit short,2025-08-11 14:02,TSL,3357.41,1,3360.37,437.2,0.09,0,589.33,0.12,-369.26,-0.07,-16905.42,-1.69,12
333,Entry short,2025-08-11 13:50,M1 scalp down,3360.37,1,3360.37,437.2,0.09,0,589.33,0.12,-369.26,-0.07,-16905.42,-1.69,12
334,Exit short,2025-08-11 14:21,TSL,3356.09,1,3358.53,360.4,0.07,0,542.07,0.11,-104.87,-0.02,-16545.02,-1.65,6
334,Entry short,2025-08-11 14:15,M1 scalp down,3358.53,1,3358.53,360.4,0.07,0,542.07,0.11,-104.87,-0.02,-16545.02,-1.65,6
335,Exit short,2025-08-11 14:27,TSL,3355.39,1,3357.96,379.6,0.08,0,527.3,0.11,-91.58,-0.02,-16165.42,-1.62,4
335,Entry short,2025-08-11 14:23,M1 scalp down,3357.96,1,3357.96,379.6,0.08,0,527.3,0.11,-91.58,-0.02,-16165.42,-1.62,4
336,Exit short,2025-08-11 15:09,TSL,3346,1,3348.23,329.38,0.07,0,477.08,0.10,-109.3,-0.02,-15836.05,-1.58,8
336,Entry short,2025-08-11 15:01,M1 scalp down,3348.23,1,3348.23,329.38,0.07,0,477.08,0.10,-109.3,-0.02,-15836.05,-1.58,8
337,Exit short,2025-08-11 15:30,SL,3350.75,1,3347.01,-552.41,-0.11,0,122.59,0.02,-552.41,-0.11,-16388.46,-1.64,11
337,Entry short,2025-08-11 15:19,M1 scalp down,3347.01,1,3347.01,-552.41,-0.11,0,122.59,0.02,-552.41,-0.11,-16388.46,-1.64,11
338,Exit short,2025-08-11 16:07,TSL,3346.66,1,3350.54,573.09,0.12,0,731.13,0.15,-255.53,-0.05,-15815.37,-1.58,33
338,Entry short,2025-08-11 15:34,M1 scalp down,3350.54,1,3350.54,573.09,0.12,0,731.13,0.15,-255.53,-0.05,-15815.37,-1.58,33
339,Exit short,2025-08-11 16:36,TSL,3344.69,1,3347.91,475.6,0.10,0,635.12,0.13,-225.99,-0.05,-15339.77,-1.53,20
339,Entry short,2025-08-11 16:16,M1 scalp down,3347.91,1,3347.91,475.6,0.10,0,635.12,0.13,-225.99,-0.05,-15339.77,-1.53,20
340,Exit short,2025-08-11 17:06,TSL,3343.45,2,6688.96,304.27,0.03,0,451.97,0.05,-29.54,0.00,-15035.5,-1.50,12
340,Entry short,2025-08-11 16:54,M1 scalp down,3344.48,2,6688.96,304.27,0.03,0,451.97,0.05,-29.54,0.00,-15035.5,-1.50,12
341,Exit short,2025-08-11 17:29,SL,3345.37,2,6686.5,-626.26,-0.06,0,321.99,0.03,-626.26,-0.06,-15661.76,-1.57,7
341,Entry short,2025-08-11 17:22,M1 scalp down,3343.25,2,6686.5,-626.26,-0.06,0,321.99,0.03,-626.26,-0.06,-15661.76,-1.57,7
342,Exit short,2025-08-11 19:59,TSL,3351.05,2,6706.64,670.57,0.07,0,836,0.08,-316.08,-0.03,-14991.19,-1.50,23
342,Entry short,2025-08-11 19:36,M1 scalp down,3353.32,2,6706.64,670.57,0.07,0,836,0.08,-316.08,-0.03,-14991.19,-1.50,23
343,Exit short,2025-08-11 20:34,TSL,3348.6,2,6702.82,830.09,0.08,0,977.79,0.10,-23.63,0.00,-14161.1,-1.42,23
343,Entry short,2025-08-11 20:11,M1 scalp down,3351.41,2,6702.82,830.09,0.08,0,977.79,0.10,-23.63,0.00,-14161.1,-1.42,23
344,Exit short,2025-08-12 15:22,SL,3346.45,1,3342.04,-653.3,-0.13,0,157.03,0.03,-653.3,-0.13,-14814.4,-1.48,11
344,Entry short,2025-08-12 15:11,M1 scalp down,3342.04,1,3342.04,-653.3,-0.13,0,157.03,0.03,-653.3,-0.13,-14814.4,-1.48,11
345,Exit short,2025-08-12 16:34,SL,3351.06,1,3347.81,-481.46,-0.10,0,82.96,0.02,-481.46,-0.10,-15295.85,-1.53,7
345,Entry short,2025-08-12 16:27,M1 scalp down,3347.81,1,3347.81,-481.46,-0.10,0,82.96,0.02,-481.46,-0.10,-15295.85,-1.53,7
346,Exit short,2025-08-12 17:51,TSL,3347.41,1,3349.83,358.5,0.07,0,506.64,0.10,-112.59,-0.02,-14937.35,-1.49,58
346,Entry short,2025-08-12 16:53,M1 scalp down,3349.83,1,3349.83,358.5,0.07,0,506.64,0.10,-112.59,-0.02,-14937.35,-1.49,58
347,Exit short,2025-08-12 20:44,SL,3348.95,2,6694.44,-512.57,-0.05,0,177.77,0.02,-512.57,-0.05,-15449.92,-1.54,32
347,Entry short,2025-08-12 20:12,M1 scalp down,3347.22,2,6694.44,-512.57,-0.05,0,177.77,0.02,-512.57,-0.05,-15449.92,-1.54,32
348,Exit long,2025-08-13 14:47,SL,3361.72,1,3366.38,-688.92,-0.14,0,99.05,0.02,-688.92,-0.14,-16138.84,-1.61,31
348,Entry long,2025-08-13 14:16,M1 scalp up,3366.38,1,3366.38,-688.92,-0.14,0,99.05,0.02,-688.92,-0.14,-16138.84,-1.61,31
349,Exit long,2025-08-13 15:12,SL,3358.44,1,3361.64,-473.08,-0.10,0,313.41,0.06,-473.08,-0.10,-16611.91,-1.66,13
349,Entry long,2025-08-13 14:59,M1 scalp up,3361.64,1,3361.64,-473.08,-0.10,0,313.41,0.06,-473.08,-0.10,-16611.91,-1.66,13
350,Exit short,2025-08-13 16:18,SL,3359.93,1,3356.96,-439.07,-0.09,0,122.7,0.02,-439.07,-0.09,-17050.99,-1.71,28
350,Entry short,2025-08-13 15:50,M1 scalp down,3356.96,1,3356.96,-439.07,-0.09,0,122.7,0.02,-439.07,-0.09,-17050.99,-1.71,28
351,Exit long,2025-08-13 16:44,SL,3357.36,2,6718.56,-567.69,-0.06,0,0,0.00,-567.69,-0.06,-17618.68,-1.76,7
351,Entry long,2025-08-13 16:37,M1 scalp up,3359.28,2,6718.56,-567.69,-0.06,0,0,0.00,-567.69,-0.06,-17618.68,-1.76,7
352,Exit long,2025-08-13 17:02,TSL,3358.49,3,10072.8,394.72,0.03,0,545.51,0.04,-93.14,-0.01,-17223.96,-1.72,4
352,Entry long,2025-08-13 16:58,M1 scalp up,3357.6,3,10072.8,394.72,0.03,0,545.51,0.04,-93.14,-0.01,-17223.96,-1.72,4
353,Exit long,2025-08-13 17:17,TSL,3358.57,3,10072.65,452.38,0.03,0,603.17,0.04,-195.14,-0.01,-16771.58,-1.68,11
353,Entry long,2025-08-13 17:06,M1 scalp up,3357.55,3,10072.65,452.38,0.03,0,603.17,0.04,-195.14,-0.01,-16771.58,-1.68,11
354,Exit short,2025-08-13 17:54,TSL,3353.77,2,6710.46,431.68,0.04,0,659.35,0.07,-20.7,0.00,-16339.89,-1.63,5
354,Entry short,2025-08-13 17:49,M1 scalp down,3355.23,2,6710.46,431.68,0.04,0,659.35,0.07,-20.7,0.00,-16339.89,-1.63,5
355,Exit short,2025-08-14 16:14,TSL,3334.22,1,3338.65,652.87,0.13,0,817.93,0.17,-616.02,-0.13,-15687.03,-1.57,57
355,Entry short,2025-08-14 15:17,M1 scalp down,3338.65,1,3338.65,652.87,0.13,0,817.93,0.17,-616.02,-0.13,-15687.03,-1.57,57
356,Exit short,2025-08-14 17:21,SL,3337.79,1,3333.25,-669.08,-0.14,0,196.01,0.04,-669.08,-0.14,-16356.11,-1.64,46
356,Entry short,2025-08-14 16:35,M1 scalp down,3333.25,1,3333.25,-669.08,-0.14,0,196.01,0.04,-669.08,-0.14,-16356.11,-1.64,46
357,Exit short,2025-08-14 17:30,TSL,3337.08,2,6676.54,350.75,0.04,0,524.65,0.05,-56,-0.01,-16005.36,-1.60,2
357,Entry short,2025-08-14 17:28,M1 scalp down,3338.27,2,6676.54,350.75,0.04,0,524.65,0.05,-56,-0.01,-16005.36,-1.60,2
358,Exit short,2025-08-14 19:03,SL,3339.39,2,6674.04,-698.55,-0.07,0,315.38,0.03,-698.55,-0.07,-16703.91,-1.67,79
358,Entry short,2025-08-14 17:44,M1 scalp down,3337.02,2,6674.04,-698.55,-0.07,0,315.38,0.03,-698.55,-0.07,-16703.91,-1.67,79
359,Exit short,2025-08-15 13:31,TSL,3339.6,1,3339.6,0,0.00,0,0,0.00,0,0.00,-16703.91,-1.67,0
359,Entry short,2025-08-15 13:31,M1 scalp down,3339.6,1,3339.6,0,0.00,0,0,0.00,0,0.00,-16703.91,-1.67,0
360,Exit short,2025-08-15 15:02,SL,3343.96,1,3339.33,-684.07,-0.14,0,224.58,0.05,-684.07,-0.14,-17387.98,-1.74,51
360,Entry short,2025-08-15 14:11,M1 scalp down,3339.33,1,3339.33,-684.07,-0.14,0,224.58,0.05,-684.07,-0.14,-17387.98,-1.74,51
361,Exit short,2025-08-15 16:09,TSL,3340.93,1,3343.64,400.4,0.08,0,576.22,0.12,-209.8,-0.04,-16987.58,-1.70,49
361,Entry short,2025-08-15 15:20,M1 scalp down,3343.64,1,3343.64,400.4,0.08,0,576.22,0.12,-209.8,-0.04,-16987.58,-1.70,49
362,Exit short,2025-08-15 16:48,TSL,3337.96,2,6678.18,333.91,0.03,0,481.66,0.05,-100.47,-0.01,-16653.67,-1.67,9
362,Entry short,2025-08-15 16:39,M1 scalp down,3339.09,2,6678.18,333.91,0.03,0,481.66,0.05,-100.47,-0.01,-16653.67,-1.67,9
363,Exit short,2025-08-15 17:07,TSL,3336.02,2,6676.28,626.45,0.06,0,774.2,0.08,-260.04,-0.03,-16027.22,-1.60,7
363,Entry short,2025-08-15 17:00,M1 scalp down,3338.14,2,6676.28,626.45,0.06,0,774.2,0.08,-260.04,-0.03,-16027.22,-1.60,7
364,Exit short,2025-08-15 18:04,TSL,3335.29,2,6673.78,472.79,0.05,0,644.18,0.07,-195.03,-0.02,-15554.43,-1.56,47
364,Entry short,2025-08-15 17:17,M1 scalp down,3336.89,2,6673.78,472.79,0.05,0,644.18,0.07,-195.03,-0.02,-15554.43,-1.56,47
365,Exit short,2025-08-15 20:24,TSL,3337.54,3,10014.84,328,0.02,0,478.7,0.03,-598.38,-0.04,-15226.43,-1.52,31
365,Entry short,2025-08-15 19:53,M1 scalp down,3338.28,3,10014.84,328,0.02,0,478.7,0.03,-598.38,-0.04,-15226.43,-1.52,31
366,Exit short,2025-08-18 14:49,TSL,3334.98,1,3337.01,298.65,0.06,0,448.71,0.09,-258.93,-0.05,-14927.78,-1.49,25
366,Entry short,2025-08-18 14:24,M1 scalp down,3337.01,1,3337.01,298.65,0.06,0,448.71,0.09,-258.93,-0.05,-14927.78,-1.49,25
367,Exit short,2025-08-18 16:21,TSL,3332.84,1,3334.87,298.65,0.06,0,445.77,0.09,-297.18,-0.06,-14629.13,-1.46,80
367,Entry short,2025-08-18 15:01,M1 scalp down,3334.87,1,3334.87,298.65,0.06,0,445.77,0.09,-297.18,-0.06,-14629.13,-1.46,80
368,Exit short,2025-08-18 17:45,SL,3334.67,2,6665.66,-541.4,-0.06,0,329.55,0.03,-541.4,-0.06,-15170.52,-1.52,73
368,Entry short,2025-08-18 16:32,M1 scalp down,3332.83,2,6665.66,-541.4,-0.06,0,329.55,0.03,-541.4,-0.06,-15170.52,-1.52,73
369,Exit short,2025-08-19 13:36,SL,3336.77,1,3332.68,-604.76,-0.12,0,31.05,0.01,-604.76,-0.12,-15775.28,-1.58,5
369,Entry short,2025-08-19 13:31,M1 scalp down,3332.68,1,3332.68,-604.76,-0.12,0,31.05,0.01,-604.76,-0.12,-15775.28,-1.58,5
370,Exit short,2025-08-19 14:00,TSL,3334.65,1,3337.39,405.14,0.08,0,572.23,0.12,-273.54,-0.06,-15370.14,-1.54,18
370,Entry short,2025-08-19 13:42,M1 scalp down,3337.39,1,3337.39,405.14,0.08,0,572.23,0.12,-273.54,-0.06,-15370.14,-1.54,18
371,Exit short,2025-08-19 14:35,TSL,3332.9,1,3336.15,480.55,0.10,0,628.41,0.13,-78.37,-0.02,-14889.59,-1.49,12
371,Entry short,2025-08-19 14:23,M1 scalp down,3336.15,1,3336.15,480.55,0.10,0,628.41,0.13,-78.37,-0.02,-14889.59,-1.49,12
372,Exit short,2025-08-19 15:03,TSL,3323.24,1,3325.55,341.56,0.07,0,547.09,0.11,-147.86,-0.03,-14548.02,-1.45,3
372,Entry short,2025-08-19 15:00,M1 scalp down,3325.55,1,3325.55,341.56,0.07,0,547.09,0.11,-147.86,-0.03,-14548.02,-1.45,3
373,Exit short,2025-08-19 16:14,TSL,3321.6,1,3323.85,332.69,0.07,0,487.94,0.10,-433.24,-0.09,-14215.33,-1.42,57
373,Entry short,2025-08-19 15:17,M1 scalp down,3323.85,1,3323.85,332.69,0.07,0,487.94,0.10,-433.24,-0.09,-14215.33,-1.42,57
374,Exit short,2025-08-19 16:54,TSL,3317.54,2,6638.98,576.66,0.06,0,730.44,0.07,-319.38,-0.03,-13638.67,-1.36,11
374,Entry short,2025-08-19 16:43,M1 scalp down,3319.49,2,6638.98,576.66,0.06,0,730.44,0.07,-319.38,-0.03,-13638.67,-1.36,11
375,Exit short,2025-08-19 17:30,TSL,3315.87,1,3318.37,369.66,0.08,0,517.52,0.11,-99.07,-0.02,-13269.02,-1.33,23
375,Entry short,2025-08-19 17:07,M1 scalp down,3318.37,1,3318.37,369.66,0.08,0,517.52,0.11,-99.07,-0.02,-13269.02,-1.33,23
376,Exit short,2025-08-19 20:18,TSL,3315.92,1,3318.04,313.47,0.06,0,461.33,0.09,-325.3,-0.07,-12955.55,-1.30,160
376,Entry short,2025-08-19 17:38,M1 scalp down,3318.04,1,3318.04,313.47,0.06,0,461.33,0.09,-325.3,-0.07,-12955.55,-1.30,160
377,Exit long,2025-08-20 13:59,TSL,3344.85,1,3340.93,578.81,0.12,0,726.46,0.15,-93.02,-0.02,-12376.74,-1.24,9
377,Entry long,2025-08-20 13:50,M1 scalp up,3340.93,1,3340.93,578.81,0.12,0,726.46,0.15,-93.02,-0.02,-12376.74,-1.24,9
378,Exit long,2025-08-20 14:34,TSL,3345.46,1,3341.05,651.16,0.13,0,798.81,0.16,-149.13,-0.03,-11725.58,-1.17,18
378,Entry long,2025-08-20 14:16,M1 scalp up,3341.05,1,3341.05,651.16,0.13,0,798.81,0.16,-149.13,-0.03,-11725.58,-1.17,18
379,Exit long,2025-08-20 15:09,SL,3342.89,1,3346.36,-512.36,-0.10,0,11.81,0.00,-512.36,-0.10,-12237.95,-1.22,8
379,Entry long,2025-08-20 15:01,M1 scalp up,3346.36,1,3346.36,-512.36,-0.10,0,11.81,0.00,-512.36,-0.10,-12237.95,-1.22,8
380,Exit long,2025-08-20 15:26,SL,3339.55,1,3342.79,-478.4,-0.10,0,42.82,0.01,-478.4,-0.10,-12716.35,-1.27,11
380,Entry long,2025-08-20 15:15,M1 scalp up,3342.79,1,3342.79,-478.4,-0.10,0,42.82,0.01,-478.4,-0.10,-12716.35,-1.27,11
381,Exit long,2025-08-20 16:06,TSL,3342.58,1,3340.19,352.9,0.07,0,500.55,0.10,-191.95,-0.04,-12363.45,-1.24,32
381,Entry long,2025-08-20 15:34,M1 scalp up,3340.19,1,3340.19,352.9,0.07,0,500.55,0.10,-191.95,-0.04,-12363.45,-1.24,32
382,Exit long,2025-08-20 16:35,TSL,3344.32,2,6685.78,422.29,0.04,0,569.95,0.06,-29.53,0.00,-11941.16,-1.19,10
382,Entry long,2025-08-20 16:25,M1 scalp up,3342.89,2,6685.78,422.29,0.04,0,569.95,0.06,-29.53,0.00,-11941.16,-1.19,10
383,Exit long,2025-08-20 16:57,TSL,3345.52,2,6688.78,333.7,0.03,0,484.31,0.05,-88.59,-0.01,-11607.46,-1.16,7
383,Entry long,2025-08-20 16:50,M1 scalp up,3344.39,2,6688.78,333.7,0.03,0,484.31,0.05,-88.59,-0.01,-11607.46,-1.16,7
384,Exit long,2025-08-20 17:11,TSL,3345.39,3,10033.89,336.65,0.02,0,487.26,0.03,-265.78,-0.02,-11270.81,-1.13,3
384,Entry long,2025-08-20 17:08,M1 scalp up,3344.63,3,10033.89,336.65,0.02,0,487.26,0.03,-265.78,-0.02,-11270.81,-1.13,3
385,Exit long,2025-08-20 17:55,TSL,3347.6,2,6690.94,629.01,0.06,0,776.67,0.08,-82.69,-0.01,-10641.8,-1.06,22
385,Entry long,2025-08-20 17:33,M1 scalp up,3345.47,2,6690.94,629.01,0.06,0,776.67,0.08,-82.69,-0.01,-10641.8,-1.06,22
386,Exit long,2025-08-20 20:28,TSL,3348.82,3,10043.79,394.24,0.03,0,544.85,0.04,-212.62,-0.01,-10247.56,-1.02,27
386,Entry long,2025-08-20 20:01,M1 scalp up,3347.93,3,10043.79,394.24,0.03,0,544.85,0.04,-212.62,-0.01,-10247.56,-1.02,27
387,Exit long,2025-08-21 13:45,SL,3341.25,1,3345.3,-596.61,-0.12,0,27.99,0.01,-596.61,-0.12,-10844.17,-1.08,1
387,Entry long,2025-08-21 13:44,M1 scalp up,3345.3,1,3345.3,-596.61,-0.12,0,27.99,0.01,-596.61,-0.12,-10844.17,-1.08,1
388,Exit long,2025-08-21 15:08,SL,3340.3,1,3344.37,-599.56,-0.12,0,247.48,0.05,-599.56,-0.12,-11443.72,-1.14,26
388,Entry long,2025-08-21 14:42,M1 scalp up,3344.37,1,3344.37,-599.56,-0.12,0,247.48,0.05,-599.56,-0.12,-11443.72,-1.14,26
389,Exit long,2025-08-21 16:15,SL,3341.28,1,3344.39,-458.14,-0.09,0,70.71,0.01,-458.14,-0.09,-11901.86,-1.19,24
389,Entry long,2025-08-21 15:51,M1 scalp up,3344.39,1,3344.39,-458.14,-0.09,0,70.71,0.01,-458.14,-0.09,-11901.86,-1.19,24
390,Exit long,2025-08-21 16:37,SL,3339,2,6682.9,-721.82,-0.07,0,138.47,0.01,-721.82,-0.07,-12623.68,-1.26,18
390,Entry long,2025-08-21 16:19,M1 scalp up,3341.45,2,6682.9,-721.82,-0.07,0,138.47,0.01,-721.82,-0.07,-12623.68,-1.26,18
391,Exit long,2025-08-21 17:10,TSL,3341.56,2,6678.1,739.5,0.08,0,886.81,0.09,-218.02,-0.02,-11884.18,-1.19,18
391,Entry long,2025-08-21 16:52,M1 scalp up,3339.05,2,6678.1,739.5,0.08,0,886.81,0.09,-218.02,-0.02,-11884.18,-1.19,18
392,Exit long,2025-08-21 17:28,SL,3338.55,2,6680.98,-571.57,-0.06,0,11.78,0.00,-571.57,-0.06,-12455.75,-1.25,12
392,Entry long,2025-08-21 17:16,M1 scalp up,3340.49,2,6680.98,-571.57,-0.06,0,11.78,0.00,-571.57,-0.06,-12455.75,-1.25,12
393,Exit long,2025-08-21 17:59,SL,3337.06,2,6677.6,-512.64,-0.05,0,20.62,0.00,-512.64,-0.05,-12968.39,-1.30,18
393,Entry long,2025-08-21 17:41,M1 scalp up,3338.8,2,6677.6,-512.64,-0.05,0,20.62,0.00,-512.64,-0.05,-12968.39,-1.30,18
394,Exit short,2025-08-22 14:00,SL,3338.04,1,3334.13,-580.11,-0.12,0,148.37,0.03,-580.11,-0.12,-13548.5,-1.35,9
394,Entry short,2025-08-22 13:51,M1 scalp down,3334.13,1,3334.13,-580.11,-0.12,0,148.37,0.03,-580.11,-0.12,-13548.5,-1.35,9
395,Exit long,2025-08-22 15:31,TSL,3377.27,1,3375.21,305.63,0.06,0,540.05,0.11,-167.65,-0.03,-13242.87,-1.32,12
395,Entry long,2025-08-22 15:19,M1 scalp up,3375.21,1,3375.21,305.63,0.06,0,540.05,0.11,-167.65,-0.03,-13242.87,-1.32,12
396,Exit long,2025-08-22 15:45,SL,3371.45,1,3375.66,-624.62,-0.12,0,249.25,0.05,-624.62,-0.12,-13867.49,-1.39,8
396,Entry long,2025-08-22 15:37,M1 scalp up,3375.66,1,3375.66,-624.62,-0.12,0,249.25,0.05,-624.62,-0.12,-13867.49,-1.39,8
397,Exit long,2025-08-22 16:03,TSL,3370.16,1,3367.83,345.69,0.07,0,502.96,0.10,0,0.00,-13521.8,-1.35,3
397,Entry long,2025-08-22 16:00,M1 scalp up,3367.83,1,3367.83,345.69,0.07,0,502.96,0.10,0,0.00,-13521.8,-1.35,3
398,Exit long,2025-08-22 17:54,TSL,3374.52,1,3372.01,372.4,0.07,0,520.76,0.10,-514.83,-0.10,-13149.4,-1.31,94
398,Entry long,2025-08-22 16:20,M1 scalp up,3372.01,1,3372.01,372.4,0.07,0,520.76,0.10,-514.83,-0.10,-13149.4,-1.31,94
399,Exit long,2025-08-22 19:36,TSL,3369.95,3,10107.39,364.98,0.02,0,569.73,0.04,-53.41,0.00,-12784.42,-1.28,4
399,Entry long,2025-08-22 19:32,M1 scalp up,3369.13,3,10107.39,364.98,0.02,0,569.73,0.04,-53.41,0.00,-12784.42,-1.28,4
400,Exit long,2025-08-24 22:01,SL,3369.95,2,6743.72,-561.09,-0.06,0,139.46,0.01,-561.09,-0.06,-13345.51,-1.33,55
400,Entry long,2025-08-22 20:06,M1 scalp up,3371.86,2,6743.72,-561.09,-0.06,0,139.46,0.01,-561.09,-0.06,-13345.51,-1.33,55
401,Exit long,2025-08-25 14:48,TSL,3374.04,1,3371.63,353.99,0.07,0,500.87,0.10,-346.64,-0.07,-12991.52,-1.30,26
401,Entry long,2025-08-25 14:22,M1 scalp up,3371.63,1,3371.63,353.99,0.07,0,500.87,0.10,-346.64,-0.07,-12991.52,-1.30,26
402,Exit long,2025-08-25 17:56,SL,3371.17,1,3373.83,-390.71,-0.08,0,351.05,0.07,-390.71,-0.08,-13382.23,-1.34,178
402,Entry long,2025-08-25 14:58,M1 scalp up,3373.83,1,3373.83,-390.71,-0.08,0,351.05,0.07,-390.71,-0.08,-13382.23,-1.34,178
403,Exit long,2025-08-26 13:54,TSL,3376.39,1,3374.04,347.26,0.07,0,520.15,0.10,-144.81,-0.03,-13034.97,-1.30,6
403,Entry long,2025-08-26 13:48,M1 scalp up,3374.04,1,3374.04,347.26,0.07,0,520.15,0.10,-144.81,-0.03,-13034.97,-1.30,6
404,Exit long,2025-08-26 14:25,TSL,3375.22,1,3372.12,458.09,0.09,0,617.68,0.12,-268.94,-0.05,-12576.89,-1.26,13
404,Entry long,2025-08-26 14:12,M1 scalp up,3372.12,1,3372.12,458.09,0.09,0,617.68,0.12,-268.94,-0.05,-12576.89,-1.26,13
405,Exit long,2025-08-26 16:45,SL,3382.85,1,3385.64,-412.28,-0.08,0,59.11,0.01,-412.28,-0.08,-12989.16,-1.30,36
405,Entry long,2025-08-26 16:09,M1 scalp up,3385.64,1,3385.64,-412.28,-0.08,0,59.11,0.01,-412.28,-0.08,-12989.16,-1.30,36
406,Exit long,2025-08-26 17:18,TSL,3383.62,3,10148.46,354.65,0.02,0,735.89,0.05,-35.46,0.00,-12634.52,-1.26,9
406,Entry long,2025-08-26 17:09,M1 scalp up,3382.82,3,10148.46,354.65,0.02,0,735.89,0.05,-35.46,0.00,-12634.52,-1.26,9
407,Exit long,2025-08-26 17:38,SL,3382.16,2,6767.86,-523.11,-0.05,0,106.39,0.01,-523.11,-0.05,-13157.62,-1.32,8
407,Entry long,2025-08-26 17:30,M1 scalp up,3383.93,2,6767.86,-523.11,-0.05,0,106.39,0.01,-523.11,-0.05,-13157.62,-1.32,8
408,Exit long,2025-08-26 20:08,TSL,3390.59,3,10169.13,390.11,0.03,0,540.84,0.04,-234.95,-0.02,-12767.51,-1.28,8
408,Entry long,2025-08-26 20:00,M1 scalp up,3389.71,3,10169.13,390.11,0.03,0,540.84,0.04,-234.95,-0.02,-12767.51,-1.28,8
409,Exit long,2025-08-27 13:41,TSL,3380.53,1,3378.89,241.6,0.05,0,455.21,0.09,-100.18,-0.02,-12525.91,-1.25,3
409,Entry long,2025-08-27 13:38,M1 scalp up,3378.89,1,3378.89,241.6,0.05,0,455.21,0.09,-100.18,-0.02,-12525.91,-1.25,3
410,Exit long,2025-08-27 14:23,TSL,3381.22,1,3378.78,359.45,0.07,0,506.77,0.10,-474.36,-0.10,-12166.46,-1.22,40
410,Entry long,2025-08-27 13:43,M1 scalp up,3378.78,1,3378.78,359.45,0.07,0,506.77,0.10,-474.36,-0.10,-12166.46,-1.22,40
411,Exit long,2025-08-27 14:56,TSL,3384.9,1,3381.84,450.79,0.09,0,598.11,0.12,-131.11,-0.03,-11715.67,-1.17,21
411,Entry long,2025-08-27 14:35,M1 scalp up,3381.84,1,3381.84,450.79,0.09,0,598.11,0.12,-131.11,-0.03,-11715.67,-1.17,21
412,Exit long,2025-08-27 16:31,TSL,3390.48,1,3388.22,332.94,0.07,0,480.25,0.10,-312.31,-0.06,-11382.73,-1.14,67
412,Entry long,2025-08-27 15:24,M1 scalp up,3388.22,1,3388.22,332.94,0.07,0,480.25,0.10,-312.31,-0.06,-11382.73,-1.14,67
413,Exit long,2025-08-27 22:06,TSL,3397.75,1,3395.38,349.31,0.07,0,496.7,0.10,-462.58,-0.09,-11033.41,-1.10,246
413,Entry long,2025-08-27 17:00,M1 scalp up,3395.38,1,3395.38,349.31,0.07,0,496.7,0.10,-462.58,-0.09,-11033.41,-1.10,246
414,Exit long,2025-08-28 13:43,TSL,3406.61,1,3403.17,507.02,0.10,0,663.26,0.13,-206.35,-0.04,-10526.39,-1.05,5
414,Entry long,2025-08-28 13:38,M1 scalp up,3403.17,1,3403.17,507.02,0.10,0,663.26,0.13,-206.35,-0.04,-10526.39,-1.05,5
415,Exit long,2025-08-28 14:30,TSL,3410.86,1,3408.8,303.62,0.06,0,468.7,0.09,-184.24,-0.04,-10222.77,-1.02,8
415,Entry long,2025-08-28 14:22,M1 scalp up,3408.8,1,3408.8,303.62,0.06,0,468.7,0.09,-184.24,-0.04,-10222.77,-1.02,8
416,Exit long,2025-08-28 15:21,SL,3407.64,1,3411.17,-520.29,-0.10,0,299.2,0.06,-520.29,-0.10,-10743.06,-1.07,30
416,Entry long,2025-08-28 14:51,M1 scalp up,3411.17,1,3411.17,-520.29,-0.10,0,299.2,0.06,-520.29,-0.10,-10743.06,-1.07,30
417,Exit long,2025-08-28 15:55,TSL,3409.23,1,3406.38,420.06,0.08,0,567.45,0.11,-282.99,-0.06,-10323,-1.03,26
417,Entry long,2025-08-28 15:29,M1 scalp up,3406.38,1,3406.38,420.06,0.08,0,567.45,0.11,-282.99,-0.06,-10323,-1.03,26
418,Exit long,2025-08-28 16:48,TSL,3416.39,2,6830.1,395.01,0.04,0,542.4,0.05,-218.14,-0.02,-9927.99,-0.99,8
418,Entry long,2025-08-28 16:40,M1 scalp up,3415.05,2,6830.1,395.01,0.04,0,542.4,0.05,-218.14,-0.02,-9927.99,-0.99,8
419,Exit long,2025-08-28 17:55,TSL,3418.25,2,6831.04,804.75,0.08,0,952.14,0.09,-300.68,-0.03,-9123.24,-0.91,55
419,Entry long,2025-08-28 17:00,M1 scalp up,3415.52,2,6831.04,804.75,0.08,0,952.14,0.09,-300.68,-0.03,-9123.24,-0.91,55
420,Exit long,2025-08-28 19:48,TSL,3419.99,3,10256.73,477.54,0.03,0,627.88,0.04,-468.7,-0.03,-8645.7,-0.86,17
420,Entry long,2025-08-28 19:31,M1 scalp up,3418.91,3,10256.73,477.54,0.03,0,627.88,0.04,-468.7,-0.03,-8645.7,-0.86,17
421,Exit long,2025-08-28 20:18,SL,3418.31,2,6840.74,-607.25,-0.06,0,106.12,0.01,-607.25,-0.06,-9252.94,-0.93,16
421,Entry long,2025-08-28 20:02,M1 scalp up,3420.37,2,6840.74,-607.25,-0.06,0,106.12,0.01,-607.25,-0.06,-9252.94,-0.93,16
422,Exit long,2025-08-28 22:02,TSL,3417.29,3,10249.77,308.56,0.02,0,740.53,0.05,-234.35,-0.02,-8944.39,-0.89,30
422,Entry long,2025-08-28 20:32,M1 scalp up,3416.59,3,10249.77,308.56,0.02,0,740.53,0.05,-234.35,-0.02,-8944.39,-0.89,30
423,Exit long,2025-08-29 15:01,TSL,3440.44,1,3436.18,625.93,0.12,0,772.86,0.15,-427.57,-0.08,-8318.46,-0.83,16
423,Entry long,2025-08-29 14:45,M1 scalp up,3436.18,1,3436.18,625.93,0.12,0,772.86,0.15,-427.57,-0.08,-8318.46,-0.83,16
424,Exit long,2025-08-29 15:33,TSL,3445.06,1,3442.98,305.62,0.06,0,452.55,0.09,-83.75,-0.02,-8012.85,-0.80,6
424,Entry long,2025-08-29 15:27,M1 scalp up,3442.98,1,3442.98,305.62,0.06,0,452.55,0.09,-83.75,-0.02,-8012.85,-0.80,6
425,Exit long,2025-08-29 16:15,SL,3442.99,1,3445.78,-409.94,-0.08,0,383.49,0.08,-409.94,-0.08,-8422.78,-0.84,19
425,Entry long,2025-08-29 15:56,M1 scalp up,3445.78,1,3445.78,-409.94,-0.08,0,383.49,0.08,-409.94,-0.08,-8422.78,-0.84,19
426,Exit long,2025-08-29 17:01,TSL,3448.39,1,3445.85,373.2,0.07,0,520.14,0.10,-14.69,0.00,-8049.58,-0.80,19
426,Entry long,2025-08-29 16:42,M1 scalp up,3445.85,1,3445.85,373.2,0.07,0,520.14,0.10,-14.69,0.00,-8049.58,-0.80,19
427,Exit long,2025-08-29 17:40,SL,3445.66,1,3448.22,-376.14,-0.07,0,283.58,0.06,-376.14,-0.07,-8425.72,-0.84,31
427,Entry long,2025-08-29 17:09,M1 scalp up,3448.22,1,3448.22,-376.14,-0.07,0,283.58,0.06,-376.14,-0.07,-8425.72,-0.84,31
428,Exit long,2025-08-29 17:50,SL,3441.02,2,6887.08,-740.53,-0.07,0,26.45,0.00,-740.53,-0.07,-9166.25,-0.92,1
428,Entry long,2025-08-29 17:49,M1 scalp up,3443.54,2,6887.08,-740.53,-0.07,0,26.45,0.00,-740.53,-0.07,-9166.25,-0.92,1
429,Exit long,2025-08-29 20:03,SL,3446.81,1,3449.93,-458.42,-0.09,0,30.86,0.01,-458.42,-0.09,-9624.68,-0.96,2
429,Entry long,2025-08-29 20:01,M1 scalp up,3449.93,1,3449.93,-458.42,-0.09,0,30.86,0.01,-458.42,-0.09,-9624.68,-0.96,2
430,Exit long,2025-08-29 20:30,TSL,3449.38,1,3447.34,299.74,0.06,0,446.67,0.09,-236.56,-0.05,-9324.94,-0.93,21
430,Entry long,2025-08-29 20:09,M1 scalp up,3447.34,1,3447.34,299.74,0.06,0,446.67,0.09,-236.56,-0.05,-9324.94,-0.93,21
431,Exit long,2025-08-29 20:45,TSL,3448.67,2,6895.32,296.8,0.03,0,443.73,0.04,-217.46,-0.02,-9028.14,-0.90,12
431,Entry long,2025-08-29 20:33,M1 scalp up,3447.66,2,6895.32,296.8,0.03,0,443.73,0.04,-217.46,-0.02,-9028.14,-0.90,12
432,Exit long,2025-08-31 22:00,SL,3445.35,2,6894.22,-517.58,-0.05,0,349.7,0.03,-517.58,-0.05,-9545.72,-0.95,1
432,Entry long,2025-08-29 20:59,M1 scalp up,3447.11,2,6894.22,-517.58,-0.05,0,349.7,0.03,-517.58,-0.05,-9545.72,-0.95,1
433,Exit long,2025-09-01 14:23,TSL,3480.41,1,3476.85,523.46,0.10,0,670.5,0.13,-379.36,-0.07,-9022.26,-0.90,44
433,Entry long,2025-09-01 13:39,M1 scalp up,3476.85,1,3476.85,523.46,0.10,0,670.5,0.13,-379.36,-0.07,-9022.26,-0.90,44
434,Exit long,2025-09-01 14:37,TSL,3478.25,1,3476.1,316.14,0.06,0,472,0.09,-124.98,-0.02,-8706.12,-0.87,10
434,Entry long,2025-09-01 14:27,M1 scalp up,3476.1,1,3476.1,316.14,0.06,0,472,0.09,-124.98,-0.02,-8706.12,-0.87,10
435,Exit long,2025-09-01 16:02,SL,3473.01,1,3476.16,-463.18,-0.09,0,427.89,0.08,-463.18,-0.09,-9169.3,-0.92,80
435,Entry long,2025-09-01 14:42,M1 scalp up,3476.16,1,3476.16,-463.18,-0.09,0,427.89,0.08,-463.18,-0.09,-9169.3,-0.92,80
436,Exit long,2025-09-01 16:55,TSL,3477.07,2,6946.28,1155.73,0.11,0,1302.77,0.13,-244.09,-0.02,-8013.56,-0.80,49
436,Entry long,2025-09-01 16:06,M1 scalp up,3473.14,2,6946.28,1155.73,0.11,0,1302.77,0.13,-244.09,-0.02,-8013.56,-0.80,49
437,Exit long,2025-09-02 15:46,TSL,3515.58,1,3512.11,510.68,0.10,0,657.85,0.13,-70.64,-0.01,-7502.88,-0.75,5
437,Entry long,2025-09-02 15:41,M1 scalp up,3512.11,1,3512.11,510.68,0.10,0,657.85,0.13,-70.64,-0.01,-7502.88,-0.75,5
438,Exit long,2025-09-02 16:53,TSL,3527.69,1,3525.36,342.91,0.07,0,490.08,0.09,-8.83,0.00,-7159.98,-0.72,9
438,Entry long,2025-09-02 16:44,M1 scalp up,3525.36,1,3525.36,342.91,0.07,0,490.08,0.09,-8.83,0.00,-7159.98,-0.72,9
439,Exit long,2025-09-02 17:03,SL,3522.53,1,3525.98,-507.74,-0.10,0,23.55,0.00,-507.74,-0.10,-7667.71,-0.77,1
439,Entry long,2025-09-02 17:02,M1 scalp up,3525.98,1,3525.98,-507.74,-0.10,0,23.55,0.00,-507.74,-0.10,-7667.71,-0.77,1
440,Exit long,2025-09-02 18:13,TSL,3529.02,1,3526.89,313.47,0.06,0,460.64,0.09,-303.17,-0.06,-7354.24,-0.74,38
440,Entry long,2025-09-02 17:35,M1 scalp up,3526.89,1,3526.89,313.47,0.06,0,460.64,0.09,-303.17,-0.06,-7354.24,-0.74,38
441,Exit long,2025-09-02 19:53,SL,3535.83,2,7076.2,-668.15,-0.06,0,47.09,0.00,-668.15,-0.06,-8022.39,-0.80,0
441,Entry long,2025-09-02 19:53,M1 scalp up,3538.1,2,7076.2,-668.15,-0.06,0,47.09,0.00,-668.15,-0.06,-8022.39,-0.80,0
442,Exit long,2025-09-02 20:59,SL,3533.11,1,3536.02,-428.26,-0.08,0,73.58,0.01,-428.26,-0.08,-8450.66,-0.85,45
442,Entry long,2025-09-02 20:14,M1 scalp up,3536.02,1,3536.02,-428.26,-0.08,0,73.58,0.01,-428.26,-0.08,-8450.66,-0.85,45
443,Exit long,2025-09-03 16:33,TSL,3567.7,1,3563.21,666.15,0.13,0,814.51,0.15,-299.69,-0.06,-7784.51,-0.78,54
443,Entry long,2025-09-03 15:39,M1 scalp up,3563.21,1,3563.21,666.15,0.13,0,814.51,0.15,-299.69,-0.06,-7784.51,-0.78,54
444,Exit long,2025-09-03 17:15,TSL,3572.18,2,7141.82,376.84,0.04,0,611.25,0.06,-207.71,-0.02,-7407.67,-0.74,6
444,Entry long,2025-09-03 17:09,M1 scalp up,3570.91,2,7141.82,376.84,0.04,0,611.25,0.06,-207.71,-0.02,-7407.67,-0.74,6
445,Exit long,2025-09-03 17:30,TSL,3571.73,2,7142.22,183.97,0.02,0,474.76,0.04,-112.76,-0.01,-7223.7,-0.72,5
445,Entry long,2025-09-03 17:25,M1 scalp up,3571.11,2,7142.22,183.97,0.02,0,474.76,0.04,-112.76,-0.01,-7223.7,-0.72,5
446,Exit long,2025-09-03 19:43,TSL,3564.73,1,3561.91,418.38,0.08,0,566.74,0.11,-38.57,-0.01,-6805.32,-0.68,11
446,Entry long,2025-09-03 19:32,M1 scalp up,3561.91,1,3561.91,418.38,0.08,0,566.74,0.11,-38.57,-0.01,-6805.32,-0.68,11
447,Exit long,2025-09-03 20:26,TSL,3565.04,1,3562.98,305.63,0.06,0,453.99,0.09,-255.18,-0.05,-6499.7,-0.65,40
447,Entry long,2025-09-03 19:46,M1 scalp up,3562.98,1,3562.98,305.63,0.06,0,453.99,0.09,-255.18,-0.05,-6499.7,-0.65,40
448,Exit long,2025-09-03 20:49,SL,3560.2,1,3562.75,-378.32,-0.07,0,206.22,0.04,-378.32,-0.07,-6878.02,-0.69,18
448,Entry long,2025-09-03 20:31,M1 scalp up,3562.75,1,3562.75,-378.32,-0.07,0,206.22,0.04,-378.32,-0.07,-6878.02,-0.69,18
449,Exit long,2025-09-03 22:31,TSL,3563.21,1,3559.62,531.41,0.10,0,679.44,0.13,-143.91,-0.03,-6346.61,-0.63,35
449,Entry long,2025-09-03 20:56,M1 scalp up,3559.62,1,3559.62,531.41,0.10,0,679.44,0.13,-143.91,-0.03,-6346.61,-0.63,35
450,Exit long,2025-09-04 15:27,SL,3543.12,1,3547,-574.34,-0.11,0,106.58,0.02,-574.34,-0.11,-6920.95,-0.69,6
450,Entry long,2025-09-04 15:21,M1 scalp up,3547,1,3547,-574.34,-0.11,0,106.58,0.02,-574.34,-0.11,-6920.95,-0.69,6
451,Exit long,2025-09-04 16:22,TSL,3555.2,1,3551.96,479.6,0.09,0,630.59,0.12,-16.28,0.00,-6441.34,-0.64,11
451,Entry long,2025-09-04 16:11,M1 scalp up,3551.96,1,3551.96,479.6,0.09,0,630.59,0.12,-16.28,0.00,-6441.34,-0.64,11
452,Exit long,2025-09-04 17:10,TSL,3554.47,1,3552.03,361.18,0.07,0,509.21,0.10,-405.59,-0.08,-6080.16,-0.61,46
452,Entry long,2025-09-04 16:24,M1 scalp up,3552.03,1,3552.03,361.18,0.07,0,509.21,0.10,-405.59,-0.08,-6080.16,-0.61,46
453,Exit long,2025-09-04 17:25,SL,3550.05,1,3552.77,-402.63,-0.08,0,19.24,0.00,-402.63,-0.08,-6482.79,-0.65,13
453,Entry long,2025-09-04 17:12,M1 scalp up,3552.77,1,3552.77,-402.63,-0.08,0,19.24,0.00,-402.63,-0.08,-6482.79,-0.65,13
454,Exit long,2025-09-04 17:46,SL,3544.81,1,3547.83,-447.04,-0.09,0,165.79,0.03,-447.04,-0.09,-6929.83,-0.69,15
454,Entry long,2025-09-04 17:31,M1 scalp up,3547.83,1,3547.83,-447.04,-0.09,0,165.79,0.03,-447.04,-0.09,-6929.83,-0.69,15
455,Exit long,2025-09-04 18:41,TSL,3546.71,1,3543.58,463.32,0.09,0,611.35,0.12,-149.51,-0.03,-6466.51,-0.65,49
455,Entry long,2025-09-04 17:52,M1 scalp up,3543.58,1,3543.58,463.32,0.09,0,611.35,0.12,-149.51,-0.03,-6466.51,-0.65,49
456,Exit long,2025-09-04 20:34,SL,3548.31,3,10649.85,-728.29,-0.05,0,239.8,0.02,-728.29,-0.05,-7194.8,-0.72,44
456,Entry long,2025-09-04 19:50,M1 scalp up,3549.95,3,10649.85,-728.29,-0.05,0,239.8,0.02,-728.29,-0.05,-7194.8,-0.72,44
457,Exit long,2025-09-05 16:08,TSL,3597.32,1,3593.14,620.67,0.12,0,804.79,0.15,-294,-0.06,-6574.12,-0.66,11
457,Entry long,2025-09-05 15:57,M1 scalp up,3593.14,1,3593.14,620.67,0.12,0,804.79,0.15,-294,-0.06,-6574.12,-0.66,11
458,Exit long,2025-09-05 16:40,SL,3592.94,1,3596.62,-546.43,-0.10,0,184.12,0.03,-546.43,-0.10,-7120.55,-0.71,4
458,Entry long,2025-09-05 16:36,M1 scalp up,3596.62,1,3596.62,-546.43,-0.10,0,184.12,0.03,-546.43,-0.10,-7120.55,-0.71,4
459,Exit long,2025-09-05 17:07,SL,3591.6,1,3594.99,-503.37,-0.09,0,154.43,0.03,-503.37,-0.09,-7623.92,-0.76,10
459,Entry long,2025-09-05 16:57,M1 scalp up,3594.99,1,3594.99,-503.37,-0.09,0,154.43,0.03,-503.37,-0.09,-7623.92,-0.76,10
460,Exit long,2025-09-05 17:47,TSL,3596.28,1,3594.28,296.97,0.06,0,445.46,0.08,-163.33,-0.03,-7326.95,-0.73,9
460,Entry long,2025-09-05 17:38,M1 scalp up,3594.28,1,3594.28,296.97,0.06,0,445.46,0.08,-163.33,-0.03,-7326.95,-0.73,9
461,Exit long,2025-09-05 19:49,TSL,3594.89,2,7186.56,478.12,0.04,0,626.61,0.06,-201.94,-0.02,-6848.82,-0.68,18
461,Entry long,2025-09-05 19:31,M1 scalp up,3593.28,2,7186.56,478.12,0.04,0,626.61,0.06,-201.94,-0.02,-6848.82,-0.68,18
462,Exit long,2025-09-05 20:01,SL,3589.31,1,3592.22,-432.09,-0.08,0,11.88,0.00,-432.09,-0.08,-7280.92,-0.73,0
462,Entry long,2025-09-05 20:01,M1 scalp up,3592.22,1,3592.22,-432.09,-0.08,0,11.88,0.00,-432.09,-0.08,-7280.92,-0.73,0
463,Exit long,2025-09-07 22:00,SL,3584.06,1,3588.83,-702.84,-0.13,0,268.76,0.05,-702.84,-0.13,-7983.76,-0.80,43
463,Entry long,2025-09-05 20:17,M1 scalp up,3588.83,1,3588.83,-702.84,-0.13,0,268.76,0.05,-702.84,-0.13,-7983.76,-0.80,43
464,Exit long,2025-09-08 15:27,SL,3637.78,1,3642.59,-708.73,-0.13,0,176.82,0.03,-708.73,-0.13,-8692.49,-0.87,7
464,Entry long,2025-09-08 15:20,M1 scalp up,3642.59,1,3642.59,-708.73,-0.13,0,176.82,0.03,-708.73,-0.13,-8692.49,-0.87,7
465,Exit long,2025-09-08 15:51,TSL,3639.44,1,3633.86,822.19,0.15,0,971.01,0.18,-94.3,-0.02,-7870.3,-0.79,12
465,Entry long,2025-09-08 15:39,M1 scalp up,3633.86,1,3633.86,822.19,0.15,0,971.01,0.18,-94.3,-0.02,-7870.3,-0.79,12
466,Exit long,2025-09-08 16:15,TSL,3639.73,1,3637.22,369.84,0.07,0,534.87,0.10,-198.92,-0.04,-7500.46,-0.75,13
466,Entry long,2025-09-08 16:02,M1 scalp up,3637.22,1,3637.22,369.84,0.07,0,534.87,0.10,-198.92,-0.04,-7500.46,-0.75,13
467,Exit long,2025-09-08 16:30,TSL,3640.73,1,3638.43,338.9,0.06,0,486.24,0.09,-10.31,0.00,-7161.57,-0.72,9
467,Entry long,2025-09-08 16:21,M1 scalp up,3638.43,1,3638.43,338.9,0.06,0,486.24,0.09,-10.31,0.00,-7161.57,-0.72,9
468,Exit long,2025-09-08 17:04,SL,3636.62,1,3639.91,-484.77,-0.09,0,173.87,0.03,-484.77,-0.09,-7646.34,-0.76,29
468,Entry long,2025-09-08 16:35,M1 scalp up,3639.91,1,3639.91,-484.77,-0.09,0,173.87,0.03,-484.77,-0.09,-7646.34,-0.76,29
469,Exit long,2025-09-08 19:58,TSL,3636.7,1,3634.34,347.74,0.06,0,496.56,0.09,-363.94,-0.07,-7298.6,-0.73,165
469,Entry long,2025-09-08 17:13,M1 scalp up,3634.34,1,3634.34,347.74,0.06,0,496.56,0.09,-363.94,-0.07,-7298.6,-0.73,165
470,Exit long,2025-09-08 20:26,SL,3634.63,2,7272.68,-503.92,-0.05,0,94.3,0.01,-503.92,-0.05,-7802.52,-0.78,17
470,Entry long,2025-09-08 20:09,M1 scalp up,3636.34,2,7272.68,-503.92,-0.05,0,94.3,0.01,-503.92,-0.05,-7802.52,-0.78,17
471,Exit long,2025-09-09 16:01,TSL,3645.73,1,3642.64,455.66,0.08,0,603.13,0.11,-145.99,-0.03,-7346.86,-0.73,5
471,Entry long,2025-09-09 15:56,M1 scalp up,3642.64,1,3642.64,455.66,0.08,0,603.13,0.11,-145.99,-0.03,-7346.86,-0.73,5
472,Exit long,2025-09-09 17:35,SL,3642.91,1,3646.49,-527.92,-0.10,0,215.3,0.04,-527.92,-0.10,-7874.78,-0.79,76
472,Entry long,2025-09-09 16:19,M1 scalp up,3646.49,1,3646.49,-527.92,-0.10,0,215.3,0.04,-527.92,-0.10,-7874.78,-0.79,76
473,Exit long,2025-09-09 18:31,TSL,3644.14,1,3641.74,353.91,0.07,0,501.38,0.09,-63.41,-0.01,-7520.87,-0.75,47
473,Entry long,2025-09-09 17:44,M1 scalp up,3641.74,1,3641.74,353.91,0.07,0,501.38,0.09,-63.41,-0.01,-7520.87,-0.75,47
474,Exit long,2025-09-09 19:42,SL,3632.61,2,7269.8,-675.39,-0.06,0,409.95,0.04,-675.39,-0.06,-8196.25,-0.82,9
474,Entry long,2025-09-09 19:33,M1 scalp up,3634.9,2,7269.8,-675.39,-0.06,0,409.95,0.04,-675.39,-0.06,-8196.25,-0.82,9
475,Exit long,2025-09-09 19:49,SL,3629.22,1,3632.14,-430.59,-0.08,0,16.22,0.00,-430.59,-0.08,-8626.85,-0.86,3
475,Entry long,2025-09-09 19:46,M1 scalp up,3632.14,1,3632.14,-430.59,-0.08,0,16.22,0.00,-430.59,-0.08,-8626.85,-0.86,3
476,Exit long,2025-09-09 20:09,TSL,3631.84,1,3629.3,374.56,0.07,0,522.02,0.10,0,0.00,-8252.29,-0.83,9
476,Entry long,2025-09-09 20:00,M1 scalp up,3629.3,1,3629.3,374.56,0.07,0,522.02,0.10,0,0.00,-8252.29,-0.83,9
477,Exit long,2025-09-09 20:37,SL,3628.8,2,7261.62,-592.81,-0.06,0,129.77,0.01,-592.81,-0.06,-8845.09,-0.88,3
477,Entry long,2025-09-09 20:34,M1 scalp up,3630.81,2,7261.62,-592.81,-0.06,0,129.77,0.01,-592.81,-0.06,-8845.09,-0.88,3
478,Exit long,2025-09-09 20:58,SL,3625.9,2,7256.56,-701.93,-0.07,0,412.9,0.04,-701.93,-0.07,-9547.02,-0.95,15
478,Entry long,2025-09-09 20:43,M1 scalp up,3628.28,2,7256.56,-701.93,-0.07,0,412.9,0.04,-701.93,-0.07,-9547.02,-0.95,15
479,Exit long,2025-09-10 13:59,TSL,3650.8,1,3648.61,322.82,0.06,0,470.23,0.09,-255.01,-0.05,-9224.2,-0.92,13
479,Entry long,2025-09-10 13:46,M1 scalp up,3648.61,1,3648.61,322.82,0.06,0,470.23,0.09,-255.01,-0.05,-9224.2,-0.92,13
480,Exit long,2025-09-10 14:36,TSL,3654.42,1,3652.39,299.24,0.06,0,446.64,0.08,-306.61,-0.06,-8924.96,-0.89,13
480,Entry long,2025-09-10 14:23,M1 scalp up,3652.39,1,3652.39,299.24,0.06,0,446.64,0.08,-306.61,-0.06,-8924.96,-0.89,13
481,Exit long,2025-09-10 14:45,SL,3646.92,1,3650.63,-546.88,-0.10,0,249.12,0.05,-546.88,-0.10,-9471.84,-0.95,3
481,Entry long,2025-09-10 14:42,M1 scalp up,3650.63,1,3650.63,-546.88,-0.10,0,249.12,0.05,-546.88,-0.10,-9471.84,-0.95,3
482,Exit long,2025-09-10 15:00,TSL,3646.98,1,3644.14,418.64,0.08,0,579.31,0.11,-14.74,0.00,-9053.21,-0.91,6
482,Entry long,2025-09-10 14:54,M1 scalp up,3644.14,1,3644.14,418.64,0.08,0,579.31,0.11,-14.74,0.00,-9053.21,-0.91,6
483,Exit long,2025-09-10 15:16,TSL,3647.35,1,3644.14,473.18,0.09,0,620.58,0.12,-39.8,-0.01,-8580.03,-0.86,9
483,Entry long,2025-09-10 15:07,M1 scalp up,3644.14,1,3644.14,473.18,0.09,0,620.58,0.12,-39.8,-0.01,-8580.03,-0.86,9
484,Exit long,2025-09-10 15:25,SL,3639.22,1,3643.45,-623.53,-0.12,0,0,0.00,-623.53,-0.12,-9203.56,-0.92,1
484,Entry long,2025-09-10 15:24,M1 scalp up,3643.45,1,3643.45,-623.53,-0.12,0,0,0.00,-623.53,-0.12,-9203.56,-0.92,1
485,Exit long,2025-09-10 16:00,SL,3643.81,1,3646.67,-421.58,-0.08,0,84.02,0.02,-421.58,-0.08,-9625.15,-0.96,4
485,Entry long,2025-09-10 15:56,M1 scalp up,3646.67,1,3646.67,-421.58,-0.08,0,84.02,0.02,-421.58,-0.08,-9625.15,-0.96,4
486,Exit long,2025-09-10 16:28,SL,3641.24,1,3644.73,-514.45,-0.10,0,78.13,0.01,-514.45,-0.10,-10139.6,-1.01,25
486,Entry long,2025-09-10 16:03,M1 scalp up,3644.73,1,3644.73,-514.45,-0.10,0,78.13,0.01,-514.45,-0.10,-10139.6,-1.01,25
487,Exit long,2025-09-10 17:18,TSL,3643.73,2,7285.38,306.61,0.03,0,454.01,0.04,-56.01,-0.01,-9832.99,-0.98,11
487,Entry long,2025-09-10 17:07,M1 scalp up,3642.69,2,7285.38,306.61,0.03,0,454.01,0.04,-56.01,-0.01,-9832.99,-0.98,11
488,Exit long,2025-09-10 17:33,TSL,3645.47,2,7285.92,739.98,0.07,0,887.39,0.08,-398,-0.04,-9093.01,-0.91,12
488,Entry long,2025-09-10 17:21,M1 scalp up,3642.96,2,7285.92,739.98,0.07,0,887.39,0.08,-398,-0.04,-9093.01,-0.91,12
489,Exit long,2025-09-10 18:00,TSL,3647.08,2,7291.3,421.58,0.04,0,568.99,0.05,-88.44,-0.01,-8671.42,-0.87,10
489,Entry long,2025-09-10 17:50,M1 scalp up,3645.65,2,7291.3,421.58,0.04,0,568.99,0.05,-88.44,-0.01,-8671.42,-0.87,10
490,Exit long,2025-09-10 19:51,TSL,3640.15,1,3635.87,630.9,0.12,0,793.05,0.15,0,0.00,-8040.52,-0.80,8
490,Entry long,2025-09-10 19:43,M1 scalp up,3635.87,1,3635.87,630.9,0.12,0,793.05,0.15,0,0.00,-8040.52,-0.80,8
491,Exit long,2025-09-10 20:39,SL,3638.41,1,3640.98,-378.84,-0.07,0,81.07,0.02,-378.84,-0.07,-8419.36,-0.84,31
491,Entry long,2025-09-10 20:08,M1 scalp up,3640.98,1,3640.98,-378.84,-0.07,0,81.07,0.02,-378.84,-0.07,-8419.36,-0.84,31
492,Exit short,2025-09-11 15:16,SL,3634.77,1,3630.8,-585.41,-0.11,0,73.73,0.01,-585.41,-0.11,-9004.77,-0.90,15
492,Entry short,2025-09-11 15:01,M1 scalp down,3630.8,1,3630.8,-585.41,-0.11,0,73.73,0.01,-585.41,-0.11,-9004.77,-0.90,15
493,Exit long,2025-09-11 15:48,SL,3632.82,1,3636.18,-495.46,-0.09,0,272.8,0.05,-495.46,-0.09,-9500.23,-0.95,17
493,Entry long,2025-09-11 15:31,M1 scalp up,3636.18,1,3636.18,-495.46,-0.09,0,272.8,0.05,-495.46,-0.09,-9500.23,-0.95,17
494,Exit long,2025-09-11 17:04,SL,3633.1,1,3637.03,-579.51,-0.11,0,306.71,0.06,-579.51,-0.11,-10079.75,-1.01,44
494,Entry long,2025-09-11 16:20,M1 scalp up,3637.03,1,3637.03,-579.51,-0.11,0,306.71,0.06,-579.51,-0.11,-10079.75,-1.01,44
495,Exit long,2025-09-11 18:30,SL,3631.49,1,3634.33,-418.78,-0.08,0,408.46,0.08,-418.78,-0.08,-10498.53,-1.05,59
495,Entry long,2025-09-11 17:31,M1 scalp up,3634.33,1,3634.33,-418.78,-0.08,0,408.46,0.08,-418.78,-0.08,-10498.53,-1.05,59
496,Exit long,2025-09-11 20:30,SL,3634.83,2,7273.02,-495.46,-0.05,0,333.26,0.03,-495.46,-0.05,-10993.99,-1.10,36
496,Entry long,2025-09-11 19:54,M1 scalp up,3636.51,2,7273.02,-495.46,-0.05,0,333.26,0.03,-495.46,-0.05,-10993.99,-1.10,36
497,Exit long,2025-09-12 13:34,TSL,3650.27,1,3647.69,379.79,0.07,0,526.99,0.10,-1.47,0.00,-10614.2,-1.06,3
497,Entry long,2025-09-12 13:31,M1 scalp up,3647.69,1,3647.69,379.79,0.07,0,526.99,0.10,-1.47,0.00,-10614.2,-1.06,3
498,Exit long,2025-09-12 13:42,TSL,3651.17,1,3648.34,416.59,0.08,0,563.8,0.10,-164.87,-0.03,-10197.61,-1.02,6
498,Entry long,2025-09-12 13:36,M1 scalp up,3648.34,1,3648.34,416.59,0.08,0,563.8,0.10,-164.87,-0.03,-10197.61,-1.02,6
499,Exit long,2025-09-12 13:55,TSL,3651.55,1,3647.83,547.6,0.10,0,694.81,0.13,-172.23,-0.03,-9650.01,-0.97,7
499,Entry long,2025-09-12 13:48,M1 scalp up,3647.83,1,3647.83,547.6,0.10,0,694.81,0.13,-172.23,-0.03,-9650.01,-0.97,7
500,Exit long,2025-09-12 14:36,SL,3649.33,1,3652.81,-512.27,-0.10,0,101.57,0.02,-512.27,-0.10,-10162.28,-1.02,6
500,Entry long,2025-09-12 14:30,M1 scalp up,3652.81,1,3652.81,-512.27,-0.10,0,101.57,0.02,-512.27,-0.10,-10162.28,-1.02,6
501,Exit long,2025-09-12 15:05,SL,3645.52,1,3648.77,-478.42,-0.09,0,185.48,0.03,-478.42,-0.09,-10640.7,-1.06,17
501,Entry long,2025-09-12 14:48,M1 scalp up,3648.77,1,3648.77,-478.42,-0.09,0,185.48,0.03,-478.42,-0.09,-10640.7,-1.06,17
502,Exit long,2025-09-12 15:38,TSL,3646.16,1,3643.71,360.65,0.07,0,507.86,0.09,-203.14,-0.04,-10280.05,-1.03,17
502,Entry long,2025-09-12 15:21,M1 scalp up,3643.71,1,3643.71,360.65,0.07,0,507.86,0.09,-203.14,-0.04,-10280.05,-1.03,17
503,Exit long,2025-09-12 17:06,TSL,3648.86,1,3645.19,540.24,0.10,0,687.45,0.13,-379.79,-0.07,-9739.81,-0.97,78
503,Entry long,2025-09-12 15:48,M1 scalp up,3645.19,1,3645.19,540.24,0.10,0,687.45,0.13,-379.79,-0.07,-9739.81,-0.97,78
504,Exit long,2025-09-12 17:29,SL,3647.65,2,7298.92,-532.88,-0.05,0,147.21,0.01,-532.88,-0.05,-10272.69,-1.03,4
504,Entry long,2025-09-12 17:25,M1 scalp up,3649.46,2,7298.92,-532.88,-0.05,0,147.21,0.01,-532.88,-0.05,-10272.69,-1.03,4
505,Exit long,2025-09-12 18:08,SL,3647.22,2,7297.92,-512.27,-0.05,0,320.91,0.03,-512.27,-0.05,-10784.96,-1.08,22
505,Entry long,2025-09-12 17:46,M1 scalp up,3648.96,2,7297.92,-512.27,-0.05,0,320.91,0.03,-512.27,-0.05,-10784.96,-1.08,22
506,Exit long,2025-09-12 20:08,SL,3642.63,2,7288.62,-494.61,-0.05,0,315.02,0.03,-494.61,-0.05,-11279.57,-1.13,11
506,Entry long,2025-09-12 19:57,M1 scalp up,3644.31,2,7288.62,-494.61,-0.05,0,315.02,0.03,-494.61,-0.05,-11279.57,-1.13,11
507,Exit long,2025-09-14 22:03,TSL,3645.41,2,7284.38,950.84,0.09,0,1163.45,0.11,-303.24,-0.03,-10328.73,-1.03,48
507,Entry long,2025-09-12 20:15,M1 scalp up,3642.19,2,7284.38,950.84,0.09,0,1163.45,0.11,-303.24,-0.03,-10328.73,-1.03,48
508,Exit long,2025-09-15 14:00,SL,3655.6,1,3660.46,-717.56,-0.13,0,122.55,0.02,-717.56,-0.13,-11046.29,-1.10,7
508,Entry long,2025-09-15 13:53,M1 scalp up,3660.46,1,3660.46,-717.56,-0.13,0,122.55,0.02,-717.56,-0.13,-11046.29,-1.10,7
509,Exit long,2025-09-15 14:40,TSL,3660.98,1,3658.5,366.16,0.07,0,513.81,0.10,-360.26,-0.07,-10680.13,-1.07,22
509,Entry long,2025-09-15 14:18,M1 scalp up,3658.5,1,3658.5,366.16,0.07,0,513.81,0.10,-360.26,-0.07,-10680.13,-1.07,22
510,Exit long,2025-09-15 15:27,TSL,3666.82,1,3663.72,457.7,0.08,0,605.35,0.11,-32.48,-0.01,-10222.43,-1.02,13
510,Entry long,2025-09-15 15:14,M1 scalp up,3663.72,1,3663.72,457.7,0.08,0,605.35,0.11,-32.48,-0.01,-10222.43,-1.02,13
511,Exit long,2025-09-15 16:39,SL,3677.65,1,3681.24,-530.05,-0.10,0,5.91,0.00,-530.05,-0.10,-10752.47,-1.08,1
511,Entry long,2025-09-15 16:38,M1 scalp up,3681.24,1,3681.24,-530.05,-0.10,0,5.91,0.00,-530.05,-0.10,-10752.47,-1.08,1
512,Exit long,2025-09-15 17:33,TSL,3681.68,1,3678.77,429.65,0.08,0,577.3,0.11,-593.54,-0.11,-10322.82,-1.03,48
512,Entry long,2025-09-15 16:45,M1 scalp up,3678.77,1,3678.77,429.65,0.08,0,577.3,0.11,-593.54,-0.11,-10322.82,-1.03,48
513,Exit long,2025-09-15 17:51,TSL,3681.15,2,7359.82,366.16,0.03,0,528.57,0.05,-17.72,0.00,-9956.66,-1.00,8
513,Entry long,2025-09-15 17:43,M1 scalp up,3679.91,2,7359.82,366.16,0.03,0,528.57,0.05,-17.72,0.00,-9956.66,-1.00,8
514,Exit long,2025-09-15 20:01,SL,3679.34,2,7362.48,-561.05,-0.05,0,76.78,0.01,-561.05,-0.05,-10517.72,-1.05,5
514,Entry long,2025-09-15 19:56,M1 scalp up,3681.24,2,7362.48,-561.05,-0.05,0,76.78,0.01,-561.05,-0.05,-10517.72,-1.05,5
515,Exit long,2025-09-15 20:56,SL,3678.96,2,7361.66,-552.2,-0.05,0,259.86,0.02,-552.2,-0.05,-11069.91,-1.11,40
515,Entry long,2025-09-15 20:16,M1 scalp up,3680.83,2,7361.66,-552.2,-0.05,0,259.86,0.02,-552.2,-0.05,-11069.91,-1.11,40
516,Exit long,2025-09-16 15:06,SL,3681.12,1,3686.11,-735.27,-0.14,0,162.08,0.03,-735.27,-0.14,-11805.18,-1.18,4
516,Entry long,2025-09-16 15:02,M1 scalp up,3686.11,1,3686.11,-735.27,-0.14,0,162.08,0.03,-735.27,-0.14,-11805.18,-1.18,4
517,Exit long,2025-09-16 15:49,TSL,3683.89,1,3679.41,660.12,0.12,0,807.47,0.15,0,0.00,-11145.06,-1.11,5
517,Entry long,2025-09-16 15:44,M1 scalp up,3679.41,1,3679.41,660.12,0.12,0,807.47,0.15,0,0.00,-11145.06,-1.11,5
518,Exit long,2025-09-16 16:24,TSL,3688.47,1,3685.36,458.26,0.08,0,605.6,0.11,-110.51,-0.02,-10686.81,-1.07,17
518,Entry long,2025-09-16 16:07,M1 scalp up,3685.36,1,3685.36,458.26,0.08,0,605.6,0.11,-110.51,-0.02,-10686.81,-1.07,17
519,Exit long,2025-09-16 20:36,TSL,3692.67,1,3688.62,596.76,0.11,0,744.11,0.14,-356.58,-0.07,-10090.04,-1.01,236
519,Entry long,2025-09-16 16:40,M1 scalp up,3688.62,1,3688.62,596.76,0.11,0,744.11,0.14,-356.58,-0.07,-10090.04,-1.01,236
520,Exit long,2025-09-17 14:08,TSL,3680.46,1,3678.2,331.04,0.06,0,477.52,0.09,-276.84,-0.05,-9759,-0.98,22
520,Entry long,2025-09-17 13:46,M1 scalp up,3678.2,1,3678.2,331.04,0.06,0,477.52,0.09,-276.84,-0.05,-9759,-0.98,22
521,Exit long,2025-09-17 14:41,TSL,3684.6,1,3682.43,317.86,0.06,0,464.33,0.09,-89.35,-0.02,-9441.15,-0.94,15
521,Entry long,2025-09-17 14:26,M1 scalp up,3682.43,1,3682.43,317.86,0.06,0,464.33,0.09,-89.35,-0.02,-9441.15,-0.94,15
522,Exit long,2025-09-17 15:14,TSL,3686.15,1,3683.27,421.85,0.08,0,568.33,0.11,-114.25,-0.02,-9019.3,-0.90,23
522,Entry long,2025-09-17 14:51,M1 scalp up,3683.27,1,3683.27,421.85,0.08,0,568.33,0.11,-114.25,-0.02,-9019.3,-0.90,23
523,Exit long,2025-09-17 16:30,TSL,3687.54,1,3685.22,339.83,0.06,0,486.3,0.09,-354.47,-0.07,-8679.47,-0.87,62
523,Entry long,2025-09-17 15:28,M1 scalp up,3685.22,1,3685.22,339.83,0.06,0,486.3,0.09,-354.47,-0.07,-8679.47,-0.87,62
524,Exit long,2025-09-17 16:53,SL,3685.16,2,7374.08,-550.75,-0.05,0,278.31,0.03,-550.75,-0.05,-9230.22,-0.92,17
524,Entry long,2025-09-17 16:36,M1 scalp up,3687.04,2,7374.08,-550.75,-0.05,0,278.31,0.03,-550.75,-0.05,-9230.22,-0.92,17
525,Exit long,2025-09-17 17:03,SL,3682.64,2,7368.74,-506.81,-0.05,0,11.72,0.00,-506.81,-0.05,-9737.03,-0.97,2
525,Entry long,2025-09-17 17:01,M1 scalp up,3684.37,2,7368.74,-506.81,-0.05,0,11.72,0.00,-506.81,-0.05,-9737.03,-0.97,2
526,Exit long,2025-09-17 17:20,SL,3680.62,2,7365.04,-556.61,-0.05,0,184.56,0.02,-556.61,-0.05,-10293.65,-1.03,3
526,Entry long,2025-09-17 17:17,M1 scalp up,3682.52,2,7365.04,-556.61,-0.05,0,184.56,0.02,-556.61,-0.05,-10293.65,-1.03,3
527,Exit long,2025-09-17 17:29,TSL,3682.28,1,3679.45,414.53,0.08,0,561.01,0.10,-2.93,0.00,-9879.11,-0.99,3
527,Entry long,2025-09-17 17:26,M1 scalp up,3679.45,1,3679.45,414.53,0.08,0,561.01,0.10,-2.93,0.00,-9879.11,-0.99,3
528,Exit short,2025-09-17 22:08,TSL,3657.98,1,3660.01,298.3,0.06,0,648.02,0.12,-280.66,-0.05,-9580.82,-0.96,39
528,Entry short,2025-09-17 20:29,M1 scalp down,3660.01,1,3660.01,298.3,0.06,0,648.02,0.12,-280.66,-0.05,-9580.82,-0.96,39
529,Exit short,2025-09-18 16:12,SL,3644.22,1,3640.39,-562.8,-0.11,0,213.07,0.04,-562.8,-0.11,-10143.61,-1.01,36
529,Entry short,2025-09-18 15:36,M1 scalp down,3640.39,1,3640.39,-562.8,-0.11,0,213.07,0.04,-562.8,-0.11,-10143.61,-1.01,36
530,Exit short,2025-09-18 16:55,SL,3646.93,2,7289.2,-684.76,-0.06,0,329.15,0.03,-684.76,-0.06,-10828.37,-1.08,15
530,Entry short,2025-09-18 16:40,M1 scalp down,3644.6,2,7289.2,-684.76,-0.06,0,329.15,0.03,-684.76,-0.06,-10828.37,-1.08,15
531,Exit short,2025-09-18 18:02,TSL,3641.45,2,7289.52,972.77,0.09,0,1222.57,0.11,-332.09,-0.03,-9855.6,-0.99,39
531,Entry short,2025-09-18 17:23,M1 scalp down,3644.76,2,7289.52,972.77,0.09,0,1222.57,0.11,-332.09,-0.03,-9855.6,-0.99,39
532,Exit short,2025-09-18 19:54,SL,3645.35,2,7287.2,-514.3,-0.05,0,326.22,0.03,-514.3,-0.05,-10369.91,-1.04,21
532,Entry short,2025-09-18 19:33,M1 scalp down,3643.6,2,7287.2,-514.3,-0.05,0,326.22,0.03,-514.3,-0.05,-10369.91,-1.04,21
533,Exit short,2025-09-18 20:38,TSL,3644.19,2,7292.98,675.94,0.06,0,822.89,0.08,-67.59,-0.01,-9693.97,-0.97,34
533,Entry short,2025-09-18 20:04,M1 scalp down,3646.49,2,7292.98,675.94,0.06,0,822.89,0.08,-67.59,-0.01,-9693.97,-0.97,34
534,Exit long,2025-09-19 14:29,TSL,3663.42,1,3659.89,522.43,0.10,0,676.34,0.12,-541.67,-0.10,-9171.54,-0.92,15
534,Entry long,2025-09-19 14:14,M1 scalp up,3659.89,1,3659.89,522.43,0.10,0,676.34,0.12,-541.67,-0.10,-9171.54,-0.92,15
535,Exit long,2025-09-19 14:55,TSL,3667.57,1,3663.46,608.26,0.11,0,756.26,0.14,-88.8,-0.02,-8563.28,-0.86,12
535,Entry long,2025-09-19 14:43,M1 scalp up,3663.46,1,3663.46,608.26,0.11,0,756.26,0.14,-88.8,-0.02,-8563.28,-0.86,12
536,Exit long,2025-09-19 15:15,TSL,3671.39,1,3666.45,731.1,0.13,0,929.41,0.17,-183.52,-0.03,-7832.18,-0.78,6
536,Entry long,2025-09-19 15:09,M1 scalp up,3666.45,1,3666.45,731.1,0.13,0,929.41,0.17,-183.52,-0.03,-7832.18,-0.78,6
537,Exit long,2025-09-19 16:24,SL,3667.55,1,3671.61,-600.86,-0.11,0,248.63,0.05,-600.86,-0.11,-8433.04,-0.84,55
537,Entry long,2025-09-19 15:29,M1 scalp up,3671.61,1,3671.61,-600.86,-0.11,0,248.63,0.05,-600.86,-0.11,-8433.04,-0.84,55
538,Exit long,2025-09-19 17:06,TSL,3669.81,2,7337.48,316.71,0.03,0,497.27,0.05,-372.95,-0.03,-8116.33,-0.81,14
538,Entry long,2025-09-19 16:52,M1 scalp up,3668.74,2,7337.48,316.71,0.03,0,497.27,0.05,-372.95,-0.03,-8116.33,-0.81,14
539,Exit long,2025-09-19 19:51,TSL,3684.28,2,7364.54,594.94,0.05,0,742.94,0.07,-301.91,-0.03,-7521.38,-0.75,20
539,Entry long,2025-09-19 19:31,M1 scalp up,3682.27,2,7364.54,594.94,0.05,0,742.94,0.07,-301.91,-0.03,-7521.38,-0.75,20
540,Exit long,2025-09-19 20:14,SL,3681.63,2,7367.04,-559.42,-0.05,0,29.6,0.00,-559.42,-0.05,-8080.81,-0.81,13
540,Entry long,2025-09-19 20:01,M1 scalp up,3683.52,2,7367.04,-559.42,-0.05,0,29.6,0.00,-559.42,-0.05,-8080.81,-0.81,13
541,Exit long,2025-09-22 16:35,TSL,3737.78,1,3735.5,337.34,0.06,0,485.3,0.09,-4.44,0.00,-7743.47,-0.77,22
541,Entry long,2025-09-22 16:13,M1 scalp up,3735.5,1,3735.5,337.34,0.06,0,485.3,0.09,-4.44,0.00,-7743.47,-0.77,22
542,Exit long,2025-09-22 17:10,TSL,3740.13,1,3737.34,412.8,0.07,0,560.76,0.10,-153.88,-0.03,-7330.66,-0.73,19
542,Entry long,2025-09-22 16:51,M1 scalp up,3737.34,1,3737.34,412.8,0.07,0,560.76,0.10,-153.88,-0.03,-7330.66,-0.73,19
543,Exit long,2025-09-22 17:27,TSL,3740.25,2,7478.02,366.94,0.03,0,559.28,0.05,-127.24,-0.01,-6963.73,-0.70,6
543,Entry long,2025-09-22 17:21,M1 scalp up,3739.01,2,7478.02,366.94,0.03,0,559.28,0.05,-127.24,-0.01,-6963.73,-0.70,6
544,Exit long,2025-09-22 20:59,SL,3745.49,2,7494.78,-562.24,-0.05,0,290,0.03,-562.24,-0.05,-7525.97,-0.75,55
544,Entry long,2025-09-22 20:04,M1 scalp up,3747.39,2,7494.78,-562.24,-0.05,0,290,0.03,-562.24,-0.05,-7525.97,-0.75,55
545,Exit long,2025-09-23 15:15,TSL,3778.62,1,3773.37,775.48,0.14,0,923.19,0.17,-76.81,-0.01,-6750.48,-0.68,12
545,Entry long,2025-09-23 15:03,M1 scalp up,3773.37,1,3773.37,775.48,0.14,0,923.19,0.17,-76.81,-0.01,-6750.48,-0.68,12
546,Exit long,2025-09-23 15:33,TSL,3781,1,3777.77,477.11,0.09,0,624.82,0.11,-36.93,-0.01,-6273.38,-0.63,8
546,Entry long,2025-09-23 15:25,M1 scalp up,3777.77,1,3777.77,477.11,0.09,0,624.82,0.11,-36.93,-0.01,-6273.38,-0.63,8
547,Exit long,2025-09-23 15:54,SL,3775.79,1,3778.66,-423.93,-0.08,0,4.43,0.00,-423.93,-0.08,-6697.31,-0.67,7
547,Entry long,2025-09-23 15:47,M1 scalp up,3778.66,1,3778.66,-423.93,-0.08,0,4.43,0.00,-423.93,-0.08,-6697.31,-0.67,7
548,Exit long,2025-09-23 16:14,SL,3774.17,1,3777.28,-459.38,-0.08,0,0,0.00,-459.38,-0.08,-7156.69,-0.72,2
548,Entry long,2025-09-23 16:12,M1 scalp up,3777.28,1,3777.28,-459.38,-0.08,0,0,0.00,-459.38,-0.08,-7156.69,-0.72,2
549,Exit long,2025-09-23 16:35,TSL,3777,1,3774.98,298.38,0.05,0,446.09,0.08,-75.33,-0.01,-6858.31,-0.69,6
549,Entry long,2025-09-23 16:29,M1 scalp up,3774.98,1,3774.98,298.38,0.05,0,446.09,0.08,-75.33,-0.01,-6858.31,-0.69,6
550,Exit long,2025-09-23 17:27,TSL,3784.71,1,3779.88,713.44,0.13,0,861.16,0.15,0,0.00,-6144.87,-0.61,10
550,Entry long,2025-09-23 17:17,M1 scalp up,3779.88,1,3779.88,713.44,0.13,0,861.16,0.15,0,0.00,-6144.87,-0.61,10
551,Exit long,2025-09-23 17:58,SL,3776.53,1,3780.73,-620.39,-0.11,0,87.15,0.02,-620.39,-0.11,-6765.26,-0.68,27
551,Entry long,2025-09-23 17:31,M1 scalp up,3780.73,1,3780.73,-620.39,-0.11,0,87.15,0.02,-620.39,-0.11,-6765.26,-0.68,27
552,Exit long,2025-09-23 23:13,TSL,3769.11,1,3765.08,594.99,0.11,0,742.63,0.13,-509.36,-0.09,-6170.26,-0.62,134
552,Entry long,2025-09-23 19:59,M1 scalp up,3765.08,1,3765.08,594.99,0.11,0,742.63,0.13,-509.36,-0.09,-6170.26,-0.62,134
553,Exit long,2025-09-24 15:17,TSL,3755.43,1,3753.32,311.52,0.06,0,459.16,0.08,-215.56,-0.04,-5858.74,-0.59,4
553,Entry long,2025-09-24 15:13,M1 scalp up,3753.32,1,3753.32,311.52,0.06,0,459.16,0.08,-215.56,-0.04,-5858.74,-0.59,4
554,Exit long,2025-09-24 15:31,SL,3747.89,1,3752.54,-686.53,-0.12,0,16.24,0.00,-686.53,-0.12,-6545.27,-0.65,3
554,Entry long,2025-09-24 15:28,M1 scalp up,3752.54,1,3752.54,-686.53,-0.12,0,16.24,0.00,-686.53,-0.12,-6545.27,-0.65,3
555,Exit short,2025-09-24 16:35,TSL,3739.99,1,3742.59,383.87,0.07,0,531.51,0.10,-62.01,-0.01,-6161.4,-0.62,3
555,Entry short,2025-09-24 16:32,M1 scalp down,3742.59,1,3742.59,383.87,0.07,0,531.51,0.10,-62.01,-0.01,-6161.4,-0.62,3
556,Exit short,2025-09-24 17:05,TSL,3735.26,1,3738.08,416.35,0.08,0,563.99,0.10,-17.72,0.00,-5745.06,-0.57,8
556,Entry short,2025-09-24 16:57,M1 scalp down,3738.08,1,3738.08,416.35,0.08,0,563.99,0.10,-17.72,0.00,-5745.06,-0.57,8
557,Exit short,2025-09-24 17:27,TSL,3735.04,1,3737.3,333.67,0.06,0,518.22,0.09,-225.89,-0.04,-5411.39,-0.54,20
557,Entry short,2025-09-24 17:07,M1 scalp down,3737.3,1,3737.3,333.67,0.06,0,518.22,0.09,-225.89,-0.04,-5411.39,-0.54,20
558,Exit short,2025-09-24 18:07,TSL,3729.82,1,3734.61,707.2,0.13,0,875.51,0.16,-98.92,-0.02,-4704.19,-0.47,15
558,Entry short,2025-09-24 17:52,M1 scalp down,3734.61,1,3734.61,707.2,0.13,0,875.51,0.16,-98.92,-0.02,-4704.19,-0.47,15
559,Exit short,2025-09-24 19:36,SL,3723.5,1,3720.09,-503.46,-0.09,0,7.38,0.00,-503.46,-0.09,-5207.64,-0.52,5
559,Entry short,2025-09-24 19:31,M1 scalp down,3720.09,1,3720.09,-503.46,-0.09,0,7.38,0.00,-503.46,-0.09,-5207.64,-0.52,5
560,Exit short,2025-09-24 19:41,SL,3727.24,1,3723.73,-518.22,-0.09,0,22.15,0.00,-518.22,-0.09,-5725.86,-0.57,1
560,Entry short,2025-09-24 19:40,M1 scalp down,3723.73,1,3723.73,-518.22,-0.09,0,22.15,0.00,-518.22,-0.09,-5725.86,-0.57,1
561,Exit short,2025-09-24 20:38,SL,3734.88,1,3731.65,-476.88,-0.09,0,116.64,0.02,-476.88,-0.09,-6202.74,-0.62,36
561,Entry short,2025-09-24 20:02,M1 scalp down,3731.65,1,3731.65,-476.88,-0.09,0,116.64,0.02,-476.88,-0.09,-6202.74,-0.62,36
562,Exit short,2025-09-24 22:00,SL,3738.32,2,7473.14,-521.13,-0.05,0,206.7,0.02,-521.13,-0.05,-6723.88,-0.67,5
562,Entry short,2025-09-24 20:55,M1 scalp down,3736.57,2,7473.14,-521.13,-0.05,0,206.7,0.02,-521.13,-0.05,-6723.88,-0.67,5
563,Exit short,2025-09-25 16:07,SL,3738.76,1,3733.91,-722.14,-0.13,0,388.62,0.07,-722.14,-0.13,-7446.02,-0.74,27
563,Entry short,2025-09-25 15:40,M1 scalp down,3733.91,1,3733.91,-722.14,-0.13,0,388.62,0.07,-722.14,-0.13,-7446.02,-0.74,27
564,Exit short,2025-09-25 16:45,TSL,3735.25,1,3737.37,315.66,0.06,0,464.55,0.08,-77.43,-0.01,-7130.36,-0.71,3
564,Entry short,2025-09-25 16:42,M1 scalp down,3737.37,1,3737.37,315.66,0.06,0,464.55,0.08,-77.43,-0.01,-7130.36,-0.71,3
565,Exit short,2025-09-25 17:13,SL,3737.81,1,3734.44,-501.78,-0.09,0,2.98,0.00,-501.78,-0.09,-7632.14,-0.76,4
565,Entry short,2025-09-25 17:09,M1 scalp down,3734.44,1,3734.44,-501.78,-0.09,0,2.98,0.00,-501.78,-0.09,-7632.14,-0.76,4
566,Exit short,2025-09-25 17:58,SL,3744.07,1,3740.33,-556.87,-0.10,0,168.25,0.03,-556.87,-0.10,-8189,-0.82,11
566,Entry short,2025-09-25 17:47,M1 scalp down,3740.33,1,3740.33,-556.87,-0.10,0,168.25,0.03,-556.87,-0.10,-8189,-0.82,11
567,Exit long,2025-09-25 19:37,SL,3747.1,1,3750.48,-503.27,-0.09,0,113.16,0.02,-503.27,-0.09,-8692.27,-0.87,5
567,Entry long,2025-09-25 19:32,M1 scalp up,3750.48,1,3750.48,-503.27,-0.09,0,113.16,0.02,-503.27,-0.09,-8692.27,-0.87,5
568,Exit long,2025-09-25 20:09,TSL,3748.64,1,3746.11,376.7,0.07,0,525.6,0.09,-40.2,-0.01,-8315.56,-0.83,12
568,Entry long,2025-09-25 19:57,M1 scalp up,3746.11,1,3746.11,376.7,0.07,0,525.6,0.09,-40.2,-0.01,-8315.56,-0.83,12
569,Exit long,2025-09-25 20:50,TSL,3751.43,1,3748.66,412.44,0.07,0,561.33,0.10,-10.42,0.00,-7903.12,-0.79,26
569,Entry long,2025-09-25 20:24,M1 scalp up,3748.66,1,3748.66,412.44,0.07,0,561.33,0.10,-10.42,0.00,-7903.12,-0.79,26
570,Exit long,2025-09-25 22:01,SL,3748.09,2,7500.32,-620.13,-0.06,0,182.74,0.02,-620.13,-0.06,-8523.25,-0.85,5
570,Entry long,2025-09-25 20:56,M1 scalp up,3750.16,2,7500.32,-620.13,-0.06,0,182.74,0.02,-620.13,-0.06,-8523.25,-0.85,5
571,Exit long,2025-09-26 15:50,TSL,3778.89,1,3775.5,507.79,0.09,0,657.58,0.12,-59.92,-0.01,-8015.47,-0.80,11
571,Entry long,2025-09-26 15:39,M1 scalp up,3775.5,1,3775.5,507.79,0.09,0,657.58,0.12,-59.92,-0.01,-8015.47,-0.80,11
572,Exit long,2025-09-26 16:14,SL,3775.03,1,3778.83,-569.2,-0.10,0,352.01,0.06,-569.2,-0.10,-8584.67,-0.86,12
572,Entry long,2025-09-26 16:02,M1 scalp up,3778.83,1,3778.83,-569.2,-0.10,0,352.01,0.06,-569.2,-0.10,-8584.67,-0.86,12
573,Exit long,2025-09-26 16:33,TSL,3775.65,1,3772.5,471.84,0.08,0,665.07,0.12,-161.77,-0.03,-8112.83,-0.81,5
573,Entry long,2025-09-26 16:28,M1 scalp up,3772.5,1,3772.5,471.84,0.08,0,665.07,0.12,-161.77,-0.03,-8112.83,-0.81,5
574,Exit long,2025-09-26 17:15,TSL,3778.04,1,3774.25,567.7,0.10,0,717.49,0.13,-151.29,-0.03,-7545.13,-0.75,23
574,Entry long,2025-09-26 16:52,M1 scalp up,3774.25,1,3774.25,567.7,0.10,0,717.49,0.13,-151.29,-0.03,-7545.13,-0.75,23
575,Exit long,2025-09-26 17:41,TSL,3782.06,1,3778.87,477.83,0.08,0,627.62,0.11,-176.75,-0.03,-7067.3,-0.71,11
575,Entry long,2025-09-26 17:30,M1 scalp up,3778.87,1,3778.87,477.83,0.08,0,627.62,0.11,-176.75,-0.03,-7067.3,-0.71,11
576,Exit long,2025-09-26 18:03,SL,3778.18,1,3781.17,-447.87,-0.08,0,304.07,0.05,-447.87,-0.08,-7515.17,-0.75,12
576,Entry long,2025-09-26 17:51,M1 scalp up,3781.17,1,3781.17,-447.87,-0.08,0,304.07,0.05,-447.87,-0.08,-7515.17,-0.75,12
577,Exit long,2025-09-26 20:40,SL,3763.97,1,3768.32,-651.59,-0.12,0,358,0.06,-651.59,-0.12,-8166.75,-0.82,62
577,Entry long,2025-09-26 19:38,M1 scalp up,3768.32,1,3768.32,-651.59,-0.12,0,358,0.06,-651.59,-0.12,-8166.75,-0.82,62
578,Exit long,2025-09-28 22:00,SL,3758.18,1,3761.81,-542.58,-0.10,0,110.84,0.02,-542.58,-0.10,-8709.34,-0.87,10
578,Entry long,2025-09-26 20:50,M1 scalp up,3761.81,1,3761.81,-542.58,-0.10,0,110.84,0.02,-542.58,-0.10,-8709.34,-0.87,10
579,Exit long,2025-09-29 15:34,SL,3822.59,1,3827.21,-690.56,-0.12,0,32.88,0.01,-690.56,-0.12,-9399.9,-0.94,0
579,Entry long,2025-09-29 15:34,M1 scalp up,3827.21,1,3827.21,-690.56,-0.12,0,32.88,0.01,-690.56,-0.12,-9399.9,-0.94,0
580,Exit long,2025-09-29 17:15,SL,3826.77,1,3830.94,-623.3,-0.11,0,381.15,0.07,-623.3,-0.11,-10023.2,-1.00,77
580,Entry long,2025-09-29 15:58,M1 scalp up,3830.94,1,3830.94,-623.3,-0.11,0,381.15,0.07,-623.3,-0.11,-10023.2,-1.00,77
581,Exit long,2025-09-29 17:54,TSL,3829.75,1,3825.93,570.98,0.10,0,720.46,0.13,-279.51,-0.05,-9452.21,-0.95,27
581,Entry long,2025-09-29 17:27,M1 scalp up,3825.93,1,3825.93,570.98,0.10,0,720.46,0.13,-279.51,-0.05,-9452.21,-0.95,27
582,Exit long,2025-09-29 19:49,TSL,3828.79,1,3825.37,511.19,0.09,0,660.67,0.12,0,0.00,-8941.02,-0.89,18
582,Entry long,2025-09-29 19:31,M1 scalp up,3825.37,1,3825.37,511.19,0.09,0,660.67,0.12,0,0.00,-8941.02,-0.89,18
583,Exit long,2025-09-29 20:17,TSL,3829.67,2,7655.84,523.15,0.05,0,672.62,0.06,-20.93,0.00,-8417.87,-0.84,24
583,Entry long,2025-09-29 19:53,M1 scalp up,3827.92,2,7655.84,523.15,0.05,0,672.62,0.06,-20.93,0.00,-8417.87,-0.84,24
584,Exit long,2025-09-29 20:46,TSL,3830.51,2,7656.78,633.76,0.06,0,795.19,0.07,-185.35,-0.02,-7784.11,-0.78,24
584,Entry long,2025-09-29 20:22,M1 scalp up,3828.39,2,7656.78,633.76,0.06,0,795.19,0.07,-185.35,-0.02,-7784.11,-0.78,24
585,Exit long,2025-09-30 17:36,TSL,3848.17,1,3845.97,326.77,0.06,0,497.58,0.09,-326.77,-0.06,-7457.34,-0.75,36
585,Entry long,2025-09-30 17:00,M1 scalp up,3845.97,1,3845.97,326.77,0.06,0,497.58,0.09,-326.77,-0.06,-7457.34,-0.75,36
586,Exit long,2025-09-30 18:03,SL,3842.26,1,3845.99,-554.02,-0.10,0,54.96,0.01,-554.02,-0.10,-8011.36,-0.80,18
586,Entry long,2025-09-30 17:45,M1 scalp up,3845.99,1,3845.99,-554.02,-0.10,0,54.96,0.01,-554.02,-0.10,-8011.36,-0.80,18
587,Exit long,2025-09-30 19:53,TSL,3857.64,2,7708.98,935.75,0.08,0,1084.28,0.09,-5.94,0.00,-7075.61,-0.71,4
587,Entry long,2025-09-30 19:49,M1 scalp up,3854.49,2,7708.98,935.75,0.08,0,1084.28,0.09,-5.94,0.00,-7075.61,-0.71,4
588,Exit long,2025-09-30 20:05,SL,3850.94,1,3855.37,-658,-0.11,0,53.47,0.01,-658,-0.11,-7733.61,-0.77,2
588,Entry long,2025-09-30 20:03,M1 scalp up,3855.37,1,3855.37,-658,-0.11,0,53.47,0.01,-658,-0.11,-7733.61,-0.77,2
589,Exit long,2025-10-01 17:38,SL,3867.23,1,3870.06,-418.28,-0.07,0,264.57,0.05,-418.28,-0.07,-8151.89,-0.82,54
589,Entry long,2025-10-01 16:44,M1 scalp up,3870.06,1,3870.06,-418.28,-0.07,0,264.57,0.05,-418.28,-0.07,-8151.89,-0.82,54
590,Exit long,2025-10-01 20:04,SL,3864.25,1,3867.43,-470.01,-0.08,0,81.29,0.01,-470.01,-0.08,-8621.9,-0.86,8
590,Entry long,2025-10-01 19:56,M1 scalp up,3867.43,1,3867.43,-470.01,-0.08,0,81.29,0.01,-470.01,-0.08,-8621.9,-0.86,8
591,Exit long,2025-10-01 20:37,TSL,3864.02,1,3861.69,344.38,0.06,0,492.18,0.09,-11.82,0.00,-8277.52,-0.83,15
591,Entry long,2025-10-01 20:22,M1 scalp up,3861.69,1,3861.69,344.38,0.06,0,492.18,0.09,-11.82,0.00,-8277.52,-0.83,15
592,Exit long,2025-10-01 20:59,TSL,3865.19,2,7727.14,478.88,0.04,0,626.68,0.05,-171.45,-0.02,-7798.64,-0.78,14
592,Entry long,2025-10-01 20:45,M1 scalp up,3863.57,2,7727.14,478.88,0.04,0,626.68,0.05,-171.45,-0.02,-7798.64,-0.78,14
593,Exit short,2025-10-02 17:18,TSL,3844.74,1,3846.42,247.03,0.04,0,489.65,0.09,-157.34,-0.03,-7551.61,-0.76,8
593,Entry short,2025-10-02 17:10,M1 scalp down,3846.42,1,3846.42,247.03,0.04,0,489.65,0.09,-157.34,-0.03,-7551.61,-0.76,8
594,Exit short,2025-10-02 17:29,TSL,3843.56,1,3847.54,585.23,0.10,0,732.27,0.13,-16.17,0.00,-6966.38,-0.70,4
594,Entry short,2025-10-02 17:25,M1 scalp down,3847.54,1,3847.54,585.23,0.10,0,732.27,0.13,-16.17,0.00,-6966.38,-0.70,4
595,Exit short,2025-10-02 18:50,SL,3849.43,1,3844.62,-707.28,-0.13,0,216.15,0.04,-707.28,-0.13,-7673.65,-0.77,61
595,Entry short,2025-10-02 17:49,M1 scalp down,3844.62,1,3844.62,-707.28,-0.13,0,216.15,0.04,-707.28,-0.13,-7673.65,-0.77,61
596,Exit short,2025-10-02 19:58,TSL,3854.15,1,3856.89,402.9,0.07,0,580.82,0.10,-8.82,0.00,-7270.75,-0.73,8
596,Entry short,2025-10-02 19:50,M1 scalp down,3856.89,1,3856.89,402.9,0.07,0,580.82,0.10,-8.82,0.00,-7270.75,-0.73,8
597,Exit short,2025-10-02 22:00,SL,3857.15,2,7710.46,-565.46,-0.05,0,164.69,0.01,-565.46,-0.05,-7836.22,-0.78,5
597,Entry short,2025-10-02 20:55,M1 scalp down,3855.23,2,7710.46,-565.46,-0.05,0,164.69,0.01,-565.46,-0.05,-7836.22,-0.78,5
598,Exit long,2025-10-03 16:18,SL,3882.76,1,3887.4,-683.27,-0.12,0,309.24,0.05,-683.27,-0.12,-8519.48,-0.85,15
598,Entry long,2025-10-03 16:03,M1 scalp up,3887.4,1,3887.4,-683.27,-0.12,0,309.24,0.05,-683.27,-0.12,-8519.48,-0.85,15
599,Exit long,2025-10-03 16:53,TSL,3883.62,1,3881.6,297.46,0.05,0,444.71,0.08,-136.95,-0.02,-8222.03,-0.82,24
599,Entry long,2025-10-03 16:29,M1 scalp up,3881.6,1,3881.6,297.46,0.05,0,444.71,0.08,-136.95,-0.02,-8222.03,-0.82,24
600,Exit long,2025-10-03 17:25,TSL,3884.97,1,3882.73,329.85,0.06,0,477.11,0.08,-301.87,-0.05,-7892.17,-0.79,24
600,Entry long,2025-10-03 17:01,M1 scalp up,3882.73,1,3882.73,329.85,0.06,0,477.11,0.08,-301.87,-0.05,-7892.17,-0.79,24
601,Exit long,2025-10-03 17:51,SL,3880.62,1,3883.95,-490.36,-0.09,0,268.01,0.05,-490.36,-0.09,-8382.54,-0.84,22
601,Entry long,2025-10-03 17:29,M1 scalp up,3883.95,1,3883.95,-490.36,-0.09,0,268.01,0.05,-490.36,-0.09,-8382.54,-0.84,22
602,Exit long,2025-10-03 20:18,SL,3884.12,1,3886.68,-376.98,-0.07,0,365.19,0.06,-376.98,-0.07,-8759.51,-0.88,33
602,Entry long,2025-10-03 19:45,M1 scalp up,3886.68,1,3886.68,-376.98,-0.07,0,365.19,0.06,-376.98,-0.07,-8759.51,-0.88,33
603,Exit long,2025-10-03 20:50,TSL,3885.37,2,7768.5,329.85,0.03,0,565.46,0.05,-465.33,-0.04,-8429.66,-0.84,28
603,Entry long,2025-10-03 20:22,M1 scalp up,3884.25,2,7768.5,329.85,0.03,0,565.46,0.05,-465.33,-0.04,-8429.66,-0.84,28
604,Exit long,2025-10-06 18:03,TSL,3958.72,1,3955.29,505.79,0.09,0,653.25,0.11,-610.48,-0.10,-7923.87,-0.79,46
604,Entry long,2025-10-06 17:17,M1 scalp up,3955.29,1,3955.29,505.79,0.09,0,653.25,0.11,-610.48,-0.10,-7923.87,-0.79,46
605,Exit long,2025-10-06 19:59,SL,3959.12,1,3961.64,-371.6,-0.06,0,348.01,0.06,-371.6,-0.06,-8295.47,-0.83,21
605,Entry long,2025-10-06 19:38,M1 scalp up,3961.64,1,3961.64,-371.6,-0.06,0,348.01,0.06,-371.6,-0.06,-8295.47,-0.83,21
606,Exit long,2025-10-06 22:10,TSL,3964.9,1,3959.49,813.37,0.14,0,990.77,0.17,-337.68,-0.06,-7482.1,-0.75,58
606,Entry long,2025-10-06 20:12,M1 scalp up,3959.49,1,3959.49,813.37,0.14,0,990.77,0.17,-337.68,-0.06,-7482.1,-0.75,58
607,Exit long,2025-10-07 17:35,TSL,3983.42,1,3981.3,318.73,0.05,0,469.08,0.08,-205.97,-0.03,-7163.37,-0.72,7
607,Entry long,2025-10-07 17:28,M1 scalp up,3981.3,1,3981.3,318.73,0.05,0,469.08,0.08,-205.97,-0.03,-7163.37,-0.72,7
608,Exit long,2025-10-07 17:53,TSL,3984.67,1,3982.41,339.78,0.06,0,509.67,0.09,0,0.00,-6823.59,-0.68,2
608,Entry long,2025-10-07 17:51,M1 scalp up,3982.41,1,3982.41,339.78,0.06,0,509.67,0.09,0,0.00,-6823.59,-0.68,2
609,Exit long,2025-10-07 19:53,TSL,3981.37,1,3979.29,312.72,0.05,0,463.06,0.08,-33.08,-0.01,-6510.88,-0.65,13
609,Entry long,2025-10-07 19:40,M1 scalp up,3979.29,1,3979.29,312.72,0.05,0,463.06,0.08,-33.08,-0.01,-6510.88,-0.65,13
610,Exit long,2025-10-07 20:29,TSL,3982.32,1,3980.16,324.75,0.05,0,475.09,0.08,0,0.00,-6186.13,-0.62,29
610,Entry long,2025-10-07 20:00,M1 scalp up,3980.16,1,3980.16,324.75,0.05,0,475.09,0.08,0,0.00,-6186.13,-0.62,29
611,Exit long,2025-10-07 22:03,TSL,3985.6,2,7968.82,361.51,0.03,0,513.41,0.04,-492.14,-0.04,-5824.62,-0.58,4
611,Entry long,2025-10-07 20:59,M1 scalp up,3984.41,2,7968.82,361.51,0.03,0,513.41,0.04,-492.14,-0.04,-5824.62,-0.58,4
612,Exit long,2025-10-08 15:54,TSL,4047.57,1,4045.39,331.13,0.05,0,483.03,0.08,-37.97,-0.01,-5493.48,-0.55,5
612,Entry long,2025-10-08 15:49,M1 scalp up,4045.39,1,4045.39,331.13,0.05,0,483.03,0.08,-37.97,-0.01,-5493.48,-0.55,5
613,Exit long,2025-10-08 16:12,TSL,4053.08,1,4045.74,1114.92,0.18,0,1371.62,0.22,-215.69,-0.04,-4378.57,-0.44,12
613,Entry long,2025-10-08 16:00,M1 scalp up,4045.74,1,4045.74,1114.92,0.18,0,1371.62,0.22,-215.69,-0.04,-4378.57,-0.44,12
614,Exit long,2025-10-08 17:28,SL,4050.57,1,4055.28,-715.43,-0.12,0,420.75,0.07,-715.43,-0.12,-5094,-0.51,41
614,Entry long,2025-10-08 16:47,M1 scalp up,4055.28,1,4055.28,-715.43,-0.12,0,420.75,0.07,-715.43,-0.12,-5094,-0.51,41
615,Exit long,2025-10-08 20:50,TSL,4043.61,1,4041.34,344.8,0.06,0,499.74,0.08,-455.69,-0.07,-4749.19,-0.47,24
615,Entry long,2025-10-08 20:26,M1 scalp up,4041.34,1,4041.34,344.8,0.06,0,499.74,0.08,-455.69,-0.07,-4749.19,-0.47,24
616,Exit long,2025-10-08 22:01,SL,4036.87,1,4040.9,-615.31,-0.10,0,262.78,0.04,-615.31,-0.10,-5364.51,-0.54,6
616,Entry long,2025-10-08 20:55,M1 scalp up,4040.9,1,4040.9,-615.31,-0.10,0,262.78,0.04,-615.31,-0.10,-5364.51,-0.54,6
617,Exit short,2025-10-09 20:20,TSL,3975.08,1,3978.76,561.87,0.09,0,740.51,0.12,-33.59,-0.01,-4802.63,-0.48,5
617,Entry short,2025-10-09 20:15,M1 scalp down,3978.76,1,3978.76,561.87,0.09,0,740.51,0.12,-33.59,-0.01,-4802.63,-0.48,5
618,Exit short,2025-10-09 22:00,SL,3978.62,1,3975.46,-483.59,-0.08,0,0,0.00,-483.59,-0.08,-5286.22,-0.53,0
618,Entry short,2025-10-09 22:00,M1 scalp down,3975.46,1,3975.46,-483.59,-0.08,0,0,0.00,-483.59,-0.08,-5286.22,-0.53,0
619,Exit long,2025-10-13 15:57,TSL,4105.74,1,4098.03,1165.2,0.19,0,1414.56,0.23,-63.47,-0.01,-4121.03,-0.41,7
619,Entry long,2025-10-13 15:50,M1 scalp up,4098.03,1,4098.03,1165.2,0.19,0,1414.56,0.23,-63.47,-0.01,-4121.03,-0.41,7
620,Exit long,2025-10-13 16:58,SL,4104.84,1,4109.76,-743.55,-0.12,0,448.85,0.07,-743.55,-0.12,-4864.58,-0.49,24
620,Entry long,2025-10-13 16:34,M1 scalp up,4109.76,1,4109.76,-743.55,-0.12,0,448.85,0.07,-743.55,-0.12,-4864.58,-0.49,24
621,Exit long,2025-10-13 19:55,TSL,4109.42,1,4103.55,887.12,0.14,0,1048.83,0.17,-211.58,-0.03,-3977.46,-0.40,17
621,Entry long,2025-10-13 19:38,M1 scalp up,4103.55,1,4103.55,887.12,0.14,0,1048.83,0.17,-211.58,-0.03,-3977.46,-0.40,17
622,Exit long,2025-10-13 20:17,TSL,4108.3,1,4106.29,303.77,0.05,0,454.9,0.07,-13.6,0.00,-3673.69,-0.37,12
622,Entry long,2025-10-13 20:05,M1 scalp up,4106.29,1,4106.29,303.77,0.05,0,454.9,0.07,-13.6,0.00,-3673.69,-0.37,12
623,Exit long,2025-10-13 20:49,TSL,4111.26,2,8218.04,677.05,0.05,0,933.97,0.08,-519.88,-0.04,-2996.63,-0.30,17
623,Entry long,2025-10-13 20:32,M1 scalp up,4109.02,2,8218.04,677.05,0.05,0,933.97,0.08,-519.88,-0.04,-2996.63,-0.30,17
624,Exit long,2025-10-13 22:03,TSL,4112.55,1,4110.25,350.22,0.06,0,504.01,0.08,-219.27,-0.04,-2646.42,-0.26,4
624,Entry long,2025-10-13 20:59,M1 scalp up,4110.25,1,4110.25,350.22,0.06,0,504.01,0.08,-219.27,-0.04,-2646.42,-0.26,4
625,Exit long,2025-10-14 19:35,SL,4145.07,1,4148.45,-514.67,-0.08,0,117.25,0.02,-514.67,-0.08,-3161.08,-0.32,2
625,Entry long,2025-10-14 19:33,M1 scalp up,4148.45,1,4148.45,-514.67,-0.08,0,117.25,0.02,-514.67,-0.08,-3161.08,-0.32,2
626,Exit long,2025-10-14 22:14,TSL,4155.79,1,4143.65,1843.3,0.29,0,1995.14,0.32,-507.14,-0.08,-1317.78,-0.13,44
626,Entry long,2025-10-14 20:30,M1 scalp up,4143.65,1,4143.65,1843.3,0.29,0,1995.14,0.32,-507.14,-0.08,-1317.78,-0.13,44
627,Exit long,2025-10-15 19:50,TSL,4211.56,1,4207.95,548.13,0.09,0,699.97,0.11,-343.15,-0.05,-769.65,-0.08,12
627,Entry long,2025-10-15 19:38,M1 scalp up,4207.95,1,4207.95,548.13,0.09,0,699.97,0.11,-343.15,-0.05,-769.65,-0.08,12
628,Exit long,2025-10-15 20:03,TSL,4211.82,1,4209.23,393.26,0.06,0,545.09,0.09,-60.73,-0.01,-376.39,-0.04,2
628,Entry long,2025-10-15 20:01,M1 scalp up,4209.23,1,4209.23,393.26,0.06,0,545.09,0.09,-60.73,-0.01,-376.39,-0.04,2
629,Exit long,2025-10-15 22:11,SL,4205.99,1,4210.17,-631.33,-0.10,0,409.3,0.06,-631.33,-0.10,-1007.72,-0.10,64
629,Entry long,2025-10-15 20:07,M1 scalp up,4210.17,1,4210.17,-631.33,-0.10,0,409.3,0.06,-631.33,-0.10,-1007.72,-0.10,64
630,Exit short,2025-10-23 20:50,SL,4120.86,1,4116.27,-697.52,-0.11,0,4.56,0.00,-697.52,-0.11,-1705.24,-0.17,3
630,Entry short,2025-10-23 20:47,M1 scalp down,4116.27,1,4116.27,-697.52,-0.11,0,4.56,0.00,-697.52,-0.11,-1705.24,-0.17,3
631,Exit short,2025-10-24 20:39,SL,4105.88,1,4101.45,-675.81,-0.11,0,85.43,0.01,-675.81,-0.11,-2381.05,-0.24,8
631,Entry short,2025-10-24 20:31,M1 scalp down,4101.45,1,4101.45,-675.81,-0.11,0,85.43,0.01,-675.81,-0.11,-2381.05,-0.24,8
632,Exit short,2025-10-26 22:01,TSL,4078.88,1,4108.9,4589.1,0.73,0,5336.62,0.85,-750.56,-0.12,2208.05,0.22,14
632,Entry short,2025-10-24 20:47,M1 scalp down,4108.9,1,4108.9,4589.1,0.73,0,5336.62,0.85,-750.56,-0.12,2208.05,0.22,14
633,Exit short,2025-10-27 20:38,TSL,3992.81,1,3996.57,574.78,0.09,0,727.65,0.12,-562.55,-0.09,2782.83,0.28,15
633,Entry short,2025-10-27 20:23,M1 scalp down,3996.57,1,3996.57,574.78,0.09,0,727.65,0.12,-562.55,-0.09,2782.83,0.28,15
634,Exit short,2025-10-28 19:53,SL,3961.33,1,3956.89,-678.74,-0.11,0,299.63,0.05,-678.74,-0.11,2104.09,0.21,3
634,Entry short,2025-10-28 19:50,M1 scalp down,3956.89,1,3956.89,-678.74,-0.11,0,299.63,0.05,-678.74,-0.11,2104.09,0.21,3
635,Exit short,2025-10-28 20:26,TSL,3951.91,1,3954.44,386.76,0.06,0,539.63,0.09,-19.87,0.00,2490.85,0.25,3
635,Entry short,2025-10-28 20:23,M1 scalp down,3954.44,1,3954.44,386.76,0.06,0,539.63,0.09,-19.87,0.00,2490.85,0.25,3
636,Exit short,2025-10-28 20:49,TSL,3951.3,1,3953.6,351.6,0.06,0,504.47,0.08,-362.3,-0.06,2842.45,0.28,14
636,Entry short,2025-10-28 20:35,M1 scalp down,3953.6,1,3953.6,351.6,0.06,0,504.47,0.08,-362.3,-0.06,2842.45,0.28,14
637,Exit short,2025-10-29 17:21,TSL,3990.72,1,3994.18,526.25,0.09,0,678.34,0.11,-553.62,-0.09,3368.7,0.34,12
637,Entry short,2025-10-29 17:09,M1 scalp down,3994.18,1,3994.18,526.25,0.09,0,678.34,0.11,-553.62,-0.09,3368.7,0.34,12
638,Exit short,2025-10-29 18:01,TSL,3988.62,1,3994.82,942.98,0.16,0,1095.08,0.18,-165.78,-0.03,4311.68,0.43,12
638,Entry short,2025-10-29 17:49,M1 scalp down,3994.82,1,3994.82,942.98,0.16,0,1095.08,0.18,-165.78,-0.03,4311.68,0.43,12
639,Exit long,2025-10-30 19:52,TSL,4024.67,1,4022.31,360.42,0.06,0,513.15,0.08,0,0.00,4672.1,0.47,2
639,Entry long,2025-10-30 19:50,M1 scalp up,4022.31,1,4022.31,360.42,0.06,0,513.15,0.08,0,0.00,4672.1,0.47,2
640,Exit long,2025-10-30 20:33,SL,4016.28,1,4021.16,-745.28,-0.12,0,177.16,0.03,-745.28,-0.12,3926.82,0.39,13
640,Entry long,2025-10-30 20:20,M1 scalp up,4021.16,1,4021.16,-745.28,-0.12,0,177.16,0.03,-745.28,-0.12,3926.82,0.39,13
641,Exit long,2025-10-30 20:43,TSL,4018.81,1,4016.68,325.3,0.05,0,478.02,0.08,-76.36,-0.01,4252.12,0.43,6
641,Entry long,2025-10-30 20:37,M1 scalp up,4016.68,1,4016.68,325.3,0.05,0,478.02,0.08,-76.36,-0.01,4252.12,0.43,6
642,Exit short,2025-10-31 19:55,TSL,3996.92,1,3999.16,345.21,0.06,0,499.33,0.08,-297.44,-0.05,4597.33,0.46,10
642,Entry short,2025-10-31 19:45,M1 scalp down,3999.16,1,3999.16,345.21,0.06,0,499.33,0.08,-297.44,-0.05,4597.33,0.46,10
643,Exit short,2025-10-31 20:30,SL,4003.68,1,3999.1,-705.84,-0.11,0,255.83,0.04,-705.84,-0.11,3891.49,0.39,13
643,Entry short,2025-10-31 20:17,M1 scalp down,3999.1,1,3999.1,-705.84,-0.11,0,255.83,0.04,-705.84,-0.11,3891.49,0.39,13
644,Exit long,2025-11-02 23:00,SL,3989.15,1,4003.26,-2173,-0.35,0,174.15,0.03,-2173,-0.35,1718.5,0.17,14
644,Entry long,2025-10-31 20:46,M1 scalp up,4003.26,1,4003.26,-2173,-0.35,0,174.15,0.03,-2173,-0.35,1718.5,0.17,14
645,Exit long,2025-11-03 18:19,SL,4001.24,1,4005.67,-682.24,-0.11,0,298.77,0.05,-682.24,-0.11,1036.26,0.10,39
645,Entry long,2025-11-03 17:40,M1 scalp up,4005.67,1,4005.67,-682.24,-0.11,0,298.77,0.05,-682.24,-0.11,1036.26,0.10,39
646,Exit short,2025-11-03 19:53,SL,4006.13,1,4002.37,-579.06,-0.09,0,12.32,0.00,-579.06,-0.09,457.2,0.05,4
646,Entry short,2025-11-03 19:49,M1 scalp down,4002.37,1,4002.37,-579.06,-0.09,0,12.32,0.00,-579.06,-0.09,457.2,0.05,4
647,Exit long,2025-11-03 21:08,SL,4005.56,1,4009.58,-619.1,-0.10,0,381.93,0.06,-619.1,-0.10,-161.89,-0.02,40
647,Entry long,2025-11-03 20:28,M1 scalp up,4009.58,1,4009.58,-619.1,-0.10,0,381.93,0.06,-619.1,-0.10,-161.89,-0.02,40
648,Exit short,2025-11-04 21:04,TSL,3934.9,1,3940,786.5,0.13,0,940.72,0.15,0,0.00,624.61,0.06,6
648,Entry short,2025-11-04 20:58,M1 scalp down,3940,1,3940,786.5,0.13,0,940.72,0.15,0,0.00,624.61,0.06,6
649,Exit long,2025-11-05 20:07,TSL,3989.08,1,3986.71,364.18,0.06,0,545.51,0.09,-16.9,0.00,988.79,0.10,4
649,Entry long,2025-11-05 20:03,M1 scalp up,3986.71,1,3986.71,364.18,0.06,0,545.51,0.09,-16.9,0.00,988.79,0.10,4
650,Exit long,2025-11-05 20:44,SL,3984.25,1,3987.2,-453.31,-0.07,0,169.03,0.03,-453.31,-0.07,535.48,0.05,26
650,Entry long,2025-11-05 20:18,M1 scalp up,3987.2,1,3987.2,-453.31,-0.07,0,169.03,0.03,-453.31,-0.07,535.48,0.05,26
651,Exit long,2025-11-06 13:37,TSL,4014.95,1,4012.18,426.87,0.07,0,619.51,0.10,-221.91,-0.04,962.36,0.10,6
651,Entry long,2025-11-06 13:31,M1 scalp up,4012.18,1,4012.18,426.87,0.07,0,619.51,0.10,-221.91,-0.04,962.36,0.10,6
652,Exit long,2025-11-06 19:46,SL,3987.64,1,3990.97,-513.17,-0.08,0,72.43,0.01,-513.17,-0.08,449.19,0.04,11
652,Entry long,2025-11-06 19:35,M1 scalp up,3990.97,1,3990.97,-513.17,-0.08,0,72.43,0.01,-513.17,-0.08,449.19,0.04,11
653,Exit short,2025-11-06 20:46,TSL,3982.76,1,3984.79,312.84,0.05,0,466.94,0.08,-308.21,-0.05,762.02,0.08,20
653,Entry short,2025-11-06 20:26,M1 scalp down,3984.79,1,3984.79,312.84,0.05,0,466.94,0.08,-308.21,-0.05,762.02,0.08,20
654,Exit long,2025-11-07 19:37,SL,4002.64,1,4005.97,-509.68,-0.08,0,29.08,0.00,-509.68,-0.08,252.34,0.03,2
654,Entry long,2025-11-07 19:35,M1 scalp up,4005.97,1,4005.97,-509.68,-0.08,0,29.08,0.00,-509.68,-0.08,252.34,0.03,2
655,Exit long,2025-11-07 19:51,TSL,4005.34,1,4003.17,332.13,0.05,0,509.68,0.08,-211.22,-0.03,584.47,0.06,8
655,Entry long,2025-11-07 19:43,M1 scalp up,4003.17,1,4003.17,332.13,0.05,0,509.68,0.08,-211.22,-0.03,584.47,0.06,8
656,Exit long,2025-11-07 20:18,SL,3999.95,1,4004.4,-681.1,-0.11,0,396.42,0.06,-681.1,-0.11,-96.63,-0.01,16
656,Entry long,2025-11-07 20:02,M1 scalp up,4004.4,1,4004.4,-681.1,-0.11,0,396.42,0.06,-681.1,-0.11,-96.63,-0.01,16
657,Exit long,2025-11-07 20:59,TSL,4004.82,1,3999.56,805.08,0.13,0,958.14,0.16,-67.35,-0.01,708.45,0.07,9
657,Entry long,2025-11-07 20:50,M1 scalp up,3999.56,1,3999.56,805.08,0.13,0,958.14,0.16,-67.35,-0.01,708.45,0.07,9
658,Exit long,2025-11-10 17:01,TSL,4095.23,1,4092.07,484.78,0.08,0,638.19,0.10,-507.79,-0.08,1193.23,0.12,20
658,Entry long,2025-11-10 16:41,M1 scalp up,4092.07,1,4092.07,484.78,0.08,0,638.19,0.10,-507.79,-0.08,1193.23,0.12,20
659,Exit long,2025-11-10 17:26,TSL,4097.08,1,4094.49,397.34,0.06,0,593.7,0.09,-174.89,-0.03,1590.57,0.16,12
659,Entry long,2025-11-10 17:14,M1 scalp up,4094.49,1,4094.49,397.34,0.06,0,593.7,0.09,-174.89,-0.03,1590.57,0.16,12
660,Exit long,2025-11-10 17:51,TSL,4098.19,1,4096.03,331.37,0.05,0,484.78,0.08,-319.1,-0.05,1921.94,0.19,17
660,Entry long,2025-11-10 17:34,M1 scalp up,4096.03,1,4096.03,331.37,0.05,0,484.78,0.08,-319.1,-0.05,1921.94,0.19,17
661,Exit long,2025-11-10 20:16,SL,4108.54,1,4112.25,-569.16,-0.09,0,334.44,0.05,-569.16,-0.09,1352.78,0.14,38
661,Entry long,2025-11-10 19:38,M1 scalp up,4112.25,1,4112.25,-569.16,-0.09,0,334.44,0.05,-569.16,-0.09,1352.78,0.14,38
662,Exit long,2025-11-10 21:26,TSL,4113.52,1,4110.31,492.45,0.08,0,645.86,0.10,-358.98,-0.06,1845.23,0.18,36
662,Entry long,2025-11-10 20:50,M1 scalp up,4110.31,1,4110.31,492.45,0.08,0,645.86,0.10,-358.98,-0.06,1845.23,0.18,36
663,Exit long,2025-11-11 13:35,TSL,4144.13,1,4139.5,713.63,0.11,0,890.88,0.14,-64.74,-0.01,2558.86,0.26,4
663,Entry long,2025-11-11 13:31,M1 scalp up,4139.5,1,4139.5,713.63,0.11,0,890.88,0.14,-64.74,-0.01,2558.86,0.26,4
664,Exit long,2025-11-11 13:51,TSL,4144.54,1,4141.8,422.32,0.07,0,596.49,0.09,-104.81,-0.02,2981.18,0.30,6
664,Entry long,2025-11-11 13:45,M1 scalp up,4141.8,1,4141.8,422.32,0.07,0,596.49,0.09,-104.81,-0.02,2981.18,0.30,6
665,Exit long,2025-11-11 14:20,SL,4133.71,1,4138.26,-701.3,-0.11,0,305.18,0.05,-701.3,-0.11,2279.88,0.23,9
665,Entry long,2025-11-11 14:11,M1 scalp up,4138.26,1,4138.26,-701.3,-0.11,0,305.18,0.05,-701.3,-0.11,2279.88,0.23,9
666,Exit long,2025-11-11 17:08,TSL,4114.78,1,4111.91,442.36,0.07,0,596.49,0.09,-21.58,0.00,2722.24,0.27,11
666,Entry long,2025-11-11 16:57,M1 scalp up,4111.91,1,4111.91,442.36,0.07,0,596.49,0.09,-21.58,0.00,2722.24,0.27,11
667,Exit long,2025-11-11 17:21,TSL,4116.55,1,4113.78,426.94,0.07,0,582.62,0.09,-312.89,-0.05,3149.18,0.31,4
667,Entry long,2025-11-11 17:17,M1 scalp up,4113.78,1,4113.78,426.94,0.07,0,582.62,0.09,-312.89,-0.05,3149.18,0.31,4
668,Exit long,2025-11-11 17:54,TSL,4115.35,1,4113.24,325.22,0.05,0,479.35,0.08,-409.99,-0.06,3474.4,0.35,27
668,Entry long,2025-11-11 17:27,M1 scalp up,4113.24,1,4113.24,325.22,0.05,0,479.35,0.08,-409.99,-0.06,3474.4,0.35,27
669,Exit long,2025-11-11 20:03,TSL,4124.1,1,4122.01,322.13,0.05,0,476.26,0.07,-94.02,-0.01,3796.53,0.38,4
669,Entry long,2025-11-11 19:59,M1 scalp up,4122.01,1,4122.01,322.13,0.05,0,476.26,0.07,-94.02,-0.01,3796.53,0.38,4
670,Exit long,2025-11-11 20:40,TSL,4128.76,1,4125.52,499.38,0.08,0,722.87,0.11,-197.29,-0.03,4295.92,0.43,17
670,Entry long,2025-11-11 20:23,M1 scalp up,4125.52,1,4125.52,499.38,0.08,0,722.87,0.11,-197.29,-0.03,4295.92,0.43,17
671,Exit long,2025-11-11 20:55,TSL,4130.8,1,4128.58,342.17,0.05,0,497.84,0.08,-4.62,0.00,4638.09,0.46,4
671,Entry long,2025-11-11 20:51,M1 scalp up,4128.58,1,4128.58,342.17,0.05,0,497.84,0.08,-4.62,0.00,4638.09,0.46,4
672,Exit long,2025-11-12 20:33,TSL,4195.97,1,4193.97,308.28,0.05,0,551.81,0.09,-47.78,-0.01,4946.36,0.49,2
672,Entry long,2025-11-12 20:31,M1 scalp up,4193.97,1,4193.97,308.28,0.05,0,551.81,0.09,-47.78,-0.01,4946.36,0.49,2
673,Exit long,2025-11-12 20:46,TSL,4195.52,1,4193.16,363.77,0.06,0,517.9,0.08,-189.59,-0.03,5310.13,0.53,9
673,Entry long,2025-11-12 20:37,M1 scalp up,4193.16,1,4193.16,363.77,0.06,0,517.9,0.08,-189.59,-0.03,5310.13,0.53,9
674,Exit long,2025-11-18 20:43,SL,4069.3,1,4074.21,-761.9,-0.12,0,263.8,0.04,-761.9,-0.12,4548.22,0.45,23
674,Entry long,2025-11-18 20:20,M1 scalp up,4074.21,1,4074.21,-761.9,-0.12,0,263.8,0.04,-761.9,-0.12,4548.22,0.45,23
675,Exit long,2025-11-18 21:04,TSL,4071.34,1,4068.65,417.42,0.07,0,572.59,0.09,-201.73,-0.03,4965.64,0.50,19
675,Entry long,2025-11-18 20:45,M1 scalp up,4068.65,1,4068.65,417.42,0.07,0,572.59,0.09,-201.73,-0.03,4965.64,0.50,19
676,Exit long,2025-11-21 20:06,SL,4082.53,1,4087.25,-743.1,-0.12,0,340.06,0.05,-743.1,-0.12,4222.54,0.42,25
676,Entry long,2025-11-21 19:41,M1 scalp up,4087.25,1,4087.25,-743.1,-0.12,0,340.06,0.05,-743.1,-0.12,4222.54,0.42,25
677,Exit long,2025-11-21 20:23,SL,4077.4,1,4082.34,-777.73,-0.12,0,103.91,0.02,-777.73,-0.12,3444.81,0.34,10
677,Entry long,2025-11-21 20:13,M1 scalp up,4082.34,1,4082.34,-777.73,-0.12,0,103.91,0.02,-777.73,-0.12,3444.81,0.34,10
678,Exit long,2025-11-24 16:14,TSL,4094.5,1,4091.75,429.9,0.07,0,586.23,0.09,-368.93,-0.06,3874.71,0.39,20
678,Entry long,2025-11-24 15:54,M1 scalp up,4091.75,1,4091.75,429.9,0.07,0,586.23,0.09,-368.93,-0.06,3874.71,0.39,20
679,Exit long,2025-11-24 16:34,TSL,4096.34,1,4092.29,633.13,0.10,0,842.61,0.13,-35.96,-0.01,4507.84,0.45,10
679,Entry long,2025-11-24 16:24,M1 scalp up,4092.29,1,4092.29,633.13,0.10,0,842.61,0.13,-35.96,-0.01,4507.84,0.45,10
680,Exit long,2025-11-24 16:58,TSL,4097.38,1,4095.24,334.54,0.05,0,490.87,0.08,-54.71,-0.01,4842.38,0.48,3
680,Entry long,2025-11-24 16:55,M1 scalp up,4095.24,1,4095.24,334.54,0.05,0,490.87,0.08,-54.71,-0.01,4842.38,0.48,3
681,Exit long,2025-11-24 17:18,SL,4090.83,1,4095.42,-717.55,-0.11,0,265.76,0.04,-717.55,-0.11,4124.84,0.41,12
681,Entry long,2025-11-24 17:06,M1 scalp up,4095.42,1,4095.42,-717.55,-0.11,0,265.76,0.04,-717.55,-0.11,4124.84,0.41,12
682,Exit long,2025-11-24 17:24,TSL,4093.28,1,4090.81,386.13,0.06,0,594.05,0.09,-59.4,-0.01,4510.97,0.45,2
682,Entry long,2025-11-24 17:22,M1 scalp up,4090.81,1,4090.81,386.13,0.06,0,594.05,0.09,-59.4,-0.01,4510.97,0.45,2
683,Exit long,2025-11-24 20:03,TSL,4122.16,1,4118.4,587.79,0.09,0,809.78,0.13,-68.78,-0.01,5098.76,0.51,3
683,Entry long,2025-11-24 20:00,M1 scalp up,4118.4,1,4118.4,587.79,0.09,0,809.78,0.13,-68.78,-0.01,5098.76,0.51,3
684,Exit long,2025-11-24 20:32,TSL,4128.89,1,4122.42,1011.44,0.16,0,1167.77,0.18,-31.27,0.00,6110.2,0.61,5
684,Entry long,2025-11-24 20:27,M1 scalp up,4122.42,1,4122.42,1011.44,0.16,0,1167.77,0.18,-31.27,0.00,6110.2,0.61,5
685,Exit long,2025-11-24 21:00,TSL,4132.35,1,4129.32,473.67,0.07,0,630,0.10,-62.53,-0.01,6583.88,0.66,6
685,Entry long,2025-11-24 20:54,M1 scalp up,4129.32,1,4129.32,473.67,0.07,0,630,0.10,-62.53,-0.01,6583.88,0.66,6
686,Exit long,2025-11-25 20:54,SL,4130.61,1,4134.9,-673.15,-0.10,0,216.54,0.03,-673.15,-0.10,5910.73,0.59,31
686,Entry long,2025-11-25 20:23,M1 scalp up,4134.9,1,4134.9,-673.15,-0.10,0,216.54,0.03,-673.15,-0.10,5910.73,0.59,31
687,Exit long,2025-11-25 23:03,TSL,4134.05,1,4131.43,408.8,0.06,0,564.83,0.09,-610.38,-0.09,6319.53,0.63,65
687,Entry long,2025-11-25 20:58,M1 scalp up,4131.43,1,4131.43,408.8,0.06,0,564.83,0.09,-610.38,-0.09,6319.53,0.63,65
688,Exit long,2025-11-26 16:43,TSL,4167.08,1,4162.28,748.95,0.12,0,990.8,0.15,-177.88,-0.03,7068.48,0.71,20
688,Entry long,2025-11-26 16:23,M1 scalp up,4162.28,1,4162.28,748.95,0.12,0,990.8,0.15,-177.88,-0.03,7068.48,0.71,20
689,Exit long,2025-11-26 17:22,TSL,4168.14,1,4165.68,383.84,0.06,0,539.87,0.08,-176.32,-0.03,7452.32,0.75,28
689,Entry long,2025-11-26 16:54,M1 scalp up,4165.68,1,4165.68,383.84,0.06,0,539.87,0.08,-176.32,-0.03,7452.32,0.75,28
690,Exit long,2025-11-26 17:47,TSL,4168.61,1,4166.19,377.6,0.06,0,533.63,0.08,-98.3,-0.02,7829.91,0.78,10
690,Entry long,2025-11-26 17:37,M1 scalp up,4166.19,1,4166.19,377.6,0.06,0,533.63,0.08,-98.3,-0.02,7829.91,0.78,10
691,Exit long,2025-11-26 18:08,TSL,4168.98,1,4166.96,315.18,0.05,0,503.98,0.08,-195.04,-0.03,8145.09,0.81,16
691,Entry long,2025-11-26 17:52,M1 scalp up,4166.96,1,4166.96,315.18,0.05,0,503.98,0.08,-195.04,-0.03,8145.09,0.81,16
692,Exit long,2025-11-26 19:43,SL,4163.31,1,4166.92,-563.27,-0.09,0,96.74,0.01,-563.27,-0.09,7581.82,0.76,11
692,Entry long,2025-11-26 19:32,M1 scalp up,4166.92,1,4166.92,-563.27,-0.09,0,96.74,0.01,-563.27,-0.09,7581.82,0.76,11
693,Exit long,2025-11-26 20:25,TSL,4166.49,1,4163.86,410.36,0.06,0,566.39,0.09,-385.4,-0.06,7992.18,0.80,35
693,Entry long,2025-11-26 19:50,M1 scalp up,4163.86,1,4163.86,410.36,0.06,0,566.39,0.09,-385.4,-0.06,7992.18,0.80,35
694,Exit long,2025-11-26 20:51,SL,4162.28,1,4165.36,-480.58,-0.07,0,45.25,0.01,-480.58,-0.07,7511.61,0.75,3
694,Entry long,2025-11-26 20:48,M1 scalp up,4165.36,1,4165.36,-480.58,-0.07,0,45.25,0.01,-480.58,-0.07,7511.61,0.75,3
695,Exit long,2025-11-26 21:39,TSL,4165.87,1,4162.06,594.48,0.09,0,750.51,0.12,-40.57,-0.01,8106.09,0.81,44
695,Entry long,2025-11-26 20:55,M1 scalp up,4162.06,1,4162.06,594.48,0.09,0,750.51,0.12,-40.57,-0.01,8106.09,0.81,44
696,Exit long,2025-11-27 14:10,TSL,4157.87,1,4155.21,416.17,0.06,0,572.62,0.09,-331.68,-0.05,8522.25,0.85,24
696,Entry long,2025-11-27 13:46,M1 scalp up,4155.21,1,4155.21,416.17,0.06,0,572.62,0.09,-331.68,-0.05,8522.25,0.85,24
697,Exit long,2025-11-27 14:40,SL,4154.61,1,4158.21,-563.23,-0.09,0,131.42,0.02,-563.23,-0.09,7959.02,0.80,14
697,Entry long,2025-11-27 14:26,M1 scalp up,4158.21,1,4158.21,-563.23,-0.09,0,131.42,0.02,-563.23,-0.09,7959.02,0.80,14
698,Exit long,2025-11-27 15:18,TSL,4158.31,1,4155.99,362.97,0.06,0,519.43,0.08,-472.49,-0.07,8321.99,0.83,31
698,Entry long,2025-11-27 14:47,M1 scalp up,4155.99,1,4155.99,362.97,0.06,0,519.43,0.08,-472.49,-0.07,8321.99,0.83,31
699,Exit long,2025-11-27 16:03,SL,4156.81,1,4159.71,-453.72,-0.07,0,170.53,0.03,-453.72,-0.07,7868.28,0.79,29
699,Entry long,2025-11-27 15:34,M1 scalp up,4159.71,1,4159.71,-453.72,-0.07,0,170.53,0.03,-453.72,-0.07,7868.28,0.79,29
700,Exit long,2025-11-27 16:26,SL,4152.29,1,4154.95,-416.17,-0.06,0,142.37,0.02,-416.17,-0.06,7452.11,0.75,14
700,Entry long,2025-11-27 16:12,M1 scalp up,4154.95,1,4154.95,-416.17,-0.06,0,142.37,0.02,-416.17,-0.06,7452.11,0.75,14
701,Exit long,2025-11-27 16:59,TSL,4156.97,2,8309.68,666.49,0.05,0,869.88,0.07,-56.32,0.00,8118.6,0.81,4
701,Entry long,2025-11-27 16:55,M1 scalp up,4154.84,2,8309.68,666.49,0.05,0,869.88,0.07,-56.32,0.00,8118.6,0.81,4
702,Exit long,2025-11-27 17:55,TSL,4158.23,1,4155.72,392.7,0.06,0,549.15,0.08,-151.76,-0.02,8511.3,0.85,50
702,Entry long,2025-11-27 17:05,M1 scalp up,4155.72,1,4155.72,392.7,0.06,0,549.15,0.08,-151.76,-0.02,8511.3,0.85,50
703,Exit long,2025-11-28 17:38,TSL,4211.25,1,4206.57,731.38,0.11,0,887.66,0.14,-93.77,-0.01,9242.68,0.92,8
703,Entry long,2025-11-28 17:30,M1 scalp up,4206.57,1,4206.57,731.38,0.11,0,887.66,0.14,-93.77,-0.01,9242.68,0.92,8
704,Exit long,2025-12-01 19:44,SL,4234.18,1,4238.67,-701.01,-0.11,0,0,0.00,-701.01,-0.11,8541.67,0.85,1
704,Entry long,2025-12-01 19:43,M1 scalp up,4238.67,1,4238.67,-701.01,-0.11,0,0,0.00,-701.01,-0.11,8541.67,0.85,1
705,Exit long,2025-12-01 20:37,TSL,4238.84,1,4236.42,377.83,0.06,0,533.96,0.08,-162.37,-0.02,8919.5,0.89,9
705,Entry long,2025-12-01 20:28,M1 scalp up,4236.42,1,4236.42,377.83,0.06,0,533.96,0.08,-162.37,-0.02,8919.5,0.89,9
706,Exit long,2025-12-01 21:25,TSL,4239.58,1,4237.43,335.68,0.05,0,491.8,0.07,-462.14,-0.07,9255.17,0.93,38
706,Entry long,2025-12-01 20:47,M1 scalp up,4237.43,1,4237.43,335.68,0.05,0,491.8,0.07,-462.14,-0.07,9255.17,0.93,38
707,Exit short,2025-12-02 18:11,TSL,4194.18,1,4195.67,231.55,0.04,0,480.2,0.07,-206.69,-0.03,9486.73,0.95,19
707,Entry short,2025-12-02 17:52,M1 scalp down,4195.67,1,4195.67,231.55,0.04,0,480.2,0.07,-206.69,-0.03,9486.73,0.95,19
708,Exit short,2025-12-02 19:39,TSL,4195.25,1,4198.23,463.11,0.07,0,708.65,0.11,-247.1,-0.04,9949.84,0.99,8
708,Entry short,2025-12-02 19:31,M1 scalp down,4198.23,1,4198.23,463.11,0.07,0,708.65,0.11,-247.1,-0.04,9949.84,0.99,8
709,Exit short,2025-12-02 19:58,TSL,4198.89,1,4197.16,-268.85,-0.04,0,492.64,0.08,-402.5,-0.06,9680.98,0.97,10
709,Entry short,2025-12-02 19:48,M1 scalp down,4197.16,1,4197.16,-268.85,-0.04,0,492.64,0.08,-402.5,-0.06,9680.98,0.97,10
710,Exit short,2025-12-02 20:33,SL,4202.82,1,4198.34,-696.22,-0.11,0,385.41,0.06,-696.22,-0.11,8984.77,0.90,18
710,Entry short,2025-12-02 20:15,M1 scalp down,4198.34,1,4198.34,-696.22,-0.11,0,385.41,0.06,-696.22,-0.11,8984.77,0.90,18
711,Exit long,2025-12-02 23:03,SL,4204.3,1,4209.12,-751.25,-0.11,0,402.5,0.06,-751.25,-0.11,8233.51,0.82,72
711,Entry long,2025-12-02 20:51,M1 scalp up,4209.12,1,4209.12,-751.25,-0.11,0,402.5,0.06,-751.25,-0.11,8233.51,0.82,72
712,Exit long,2025-12-03 18:05,SL,4206.64,1,4211.43,-746.58,-0.11,0,196.39,0.03,-746.58,-0.11,7486.93,0.75,14
712,Entry long,2025-12-03 17:51,M1 scalp up,4211.43,1,4211.43,-746.58,-0.11,0,196.39,0.03,-746.58,-0.11,7486.93,0.75,14
713,Exit short,2025-12-03 20:08,SL,4210.47,1,4206.99,-542.4,-0.08,0,101.31,0.02,-542.4,-0.08,6944.53,0.69,31
713,Entry short,2025-12-03 19:37,M1 scalp down,4206.99,1,4206.99,-542.4,-0.08,0,101.31,0.02,-542.4,-0.08,6944.53,0.69,31
714,Exit long,2025-12-03 20:46,SL,4206.99,1,4209.82,-441.09,-0.07,0,252.5,0.04,-441.09,-0.07,6503.44,0.65,27
714,Entry long,2025-12-03 20:19,M1 scalp up,4209.82,1,4209.82,-441.09,-0.07,0,252.5,0.04,-441.09,-0.07,6503.44,0.65,27
715,Exit long,2025-12-04 17:12,SL,4209.36,1,4213.52,-645.69,-0.10,0,31.04,0.00,-645.69,-0.10,5857.76,0.59,7
715,Entry long,2025-12-04 17:05,M1 scalp up,4213.52,1,4213.52,-645.69,-0.10,0,31.04,0.00,-645.69,-0.10,5857.76,0.59,7
716,Exit long,2025-12-04 17:22,TSL,4212.63,1,4209.5,485.82,0.07,0,641.03,0.10,-102.44,-0.02,6343.57,0.63,6
716,Entry long,2025-12-04 17:16,M1 scalp up,4209.5,1,4209.5,485.82,0.07,0,641.03,0.10,-102.44,-0.02,6343.57,0.63,6
717,Exit long,2025-12-04 17:39,TSL,4213.2,1,4210.98,344.57,0.05,0,499.79,0.08,-225.06,-0.03,6688.15,0.67,9
717,Entry long,2025-12-04 17:30,M1 scalp up,4210.98,1,4210.98,344.57,0.05,0,499.79,0.08,-225.06,-0.03,6688.15,0.67,9
718,Exit long,2025-12-04 21:00,TSL,4209.37,1,4207.19,338.36,0.05,0,493.58,0.08,-268.52,-0.04,7026.51,0.70,74
718,Entry long,2025-12-04 19:46,M1 scalp up,4207.19,1,4207.19,338.36,0.05,0,493.58,0.08,-268.52,-0.04,7026.51,0.70,74
719,Exit long,2025-12-05 14:43,TSL,4235.62,1,4232.68,455.85,0.07,0,610.9,0.09,-676.03,-0.10,7482.36,0.75,15
719,Entry long,2025-12-05 14:28,M1 scalp up,4232.68,1,4232.68,455.85,0.07,0,610.9,0.09,-676.03,-0.10,7482.36,0.75,15
720,Exit short,2025-12-05 20:03,TSL,4204.82,1,4207.11,355.07,0.05,0,510.12,0.08,-258.94,-0.04,7837.43,0.78,12
720,Entry short,2025-12-05 19:51,M1 scalp down,4207.11,1,4207.11,355.07,0.05,0,510.12,0.08,-258.94,-0.04,7837.43,0.78,12
721,Exit short,2025-12-05 20:41,TSL,4201.75,1,4205.02,507.02,0.08,0,662.07,0.10,-275.99,-0.04,8344.45,0.83,27
721,Entry short,2025-12-05 20:14,M1 scalp down,4205.02,1,4205.02,507.02,0.08,0,662.07,0.10,-275.99,-0.04,8344.45,0.83,27
722,Exit short,2025-12-05 21:20,TSL,4194.43,1,4201.81,1144.28,0.18,0,1517.96,0.23,-148.85,-0.02,9488.74,0.95,26
722,Entry short,2025-12-05 20:54,M1 scalp down,4201.81,1,4201.81,1144.28,0.18,0,1517.96,0.23,-148.85,-0.02,9488.74,0.95,26
723,Exit short,2025-12-08 17:57,SL,4194.98,1,4190.14,-751.83,-0.12,0,321.55,0.05,-751.83,-0.12,8736.91,0.87,37
723,Entry short,2025-12-08 17:20,M1 scalp down,4190.14,1,4190.14,-751.83,-0.12,0,321.55,0.05,-751.83,-0.12,8736.91,0.87,37
724,Exit short,2025-12-08 19:49,TSL,4186,1,4188.43,377.47,0.06,0,540.57,0.08,-65.24,-0.01,9114.37,0.91,14
724,Entry short,2025-12-08 19:35,M1 scalp down,4188.43,1,4188.43,377.47,0.06,0,540.57,0.08,-65.24,-0.01,9114.37,0.91,14
725,Exit short,2025-12-08 20:09,SL,4189.9,1,4187.01,-448.92,-0.07,0,327.76,0.05,-448.92,-0.07,8665.45,0.87,9
725,Entry short,2025-12-08 20:00,M1 scalp down,4187.01,1,4187.01,-448.92,-0.07,0,327.76,0.05,-448.92,-0.07,8665.45,0.87,9
726,Exit short,2025-12-08 20:39,SL,4193.87,1,4190.34,-548.34,-0.08,0,349.51,0.05,-548.34,-0.08,8117.11,0.81,20
726,Entry short,2025-12-08 20:19,M1 scalp down,4190.34,1,4190.34,-548.34,-0.08,0,349.51,0.05,-548.34,-0.08,8117.11,0.81,20
727,Exit short,2025-12-08 20:55,TSL,4192.61,1,4194.89,354.17,0.05,0,509.51,0.08,-4.66,0.00,8471.28,0.85,11
727,Entry short,2025-12-08 20:44,M1 scalp down,4194.89,1,4194.89,354.17,0.05,0,509.51,0.08,-4.66,0.00,8471.28,0.85,11
728,Exit long,2025-12-09 18:59,TSL,4208.7,1,4206.2,389.8,0.06,0,545.72,0.08,-764.01,-0.12,8861.08,0.89,80
728,Entry long,2025-12-09 17:39,M1 scalp up,4206.2,1,4206.2,389.8,0.06,0,545.72,0.08,-764.01,-0.12,8861.08,0.89,80
729,Exit long,2025-12-09 19:56,TSL,4213.25,1,4207.6,880.95,0.13,0,1072.73,0.16,-65.49,-0.01,9742.03,0.97,10
729,Entry long,2025-12-09 19:46,M1 scalp up,4207.6,1,4207.6,880.95,0.13,0,1072.73,0.16,-65.49,-0.01,9742.03,0.97,10
730,Exit long,2025-12-09 20:12,TSL,4214.95,1,4212.38,400.71,0.06,0,565.99,0.09,-48.34,-0.01,10142.74,1.01,5
730,Entry long,2025-12-09 20:07,M1 scalp up,4212.38,1,4212.38,400.71,0.06,0,565.99,0.09,-48.34,-0.01,10142.74,1.01,5
731,Exit long,2025-12-09 21:37,SL,4208.21,1,4211.81,-561.31,-0.09,0,297.81,0.05,-561.31,-0.09,9581.43,0.96,77
731,Entry long,2025-12-09 20:20,M1 scalp up,4211.81,1,4211.81,-561.31,-0.09,0,297.81,0.05,-561.31,-0.09,9581.43,0.96,77
732,Exit short,2025-12-10 13:46,SL,4203.46,1,4198.65,-754.26,-0.11,0,409.28,0.06,-754.26,-0.11,8827.17,0.88,7
732,Entry short,2025-12-10 13:39,M1 scalp down,4198.65,1,4198.65,-754.26,-0.11,0,409.28,0.06,-754.26,-0.11,8827.17,0.88,7
733,Exit short,2025-12-10 16:26,SL,4199.28,1,4194.43,-760.53,-0.12,0,213.26,0.03,-760.53,-0.12,8066.64,0.81,20
733,Entry short,2025-12-10 16:06,M1 scalp down,4194.43,1,4194.43,-760.53,-0.12,0,213.26,0.03,-760.53,-0.12,8066.64,0.81,20
734,Exit short,2025-12-10 17:37,TSL,4199.52,1,4201.85,365.37,0.06,0,522.18,0.08,-506.5,-0.08,8432,0.84,56
734,Entry short,2025-12-10 16:41,M1 scalp down,4201.85,1,4201.85,365.37,0.06,0,522.18,0.08,-506.5,-0.08,8432,0.84,56
735,Exit short,2025-12-10 18:20,TSL,4198.92,1,4200.93,315.19,0.05,0,495.52,0.08,-131.72,-0.02,8747.19,0.87,25
735,Entry short,2025-12-10 17:55,M1 scalp down,4200.93,1,4200.93,315.19,0.05,0,495.52,0.08,-131.72,-0.02,8747.19,0.87,25
736,Exit long,2025-12-11 20:07,SL,4268.37,1,4273.34,-775.33,-0.12,0,408.73,0.06,-775.33,-0.12,7971.86,0.80,23
736,Entry long,2025-12-11 19:44,M1 scalp up,4273.34,1,4273.34,-775.33,-0.12,0,408.73,0.06,-775.33,-0.12,7971.86,0.80,23
737,Exit long,2025-12-11 20:53,TSL,4274.19,1,4272.15,318.25,0.05,0,474.25,0.07,-148.2,-0.02,8290.11,0.83,5
737,Entry long,2025-12-11 20:48,M1 scalp up,4272.15,1,4272.15,318.25,0.05,0,474.25,0.07,-148.2,-0.02,8290.11,0.83,5
738,Exit long,2025-12-12 20:09,TSL,4301.3,1,4295.41,916.34,0.14,0,1071.92,0.16,-62.23,-0.01,9206.45,0.92,16
738,Entry long,2025-12-12 19:53,M1 scalp up,4295.41,1,4295.41,916.34,0.14,0,1071.92,0.16,-62.23,-0.01,9206.45,0.92,16
739,Exit long,2025-12-12 20:26,SL,4294.04,1,4298.17,-642.53,-0.10,0,295.59,0.04,-642.53,-0.10,8563.92,0.86,8
739,Entry long,2025-12-12 20:18,M1 scalp up,4298.17,1,4298.17,-642.53,-0.10,0,295.59,0.04,-642.53,-0.10,8563.92,0.86,8
740,Exit long,2025-12-15 20:20,SL,4309,1,4312.64,-567.11,-0.08,0,269.53,0.04,-567.11,-0.08,7996.81,0.80,19
740,Entry long,2025-12-15 20:01,M1 scalp up,4312.64,1,4312.64,-567.11,-0.08,0,269.53,0.04,-567.11,-0.08,7996.81,0.80,19
741,Exit long,2025-12-15 21:08,SL,4300.83,1,4304.9,-634.1,-0.09,0,98.15,0.01,-634.1,-0.09,7362.71,0.74,10
741,Entry long,2025-12-15 20:58,M1 scalp up,4304.9,1,4304.9,-634.1,-0.09,0,98.15,0.01,-634.1,-0.09,7362.71,0.74,10
742,Exit long,2025-12-16 17:46,TSL,4305.23,1,4303.2,315.07,0.05,0,495.11,0.07,-46.56,-0.01,7677.78,0.77,4
742,Entry long,2025-12-16 17:42,M1 scalp up,4303.2,1,4303.2,315.07,0.05,0,495.11,0.07,-46.56,-0.01,7677.78,0.77,4
743,Exit long,2025-12-16 18:21,SL,4299.3,1,4304.19,-758.97,-0.11,0,274.72,0.04,-758.97,-0.11,6918.81,0.69,30
743,Entry long,2025-12-16 17:51,M1 scalp up,4304.19,1,4304.19,-758.97,-0.11,0,274.72,0.04,-758.97,-0.11,6918.81,0.69,30
744,Exit long,2025-12-16 20:52,SL,4306.13,1,4310.95,-748.1,-0.11,0,194.01,0.03,-748.1,-0.11,6170.71,0.62,36
744,Entry long,2025-12-16 20:16,M1 scalp up,4310.95,1,4310.95,-748.1,-0.11,0,194.01,0.03,-748.1,-0.11,6170.71,0.62,36
745,Exit long,2025-12-17 19:50,SL,4333.68,1,4337.95,-660.52,-0.10,0,241.31,0.04,-660.52,-0.10,5510.19,0.55,15
745,Entry long,2025-12-17 19:35,M1 scalp up,4337.95,1,4337.95,-660.52,-0.10,0,241.31,0.04,-660.52,-0.10,5510.19,0.55,15
746,Exit long,2025-12-17 20:50,TSL,4345.05,1,4340.22,747.14,0.11,0,901.83,0.13,-267.61,-0.04,6257.34,0.63,18
746,Entry long,2025-12-17 20:32,M1 scalp up,4340.22,1,4340.22,747.14,0.11,0,901.83,0.13,-267.61,-0.04,6257.34,0.63,18
747,Exit long,2025-12-17 21:06,TSL,4344.54,1,4340.02,699.19,0.10,0,853.88,0.13,-57.23,-0.01,6956.53,0.70,12
747,Entry long,2025-12-17 20:54,M1 scalp up,4340.02,1,4340.02,699.19,0.10,0,853.88,0.13,-57.23,-0.01,6956.53,0.70,12
748,Exit long,2025-12-18 21:35,SL,4330.62,1,4334.76,-644.35,-0.10,0,186.77,0.03,-644.35,-0.10,6312.18,0.63,47
748,Entry long,2025-12-18 20:48,M1 scalp up,4334.76,1,4334.76,-644.35,-0.10,0,186.77,0.03,-644.35,-0.10,6312.18,0.63,47
749,Exit long,2025-12-19 14:08,TSL,4333.16,1,4328.7,693.33,0.10,0,848.78,0.13,-385.53,-0.06,7005.51,0.70,13
749,Entry long,2025-12-19 13:55,M1 scalp up,4328.7,1,4328.7,693.33,0.10,0,848.78,0.13,-385.53,-0.06,7005.51,0.70,13
750,Exit long,2025-12-19 17:44,TSL,4352.79,1,4350.71,323.35,0.05,0,478.8,0.07,-65.29,-0.01,7328.85,0.73,5
750,Entry long,2025-12-19 17:39,M1 scalp up,4350.71,1,4350.71,323.35,0.05,0,478.8,0.07,-65.29,-0.01,7328.85,0.73,5
751,Exit long,2025-12-19 20:01,SL,4343.98,1,4346.84,-444.6,-0.07,0,323.35,0.05,-444.6,-0.07,6884.25,0.69,19
751,Entry long,2025-12-19 19:42,M1 scalp up,4346.84,1,4346.84,-444.6,-0.07,0,323.35,0.05,-444.6,-0.07,6884.25,0.69,19
752,Exit long,2025-12-19 20:40,SL,4340.16,1,4343.39,-502.12,-0.07,0,404.18,0.06,-502.12,-0.07,6382.13,0.64,32
752,Entry long,2025-12-19 20:08,M1 scalp up,4343.39,1,4343.39,-502.12,-0.07,0,404.18,0.06,-502.12,-0.07,6382.13,0.64,32
753,Exit long,2025-12-21 23:01,TSL,4338.88,1,4337.69,187.67,0.03,0,667.08,0.10,-212.97,-0.03,6569.8,0.66,66
753,Entry long,2025-12-19 20:55,M1 scalp up,4337.69,1,4337.69,187.67,0.03,0,667.08,0.10,-212.97,-0.03,6569.8,0.66,66
754,Exit long,2025-12-22 17:10,TSL,4438.65,1,4436.09,403.72,0.06,0,561.42,0.08,-130.89,-0.02,6973.52,0.70,3
754,Entry long,2025-12-22 17:07,M1 scalp up,4436.09,1,4436.09,403.72,0.06,0,561.42,0.08,-130.89,-0.02,6973.52,0.70,3
755,Exit long,2025-12-22 17:34,SL,4432.91,1,4437.6,-739.63,-0.11,0,211.32,0.03,-739.63,-0.11,6233.89,0.62,14
755,Entry long,2025-12-22 17:20,M1 scalp up,4437.6,1,4437.6,-739.63,-0.11,0,211.32,0.03,-739.63,-0.11,6233.89,0.62,14
756,Exit long,2025-12-22 20:07,TSL,4435.81,1,4431.62,660.78,0.09,0,818.48,0.12,-12.62,0.00,6894.67,0.69,29
756,Entry long,2025-12-22 19:38,M1 scalp up,4431.62,1,4431.62,660.78,0.09,0,818.48,0.12,-12.62,0.00,6894.67,0.69,29
757,Exit long,2025-12-22 20:20,SL,4432.85,1,4435.52,-421.07,-0.06,0,11.04,0.00,-421.07,-0.06,6473.6,0.65,1
757,Entry long,2025-12-22 20:19,M1 scalp up,4435.52,1,4435.52,-421.07,-0.06,0,11.04,0.00,-421.07,-0.06,6473.6,0.65,1
758,Exit long,2025-12-22 20:41,TSL,4434.51,1,4432.02,392.68,0.06,0,550.38,0.08,-42.58,-0.01,6866.28,0.69,8
758,Entry long,2025-12-22 20:33,M1 scalp up,4432.02,1,4432.02,392.68,0.06,0,550.38,0.08,-42.58,-0.01,6866.28,0.69,8
759,Exit long,2025-12-23 19:36,TSL,4491.01,1,4488.77,351.72,0.05,0,508.74,0.07,-23.55,0.00,7218.01,0.72,2
759,Entry long,2025-12-23 19:34,M1 scalp up,4488.77,1,4488.77,351.72,0.05,0,508.74,0.07,-23.55,0.00,7218.01,0.72,2
760,Exit long,2025-12-23 20:11,TSL,4493.2,1,4490.79,378.42,0.05,0,535.44,0.08,-227.68,-0.03,7596.42,0.76,21
760,Entry long,2025-12-23 19:50,M1 scalp up,4490.79,1,4490.79,378.42,0.05,0,535.44,0.08,-227.68,-0.03,7596.42,0.76,21
761,Exit long,2025-12-23 20:39,SL,4489.66,1,4492.85,-500.89,-0.07,0,235.53,0.03,-500.89,-0.07,7095.53,0.71,16
761,Entry long,2025-12-23 20:23,M1 scalp up,4492.85,1,4492.85,-500.89,-0.07,0,235.53,0.03,-500.89,-0.07,7095.53,0.71,16
762,Exit long,2025-12-24 14:16,SL,4482.43,1,4487.1,-729.52,-0.10,0,68.73,0.01,-729.52,-0.10,6366.01,0.64,4
762,Entry long,2025-12-24 14:12,M1 scalp up,4487.1,1,4487.1,-729.52,-0.10,0,68.73,0.01,-729.52,-0.10,6366.01,0.64,4
763,Exit long,2025-12-26 20:04,TSL,4527.16,1,4522.31,756.44,0.11,0,912.41,0.13,-341.57,-0.05,7122.45,0.71,14
763,Entry long,2025-12-26 19:50,M1 scalp up,4522.31,1,4522.31,756.44,0.11,0,912.41,0.13,-341.57,-0.05,7122.45,0.71,14
764,Exit short,2025-12-29 19:57,SL,4337.63,1,4333.25,-685.47,-0.10,0,140.85,0.02,-685.47,-0.10,6436.98,0.64,3
764,Entry short,2025-12-29 19:54,M1 scalp down,4333.25,1,4333.25,-685.47,-0.10,0,140.85,0.02,-685.47,-0.10,6436.98,0.64,3
765,Exit short,2026-01-02 19:38,SL,4325.45,1,4320.99,-699.56,-0.10,0,111.36,0.02,-699.56,-0.10,5737.42,0.57,4
765,Entry short,2026-01-02 19:34,M1 scalp down,4320.99,1,4320.99,-699.56,-0.10,0,111.36,0.02,-699.56,-0.10,5737.42,0.57,4
766,Exit short,2026-01-02 20:23,SL,4325.48,1,4320.82,-730.93,-0.11,0,305.86,0.05,-730.93,-0.11,5006.49,0.50,12
766,Entry short,2026-01-02 20:11,M1 scalp down,4320.82,1,4320.82,-730.93,-0.11,0,305.86,0.05,-730.93,-0.11,5006.49,0.50,12
767,Exit short,2026-01-04 23:11,SL,4361.63,1,4329.14,-5094.59,-0.75,0,445.46,0.07,-5094.59,-0.75,-88.1,-0.01,84
767,Entry short,2026-01-02 20:36,M1 scalp down,4329.14,1,4329.14,-5094.59,-0.75,0,445.46,0.07,-5094.59,-0.75,-88.1,-0.01,84
768,Exit long,2026-01-05 16:52,TSL,4453.33,1,4444.11,1445.74,0.21,0,1602.55,0.23,-4.7,0.00,1357.64,0.14,4
768,Entry long,2026-01-05 16:48,M1 scalp up,4444.11,1,4444.11,1445.74,0.21,0,1602.55,0.23,-4.7,0.00,1357.64,0.14,4
769,Exit long,2026-01-05 19:56,SL,4439.06,1,4443.25,-657.01,-0.09,0,119.17,0.02,-657.01,-0.09,700.62,0.07,12
769,Entry long,2026-01-05 19:44,M1 scalp up,4443.25,1,4443.25,-657.01,-0.09,0,119.17,0.02,-657.01,-0.09,700.62,0.07,12
770,Exit long,2026-01-05 20:02,TSL,4442.24,1,4439.77,387.31,0.06,0,544.11,0.08,-111.33,-0.02,1087.93,0.11,2
770,Entry long,2026-01-05 20:00,M1 scalp up,4439.77,1,4439.77,387.31,0.06,0,544.11,0.08,-111.33,-0.02,1087.93,0.11,2
771,Exit long,2026-01-05 20:39,SL,4440.02,1,4443.87,-603.7,-0.09,0,340.27,0.05,-603.7,-0.09,484.23,0.05,13
771,Entry long,2026-01-05 20:26,M1 scalp up,4443.87,1,4443.87,-603.7,-0.09,0,340.27,0.05,-603.7,-0.09,484.23,0.05,13
772,Exit long,2026-01-05 20:48,TSL,4441.85,1,4438.17,577.04,0.08,0,741.69,0.11,-10.98,0.00,1061.28,0.11,3
772,Entry long,2026-01-05 20:45,M1 scalp up,4438.17,1,4438.17,577.04,0.08,0,741.69,0.11,-10.98,0.00,1061.28,0.11,3
773,Exit long,2026-01-06 17:43,SL,4482.93,1,4487.27,-678.49,-0.10,0,401.78,0.06,-678.49,-0.10,382.78,0.04,16
773,Entry long,2026-01-06 17:27,M1 scalp up,4487.27,1,4487.27,-678.49,-0.10,0,401.78,0.06,-678.49,-0.10,382.78,0.04,16
774,Exit long,2026-01-06 20:15,TSL,4485.32,1,4481.38,615.96,0.09,0,844.21,0.12,-340.81,-0.05,998.74,0.10,23
774,Entry long,2026-01-06 19:52,M1 scalp up,4481.38,1,4481.38,615.96,0.09,0,844.21,0.12,-340.81,-0.05,998.74,0.10,23
775,Exit long,2026-01-06 20:43,TSL,4489.13,1,4485.79,522.16,0.07,0,678.49,0.10,-347.06,-0.05,1520.9,0.15,15
775,Entry long,2026-01-06 20:28,M1 scalp up,4485.79,1,4485.79,522.16,0.07,0,678.49,0.10,-347.06,-0.05,1520.9,0.15,15
776,Exit long,2026-01-07 17:34,TSL,4460.43,1,4458.26,339.81,0.05,0,496.41,0.07,-172.26,-0.02,1860.71,0.19,8
776,Entry long,2026-01-07 17:26,M1 scalp up,4458.26,1,4458.26,339.81,0.05,0,496.41,0.07,-172.26,-0.02,1860.71,0.19,8
777,Exit long,2026-01-07 19:56,TSL,4456.93,1,4453.49,538.69,0.08,0,695.29,0.10,-222.37,-0.03,2399.4,0.24,12
777,Entry long,2026-01-07 19:44,M1 scalp up,4453.49,1,4453.49,538.69,0.08,0,695.29,0.10,-222.37,-0.03,2399.4,0.24,12
778,Exit long,2026-01-07 20:14,TSL,4458.26,1,4456.15,330.42,0.05,0,518.33,0.07,-120.58,-0.02,2729.82,0.27,5
778,Entry long,2026-01-07 20:09,M1 scalp up,4456.15,1,4456.15,330.42,0.05,0,518.33,0.07,-120.58,-0.02,2729.82,0.27,5
779,Exit long,2026-01-07 20:34,TSL,4459.4,1,4457.31,327.29,0.05,0,483.88,0.07,-212.97,-0.03,3057.11,0.31,8
779,Entry long,2026-01-07 20:26,M1 scalp up,4457.31,1,4457.31,327.29,0.05,0,483.88,0.07,-212.97,-0.03,3057.11,0.31,8
780,Exit long,2026-01-07 20:43,TSL,4458.5,1,4456.42,325.72,0.05,0,584.1,0.08,-17.23,0.00,3382.83,0.34,5
780,Entry long,2026-01-07 20:38,M1 scalp up,4456.42,1,4456.42,325.72,0.05,0,584.1,0.08,-17.23,0.00,3382.83,0.34,5
781,Exit long,2026-01-07 20:53,TSL,4458.85,1,4456.69,338.25,0.05,0,494.84,0.07,-61.07,-0.01,3721.07,0.37,8
781,Entry long,2026-01-07 20:45,M1 scalp up,4456.69,1,4456.69,338.25,0.05,0,494.84,0.07,-61.07,-0.01,3721.07,0.37,8
782,Exit long,2026-01-07 20:59,SL,4450.74,1,4455.71,-778.28,-0.11,0,29.75,0.00,-778.28,-0.11,2942.79,0.29,3
782,Entry long,2026-01-07 20:56,M1 scalp up,4455.71,1,4455.71,-778.28,-0.11,0,29.75,0.00,-778.28,-0.11,2942.79,0.29,3
783,Exit long,2026-01-08 17:53,TSL,4462.45,1,4459.92,396.56,0.06,0,553.31,0.08,-158.31,-0.02,3339.36,0.33,17
783,Entry long,2026-01-08 17:36,M1 scalp up,4459.92,1,4459.92,396.56,0.06,0,553.31,0.08,-158.31,-0.02,3339.36,0.33,17
784,Exit long,2026-01-08 20:06,TSL,4457.35,1,4450.05,1144.23,0.16,0,1300.98,0.19,-73.67,-0.01,4483.59,0.45,15
784,Entry long,2026-01-08 19:51,M1 scalp up,4450.05,1,4450.05,1144.23,0.16,0,1300.98,0.19,-73.67,-0.01,4483.59,0.45,15
785,Exit long,2026-01-09 19:51,TSL,4500.35,1,4497.42,459.51,0.07,0,616.34,0.09,-174.08,-0.02,4943.1,0.49,20
785,Entry long,2026-01-09 19:31,M1 scalp up,4497.42,1,4497.42,459.51,0.07,0,616.34,0.09,-174.08,-0.02,4943.1,0.49,20
786,Exit long,2026-01-09 20:13,TSL,4503.68,1,4498.97,738.66,0.10,0,895.49,0.13,-166.24,-0.02,5681.76,0.57,13
786,Entry long,2026-01-09 20:00,M1 scalp up,4498.97,1,4498.97,738.66,0.10,0,895.49,0.13,-166.24,-0.02,5681.76,0.57,13
787,Exit long,2026-01-09 20:58,TSL,4507.82,1,4505.65,340.32,0.05,0,498.72,0.07,-490.87,-0.07,6022.08,0.60,31
787,Entry long,2026-01-09 20:27,M1 scalp up,4505.65,1,4505.65,340.32,0.05,0,498.72,0.07,-490.87,-0.07,6022.08,0.60,31
788,Exit long,2026-01-12 19:51,SL,4611.46,1,4615.25,-598.51,-0.08,0,281.09,0.04,-598.51,-0.08,5423.57,0.54,8
788,Entry long,2026-01-12 19:43,M1 scalp up,4615.25,1,4615.25,-598.51,-0.08,0,281.09,0.04,-598.51,-0.08,5423.57,0.54,8
789,Exit long,2026-01-12 20:02,SL,4606.72,1,4611.04,-682.21,-0.09,0,110.54,0.02,-682.21,-0.09,4741.36,0.47,6
789,Entry long,2026-01-12 19:56,M1 scalp up,4611.04,1,4611.04,-682.21,-0.09,0,110.54,0.02,-682.21,-0.09,4741.36,0.47,6
790,Exit long,2026-01-14 20:02,SL,4634.51,1,4639.05,-722.15,-0.10,0,338.8,0.05,-722.15,-0.10,4019.22,0.40,7
790,Entry long,2026-01-14 19:55,M1 scalp up,4639.05,1,4639.05,-722.15,-0.10,0,338.8,0.05,-722.15,-0.10,4019.22,0.40,7
791,Exit long,2026-01-15 17:37,TSL,4614.33,1,4610.79,560.83,0.08,0,730.35,0.10,-88.72,-0.01,4580.05,0.46,7
791,Entry long,2026-01-15 17:30,M1 scalp up,4610.79,1,4610.79,560.83,0.08,0,730.35,0.10,-88.72,-0.01,4580.05,0.46,7
792,Exit long,2026-01-15 18:03,TSL,4619.35,1,4613.97,852.34,0.12,0,1010.76,0.14,-47.53,-0.01,5432.39,0.54,8
792,Entry long,2026-01-15 17:55,M1 scalp up,4613.97,1,4613.97,852.34,0.12,0,1010.76,0.14,-47.53,-0.01,5432.39,0.54,8
793,Exit long,2026-01-15 19:55,SL,4615.06,1,4618.19,-495.88,-0.07,0,158.43,0.02,-495.88,-0.07,4936.51,0.49,20
793,Entry long,2026-01-15 19:35,M1 scalp up,4618.19,1,4618.19,-495.88,-0.07,0,158.43,0.02,-495.88,-0.07,4936.51,0.49,20
794,Exit long,2026-01-15 20:09,SL,4610.3,1,4613.98,-583.01,-0.08,0,267.74,0.04,-583.01,-0.08,4353.5,0.44,8
794,Entry long,2026-01-15 20:01,M1 scalp up,4613.98,1,4613.98,-583.01,-0.08,0,267.74,0.04,-583.01,-0.08,4353.5,0.44,8
795,Exit short,2026-01-16 20:06,SL,4595.59,1,4590.68,-778.88,-0.11,0,385.48,0.05,-778.88,-0.11,3574.62,0.36,24
795,Entry short,2026-01-16 19:42,M1 scalp down,4590.68,1,4590.68,-778.88,-0.11,0,385.48,0.05,-778.88,-0.11,3574.62,0.36,24
796,Exit long,2026-01-19 13:55,SL,4664.59,1,4668.84,-671.78,-0.09,0,309.81,0.04,-671.78,-0.09,2902.84,0.29,16
796,Entry long,2026-01-19 13:39,M1 scalp up,4668.84,1,4668.84,-671.78,-0.09,0,309.81,0.04,-671.78,-0.09,2902.84,0.29,16
797,Exit long,2026-01-19 15:09,TSL,4669.9,1,4667.18,429.94,0.06,0,588.01,0.08,-515.3,-0.07,3332.77,0.33,34
797,Entry long,2026-01-19 14:35,M1 scalp up,4667.18,1,4667.18,429.94,0.06,0,588.01,0.08,-515.3,-0.07,3332.77,0.33,34
798,Exit long,2026-01-19 15:41,TSL,4669.9,1,4666.36,559.55,0.08,0,765.04,0.10,-317.71,-0.04,3892.33,0.39,23
798,Entry long,2026-01-19 15:18,M1 scalp up,4666.36,1,4666.36,559.55,0.08,0,765.04,0.10,-317.71,-0.04,3892.33,0.39,23
799,Exit long,2026-01-19 17:45,TSL,4675.23,1,4672.23,474.2,0.06,0,704.97,0.10,-469.46,-0.06,4366.53,0.44,101
799,Entry long,2026-01-19 16:04,M1 scalp up,4672.23,1,4672.23,474.2,0.06,0,704.97,0.10,-469.46,-0.06,4366.53,0.44,101
800,Exit long,2026-01-20 20:06,SL,4756.22,1,4761.16,-781.19,-0.10,0,175.53,0.02,-781.19,-0.10,3585.34,0.36,15
800,Entry long,2026-01-20 19:51,M1 scalp up,4761.16,1,4761.16,-781.19,-0.10,0,175.53,0.02,-781.19,-0.10,3585.34,0.36,15
801,Exit long,2026-01-22 20:34,SL,4920.68,1,4925.63,-783.28,-0.10,0,232.61,0.03,-783.28,-0.10,2802.06,0.28,6
801,Entry long,2026-01-22 20:28,M1 scalp up,4925.63,1,4925.63,-783.28,-0.10,0,232.61,0.03,-783.28,-0.10,2802.06,0.28,6
802,Exit short,2026-02-16 14:19,TSL,4995.21,1,4998.33,476.2,0.06,0,628.83,0.08,-195.37,-0.03,3278.26,0.33,2
802,Entry short,2026-02-16 14:17,M1 scalp down,4998.33,1,4998.33,476.2,0.06,0,628.83,0.08,-195.37,-0.03,3278.26,0.33,2
803,Exit short,2026-02-16 16:48,TSL,4986.14,1,4988.97,431.94,0.06,0,584.57,0.08,-10.68,0.00,3710.2,0.37,3
803,Entry short,2026-02-16 16:45,M1 scalp down,4988.97,1,4988.97,431.94,0.06,0,584.57,0.08,-10.68,0.00,3710.2,0.37,3
804,Exit short,2026-02-16 17:03,SL,4992.55,1,4988.58,-605.94,-0.08,0,100.74,0.01,-605.94,-0.08,3104.26,0.31,6
804,Entry short,2026-02-16 16:57,M1 scalp down,4988.58,1,4988.58,-605.94,-0.08,0,100.74,0.01,-605.94,-0.08,3104.26,0.31,6
805,Exit short,2026-02-16 17:51,TSL,4991.73,1,4993.87,326.63,0.04,0,479.26,0.06,-341.89,-0.04,3430.89,0.34,34
805,Entry short,2026-02-16 17:17,M1 scalp down,4993.87,1,4993.87,326.63,0.04,0,479.26,0.06,-341.89,-0.04,3430.89,0.34,34
806,Exit short,2026-02-16 18:03,TSL,4989.54,1,4992.84,503.68,0.07,0,656.3,0.09,-61.05,-0.01,3934.56,0.39,8
806,Entry short,2026-02-16 17:55,M1 scalp down,4992.84,1,4992.84,503.68,0.07,0,656.3,0.09,-61.05,-0.01,3934.56,0.39,8
807,Exit long,2026-02-18 17:58,TSL,4999.59,1,4997.81,272.79,0.04,0,472.02,0.06,-669.71,-0.09,4207.35,0.42,27
807,Entry long,2026-02-18 17:31,M1 scalp up,4997.81,1,4997.81,272.79,0.04,0,472.02,0.06,-669.71,-0.09,4207.35,0.42,27
808,Exit long,2026-02-19 19:38,SL,4984.09,1,4988.57,-693.34,-0.09,0,61.91,0.01,-693.34,-0.09,3514.01,0.35,4
808,Entry long,2026-02-19 19:34,M1 scalp up,4988.57,1,4988.57,-693.34,-0.09,0,61.91,0.01,-693.34,-0.09,3514.01,0.35,4
809,Exit long,2026-02-19 20:21,TSL,4993.79,1,4989.94,595.84,0.08,0,872.86,0.11,-120.72,-0.02,4109.85,0.41,7
809,Entry long,2026-02-19 20:14,M1 scalp up,4989.94,1,4989.94,595.84,0.08,0,872.86,0.11,-120.72,-0.02,4109.85,0.41,7
810,Exit long,2026-02-19 21:02,TSL,5003.14,1,4999.98,489.05,0.06,0,671.67,0.09,0,0.00,4598.9,0.46,5
810,Entry long,2026-02-19 20:57,M1 scalp up,4999.98,1,4999.98,489.05,0.06,0,671.67,0.09,0,0.00,4598.9,0.46,5
811,Exit long,2026-02-20 20:55,TSL,5087.48,1,5084.42,474.29,0.06,0,629.29,0.08,-206.15,-0.03,5073.19,0.51,13
811,Entry long,2026-02-20 20:42,M1 scalp up,5084.42,1,5084.42,474.29,0.06,0,629.29,0.08,-206.15,-0.03,5073.19,0.51,13
812,Exit long,2026-02-23 20:53,TSL,5234.89,1,5227.18,1195.26,0.15,0,1382.84,0.17,-367.41,-0.05,6268.45,0.63,7
812,Entry long,2026-02-23 20:46,M1 scalp up,5227.18,1,5227.18,1195.26,0.15,0,1382.84,0.17,-367.41,-0.05,6268.45,0.63,7
813,Exit long,2026-02-26 20:04,TSL,5190.64,1,5188.24,375.26,0.05,0,531.61,0.07,-272.06,-0.03,6643.71,0.66,5
813,Entry long,2026-02-26 19:59,M1 scalp up,5188.24,1,5188.24,375.26,0.05,0,531.61,0.07,-272.06,-0.03,6643.71,0.66,5
814,Exit long,2026-03-10 20:47,TSL,5197.81,1,5193.88,619.54,0.08,0,777.19,0.09,-162.37,-0.02,7263.25,0.73,12
814,Entry long,2026-03-10 20:35,M1 scalp up,5193.88,1,5193.88,619.54,0.08,0,777.19,0.09,-162.37,-0.02,7263.25,0.73,12
815,Exit long,2026-03-10 22:01,SL,5189.55,1,5194.39,-764.89,-0.09,0,75.67,0.01,-764.89,-0.09,6498.36,0.65,8
815,Entry long,2026-03-10 20:52,M1 scalp up,5194.39,1,5194.39,-764.89,-0.09,0,75.67,0.01,-764.89,-0.09,6498.36,0.65,8
816,Exit long,2026-03-11 19:55,TSL,5181.17,1,5177.19,628.98,0.08,0,815.47,0.10,-45.83,-0.01,7127.34,0.71,8
816,Entry long,2026-03-11 19:47,M1 scalp up,5177.19,1,5177.19,628.98,0.08,0,815.47,0.10,-45.83,-0.01,7127.34,0.71,8
817,Exit long,2026-03-11 22:01,TSL,5181.76,1,5178.42,530.87,0.06,0,692.99,0.08,-542.06,-0.07,7658.21,0.77,58
817,Entry long,2026-03-11 20:03,M1 scalp up,5178.42,1,5178.42,530.87,0.06,0,692.99,0.08,-542.06,-0.07,7658.21,0.77,58
818,Exit short,2026-03-17 17:30,TSL,5002.82,1,5006.34,559.88,0.07,0,808,0.10,-391.28,-0.05,8218.09,0.82,8
818,Entry short,2026-03-17 17:22,M1 scalp down,5006.34,1,5006.34,559.88,0.07,0,808,0.10,-391.28,-0.05,8218.09,0.82,8
819,Exit short,2026-03-17 20:05,SL,5005.05,1,5000.51,-722.11,-0.09,0,389.69,0.05,-722.11,-0.09,7495.97,0.75,29
819,Entry short,2026-03-17 19:36,M1 scalp down,5000.51,1,5000.51,-722.11,-0.09,0,389.69,0.05,-722.11,-0.09,7495.97,0.75,29
820,Exit short,2026-03-17 20:36,TSL,5003.24,2,10008.64,343.56,0.02,0,502.62,0.03,-194.05,-0.01,7839.54,0.78,4
820,Entry short,2026-03-17 20:32,M1 scalp down,5004.32,2,10008.64,343.56,0.02,0,502.62,0.03,-194.05,-0.01,7839.54,0.78,4
821,Exit short,2026-03-17 20:50,TSL,5003.16,2,10009.8,553.51,0.03,0,779.37,0.05,-124.06,-0.01,8393.05,0.84,4
821,Entry short,2026-03-17 20:46,M1 scalp down,5004.9,2,10009.8,553.51,0.03,0,779.37,0.05,-124.06,-0.01,8393.05,0.84,4
822,Exit short,2026-03-17 22:04,TSL,5000.41,1,5005.13,750.4,0.09,0,909.38,0.11,-119.29,-0.01,9143.45,0.91,5
822,Entry short,2026-03-17 20:59,M1 scalp down,5005.13,1,5005.13,750.4,0.09,0,909.38,0.11,-119.29,-0.01,9143.45,0.91,5
823,Exit long,2026-04-02 20:47,TSL,4670.85,1,4667.81,482.68,0.07,0,812.93,0.11,-77.8,-0.01,9626.13,0.96,4
823,Entry long,2026-04-02 20:43,M1 scalp up,4667.81,1,4667.81,482.68,0.07,0,812.93,0.11,-77.8,-0.01,9626.13,0.96,4
824,Exit short,2026-04-06 20:41,TSL,4651.73,1,4655.18,550.29,0.07,0,709.8,0.10,-457.78,-0.06,10176.42,1.02,29
824,Entry short,2026-04-06 20:12,M1 scalp down,4655.18,1,4655.18,550.29,0.07,0,709.8,0.10,-457.78,-0.06,10176.42,1.02,29
825,Exit short,2026-04-08 20:51,TSL,4719.45,1,4723.82,697.42,0.09,0,857.01,0.11,-49.47,-0.01,10873.84,1.09,4
825,Entry short,2026-04-08 20:47,M1 scalp down,4723.82,1,4723.82,697.42,0.09,0,857.01,0.11,-49.47,-0.01,10873.84,1.09,4
826,Exit long,2026-04-09 20:36,SL,4765.11,1,4769.23,-653.16,-0.09,0,33.29,0.00,-653.16,-0.09,10220.67,1.02,1
826,Entry long,2026-04-09 20:35,M1 scalp up,4769.23,1,4769.23,-653.16,-0.09,0,33.29,0.00,-653.16,-0.09,10220.67,1.02,1
827,Exit long,2026-04-10 20:00,SL,4757.78,1,4762.33,-723.11,-0.10,0,355.99,0.05,-723.11,-0.10,9497.56,0.95,19
827,Entry long,2026-04-10 19:41,M1 scalp up,4762.33,1,4762.33,-723.11,-0.10,0,355.99,0.05,-723.11,-0.10,9497.56,0.95,19
828,Exit short,2026-04-12 22:01,TSL,4673.19,1,4748.14,11935.26,1.58,0,18386.2,2.43,-672.26,-0.09,21432.82,2.14,22
828,Entry short,2026-04-10 20:39,M1 scalp down,4748.14,1,4748.14,11935.26,1.58,0,18386.2,2.43,-672.26,-0.09,21432.82,2.14,22
829,Exit long,2026-04-13 19:51,TSL,4744.8,1,4742.09,431.55,0.06,0,590.79,0.08,-480.91,-0.06,21864.37,2.19,12
829,Entry long,2026-04-13 19:39,M1 scalp up,4742.09,1,4742.09,431.55,0.06,0,590.79,0.08,-480.91,-0.06,21864.37,2.19,12
830,Exit long,2026-04-13 22:01,TSL,4750.86,1,4741.87,1433.2,0.19,0,2158.57,0.29,-636.97,-0.08,23297.57,2.33,45
830,Entry long,2026-04-13 20:16,M1 scalp up,4741.87,1,4741.87,1433.2,0.19,0,2158.57,0.29,-636.97,-0.08,23297.57,2.33,45
831,Exit long,2026-04-14 19:40,TSL,4841.45,1,4838.92,403.34,0.05,0,599.43,0.08,-6.38,0.00,23700.91,2.37,4
831,Entry long,2026-04-14 19:36,M1 scalp up,4838.92,1,4838.92,403.34,0.05,0,599.43,0.08,-6.38,0.00,23700.91,2.37,4
832,Exit long,2026-04-14 22:00,SL,4838.94,1,4843.31,-693.82,-0.09,0,65.36,0.01,-693.82,-0.09,23007.09,2.30,49
832,Entry long,2026-04-14 20:11,M1 scalp up,4843.31,1,4843.31,-693.82,-0.09,0,65.36,0.01,-693.82,-0.09,23007.09,2.30,49
833,Exit long,2026-04-15 19:40,SL,4797.23,1,4800.69,-549.34,-0.07,0,3.18,0.00,-549.34,-0.07,22457.74,2.25,4
833,Entry long,2026-04-15 19:36,M1 scalp up,4800.69,1,4800.69,-549.34,-0.07,0,3.18,0.00,-549.34,-0.07,22457.74,2.25,4
834,Exit long,2026-04-15 19:51,TSL,4800.48,1,4797.05,544.58,0.07,0,709.7,0.09,-120.67,-0.02,23002.32,2.30,6
834,Entry long,2026-04-15 19:45,M1 scalp up,4797.05,1,4797.05,544.58,0.07,0,709.7,0.09,-120.67,-0.02,23002.32,2.30,6
835,Exit long,2026-04-15 20:31,SL,4791.52,1,4796.05,-719.23,-0.09,0,95.26,0.01,-719.23,-0.09,22283.09,2.23,34
835,Entry long,2026-04-15 19:57,M1 scalp up,4796.05,1,4796.05,-719.23,-0.09,0,95.26,0.01,-719.23,-0.09,22283.09,2.23,34
836,Exit short,2026-04-15 20:49,TSL,4788.96,1,4792.19,512.83,0.07,0,693.82,0.09,-88.91,-0.01,22795.92,2.28,3
836,Entry short,2026-04-15 20:46,M1 scalp down,4792.19,1,4792.19,512.83,0.07,0,693.82,0.09,-88.91,-0.01,22795.92,2.28,3
837,Exit short,2026-04-16 19:42,SL,4797.17,1,4793.21,-629.39,-0.08,0,93.77,0.01,-629.39,-0.08,22166.53,2.22,3
837,Entry short,2026-04-16 19:39,M1 scalp down,4793.21,1,4793.21,-629.39,-0.08,0,93.77,0.01,-629.39,-0.08,22166.53,2.22,3
838,Exit short,2026-04-16 20:26,TSL,4789.51,1,4791.52,319.47,0.04,0,478.4,0.06,-20.66,0.00,22485.99,2.25,7
838,Entry short,2026-04-16 20:19,M1 scalp down,4791.52,1,4791.52,319.47,0.04,0,478.4,0.06,-20.66,0.00,22485.99,2.25,7
839,Exit short,2026-04-16 22:00,SL,4792.25,1,4789.19,-486.9,-0.06,0,433.9,0.06,-486.9,-0.06,21999.09,2.20,20
839,Entry short,2026-04-16 20:40,M1 scalp down,4789.19,1,4789.19,-486.9,-0.06,0,433.9,0.06,-486.9,-0.06,21999.09,2.20,20
840,Exit long,2026-04-17 19:55,SL,4853.45,1,4857.8,-692.16,-0.09,0,49.33,0.01,-692.16,-0.09,21306.93,2.13,4
840,Entry long,2026-04-17 19:51,M1 scalp up,4857.8,1,4857.8,-692.16,-0.09,0,49.33,0.01,-692.16,-0.09,21306.93,2.13,4
841,Exit long,2026-04-17 20:05,SL,4849.07,1,4853.74,-743.08,-0.10,0,230.72,0.03,-743.08,-0.10,20563.85,2.06,4
841,Entry long,2026-04-17 20:01,M1 scalp up,4853.74,1,4853.74,-743.08,-0.10,0,230.72,0.03,-743.08,-0.10,20563.85,2.06,4
842,Exit short,2026-04-20 17:07,SL,4809.18,1,4804.4,-758.05,-0.10,0,118.94,0.02,-758.05,-0.10,19805.8,1.98,15
842,Entry short,2026-04-20 16:52,M1 scalp down,4804.4,1,4804.4,-758.05,-0.10,0,118.94,0.02,-758.05,-0.10,19805.8,1.98,15
843,Exit long,2026-04-20 17:24,TSL,4810.31,1,4807.57,434.53,0.06,0,593.12,0.08,-58.68,-0.01,20240.33,2.02,3
843,Entry long,2026-04-20 17:21,M1 scalp up,4807.57,1,4807.57,434.53,0.06,0,593.12,0.08,-58.68,-0.01,20240.33,2.02,3
844,Exit long,2026-04-20 20:02,TSL,4815.32,1,4811.66,580.43,0.08,0,837.34,0.11,-68.19,-0.01,20820.76,2.08,7
844,Entry long,2026-04-20 19:55,M1 scalp up,4811.66,1,4811.66,580.43,0.08,0,837.34,0.11,-68.19,-0.01,20820.76,2.08,7
845,Exit long,2026-04-20 20:28,TSL,4816.07,1,4813.85,352.06,0.05,0,510.65,0.07,-255.33,-0.03,21172.82,2.12,16
845,Entry long,2026-04-20 20:12,M1 scalp up,4813.85,1,4813.85,352.06,0.05,0,510.65,0.07,-255.33,-0.03,21172.82,2.12,16
846,Exit long,2026-04-20 20:44,TSL,4815.92,1,4813.66,358.41,0.05,0,553.47,0.07,-150.66,-0.02,21531.23,2.15,9
846,Entry long,2026-04-20 20:35,M1 scalp up,4813.66,1,4813.66,358.41,0.05,0,553.47,0.07,-150.66,-0.02,21531.23,2.15,9
847,Exit short,2026-04-22 17:47,TSL,4734.58,1,4736.59,320.24,0.04,0,479.56,0.06,-259.7,-0.03,21851.47,2.19,13
847,Entry short,2026-04-22 17:34,M1 scalp down,4736.59,1,4736.59,320.24,0.04,0,479.56,0.06,-259.7,-0.03,21851.47,2.19,13
848,Exit short,2026-04-22 18:18,TSL,4733.24,1,4736.68,548.07,0.07,0,707.39,0.09,-305.9,-0.04,22399.54,2.24,26
848,Entry short,2026-04-22 17:52,M1 scalp down,4736.68,1,4736.68,548.07,0.07,0,707.39,0.09,-305.9,-0.04,22399.54,2.24,26
849,Exit short,2026-04-22 20:14,TSL,4736.75,1,4740.09,532.14,0.07,0,861.94,0.11,-282,-0.04,22931.68,2.29,22
849,Entry short,2026-04-22 19:52,M1 scalp down,4740.09,1,4740.09,532.14,0.07,0,861.94,0.11,-282,-0.04,22931.68,2.29,22
850,Exit short,2026-04-22 22:00,SL,4743.7,1,4737.9,-924.74,-0.12,0,310.68,0.04,-924.74,-0.12,22006.94,2.20,29
850,Entry short,2026-04-22 20:31,M1 scalp down,4737.9,1,4737.9,-924.74,-0.12,0,310.68,0.04,-924.74,-0.12,22006.94,2.20,29
851,Exit short,2026-04-23 22:00,SL,4700.91,1,4690.88,-1601.26,-0.21,0,414.54,0.06,-1601.26,-0.21,20405.68,2.04,15
851,Entry short,2026-04-23 20:45,M1 scalp down,4690.88,1,4690.88,-1601.26,-0.21,0,414.54,0.06,-1601.26,-0.21,20405.68,2.04,15
852,Exit long,2026-04-24 17:30,SL,4721.54,1,4726.51,-793.45,-0.11,0,448.61,0.06,-793.45,-0.11,19612.23,1.96,16
852,Entry long,2026-04-24 17:14,M1 scalp up,4726.51,1,4726.51,-793.45,-0.11,0,448.61,0.06,-793.45,-0.11,19612.23,1.96,16
853,Exit long,2026-04-24 17:55,TSL,4725.02,1,4721.64,539.61,0.07,0,994.6,0.13,-172.42,-0.02,20151.84,2.02,4
853,Entry long,2026-04-24 17:51,M1 scalp up,4721.64,1,4721.64,539.61,0.07,0,994.6,0.13,-172.42,-0.02,20151.84,2.02,4
854,Exit long,2026-04-24 20:02,SL,4712.91,1,4716.32,-544.4,-0.07,0,368.78,0.05,-544.4,-0.07,19607.44,1.96,23
854,Entry long,2026-04-24 19:39,M1 scalp up,4716.32,1,4716.32,-544.4,-0.07,0,368.78,0.05,-544.4,-0.07,19607.44,1.96,23
855,Exit short,2026-04-26 22:02,TSL,4696.03,1,4708,1906.8,0.25,0,2206.28,0.29,-408.7,-0.05,21514.24,2.15,33
855,Entry short,2026-04-24 20:28,M1 scalp down,4708,1,4708,1906.8,0.25,0,2206.28,0.29,-408.7,-0.05,21514.24,2.15,33
856,Exit short,2026-04-27 16:45,TSL,4675.32,1,4678.03,431.7,0.06,0,591,0.08,-237.35,-0.03,21945.94,2.19,13
856,Entry short,2026-04-27 16:32,M1 scalp down,4678.03,1,4678.03,431.7,0.06,0,591,0.08,-237.35,-0.03,21945.94,2.19,13
857,Exit short,2026-04-27 17:05,TSL,4674.91,1,4676.99,331.34,0.04,0,517.72,0.07,-242.13,-0.03,22277.28,2.23,11
857,Entry short,2026-04-27 16:54,M1 scalp down,4676.99,1,4676.99,331.34,0.04,0,517.72,0.07,-242.13,-0.03,22277.28,2.23,11
858,Exit short,2026-04-27 18:06,TSL,4680.38,1,4683.18,446.03,0.06,0,672.24,0.09,-111.51,-0.01,22723.31,2.27,15
858,Entry short,2026-04-27 17:51,M1 scalp down,4683.18,1,4683.18,446.03,0.06,0,672.24,0.09,-111.51,-0.01,22723.31,2.27,15
859,Exit short,2026-04-27 22:00,SL,4685.18,1,4679.88,-844.87,-0.11,0,383.91,0.05,-844.87,-0.11,21878.44,2.19,75
859,Entry short,2026-04-27 19:45,M1 scalp down,4679.88,1,4679.88,-844.87,-0.11,0,383.91,0.05,-844.87,-0.11,21878.44,2.19,75
860,Exit short,2026-04-28 19:55,TSL,4595.39,1,4597.23,293.31,0.04,0,615.32,0.08,-427.22,-0.06,22171.75,2.22,19
860,Entry short,2026-04-28 19:36,M1 scalp down,4597.23,1,4597.23,293.31,0.04,0,615.32,0.08,-427.22,-0.06,22171.75,2.22,19
861,Exit short,2026-04-28 20:22,TSL,4592.51,1,4596.88,696.62,0.10,0,865.6,0.12,-277.37,-0.04,22868.38,2.29,17
861,Entry short,2026-04-28 20:05,M1 scalp down,4596.88,1,4596.88,696.62,0.10,0,865.6,0.12,-277.37,-0.04,22868.38,2.29,17
862,Exit short,2026-04-28 22:00,SL,4598.6,1,4594.74,-616.1,-0.08,0,409.68,0.06,-616.1,-0.08,22252.28,2.23,29
862,Entry short,2026-04-28 20:31,M1 scalp down,4594.74,1,4594.74,-616.1,-0.08,0,409.68,0.06,-616.1,-0.08,22252.28,2.23,29
863,Exit short,2026-04-29 22:05,TSL,4540.04,1,4543.21,508.58,0.07,0,669.01,0.09,-200.54,-0.03,22760.86,2.28,6
863,Entry short,2026-04-29 20:59,M1 scalp down,4543.21,1,4543.21,508.58,0.07,0,669.01,0.09,-200.54,-0.03,22760.86,2.28,6
864,Exit long,2026-04-30 19:40,TSL,4620.64,1,4616.56,654.57,0.09,0,815.01,0.11,-213.38,-0.03,23415.43,2.34,9
864,Entry long,2026-04-30 19:31,M1 scalp up,4616.56,1,4616.56,654.57,0.09,0,815.01,0.11,-213.38,-0.03,23415.43,2.34,9
865,Exit long,2026-04-30 20:01,TSL,4618.75,1,4616.08,428.36,0.06,0,691.47,0.09,-240.65,-0.03,23843.79,2.38,10
865,Entry long,2026-04-30 19:51,M1 scalp up,4616.08,1,4616.08,428.36,0.06,0,691.47,0.09,-240.65,-0.03,23843.79,2.38,10
866,Exit long,2026-04-30 20:20,TSL,4618.49,1,4616.25,359.37,0.05,0,519.81,0.07,-40.11,-0.01,24203.17,2.42,5
866,Entry long,2026-04-30 20:15,M1 scalp up,4616.25,1,4616.25,359.37,0.05,0,519.81,0.07,-40.11,-0.01,24203.17,2.42,5
867,Exit long,2026-04-30 20:57,TSL,4620.61,1,4616.24,701.1,0.09,0,861.54,0.12,-152.41,-0.02,24904.27,2.49,30
867,Entry long,2026-04-30 20:27,M1 scalp up,4616.24,1,4616.24,701.1,0.09,0,861.54,0.12,-152.41,-0.02,24904.27,2.49,30
868,Exit long,2026-05-01 19:52,SL,4610.76,1,4615.71,-775.13,-0.11,0,0,0.00,-775.13,-0.11,24129.14,2.41,11
868,Entry long,2026-05-01 19:41,M1 scalp up,4615.71,1,4615.71,-775.13,-0.11,0,0,0.00,-775.13,-0.11,24129.14,2.41,11
869,Exit long,2026-05-01 20:53,TSL,4614.97,1,4612.25,425.93,0.06,0,582.52,0.08,-336.67,-0.05,24555.07,2.46,15
869,Entry long,2026-05-01 20:38,M1 scalp up,4612.25,1,4612.25,425.93,0.06,0,582.52,0.08,-336.67,-0.05,24555.07,2.46,15
870,Exit short,2026-05-04 20:44,SL,4518.32,1,4514.74,-562.12,-0.08,0,83.22,0.01,-562.12,-0.08,23992.95,2.40,17
870,Entry short,2026-05-04 20:27,M1 scalp down,4514.74,1,4514.74,-562.12,-0.08,0,83.22,0.01,-562.12,-0.08,23992.95,2.40,17
871,Exit short,2026-05-04 22:07,TSL,4519.94,1,4521.69,275.13,0.04,0,485.8,0.07,-416.63,-0.06,24268.08,2.43,11
871,Entry short,2026-05-04 20:56,M1 scalp down,4521.69,1,4521.69,275.13,0.04,0,485.8,0.07,-416.63,-0.06,24268.08,2.43,11
872,Exit short,2026-05-05 17:05,TSL,4559.72,1,4562.02,361.6,0.05,0,518.82,0.07,-4.72,0.00,24629.68,2.46,3
872,Entry short,2026-05-05 17:02,M1 scalp down,4562.02,1,4562.02,361.6,0.05,0,518.82,0.07,-4.72,0.00,24629.68,2.46,3
873,Exit short,2026-05-05 17:55,TSL,4559.22,1,4562.08,449.64,0.06,0,606.86,0.08,0,0.00,25079.32,2.51,5
873,Entry short,2026-05-05 17:50,M1 scalp down,4562.08,1,4562.08,449.64,0.06,0,606.86,0.08,0,0.00,25079.32,2.51,5
874,Exit short,2026-05-05 19:55,TSL,4555.26,1,4557.35,328.59,0.05,0,485.8,0.07,-235.83,-0.03,25407.91,2.54,17
874,Entry short,2026-05-05 19:38,M1 scalp down,4557.35,1,4557.35,328.59,0.05,0,485.8,0.07,-235.83,-0.03,25407.91,2.54,17
875,Exit short,2026-05-05 22:02,TSL,4553.83,1,4556.11,359.95,0.05,0,535.19,0.07,-583.28,-0.08,25767.86,2.58,56
875,Entry short,2026-05-05 20:06,M1 scalp down,4556.11,1,4556.11,359.95,0.05,0,535.19,0.07,-583.28,-0.08,25767.86,2.58,56
876,Exit long,2026-05-06 17:58,TSL,4683.63,1,4681.12,396.26,0.05,0,554.13,0.07,-342.58,-0.05,26164.11,2.62,25
876,Entry long,2026-05-06 17:33,M1 scalp up,4681.12,1,4681.12,396.26,0.05,0,554.13,0.07,-342.58,-0.05,26164.11,2.62,25
877,Exit long,2026-05-06 19:33,TSL,4698.11,1,4695.85,356.79,0.05,0,536.76,0.07,-9.47,0.00,26520.9,2.65,2
877,Entry long,2026-05-06 19:31,M1 scalp up,4695.85,1,4695.85,356.79,0.05,0,536.76,0.07,-9.47,0.00,26520.9,2.65,2
878,Exit long,2026-05-06 19:59,SL,4692.8,1,4697.1,-678.85,-0.09,0,274.7,0.04,-678.85,-0.09,25842.06,2.58,24
878,Entry long,2026-05-06 19:35,M1 scalp up,4697.1,1,4697.1,-678.85,-0.09,0,274.7,0.04,-678.85,-0.09,25842.06,2.58,24
879,Exit long,2026-05-06 20:29,SL,4692.57,1,4696.42,-607.81,-0.08,0,17.37,0.00,-607.81,-0.08,25234.25,2.52,6
879,Entry long,2026-05-06 20:23,M1 scalp up,4696.42,1,4696.42,-607.81,-0.08,0,17.37,0.00,-607.81,-0.08,25234.25,2.52,6
880,Exit long,2026-05-06 20:47,SL,4686.2,1,4689.53,-525.71,-0.07,0,121.56,0.02,-525.71,-0.07,24708.54,2.47,6
880,Entry long,2026-05-06 20:41,M1 scalp up,4689.53,1,4689.53,-525.71,-0.07,0,121.56,0.02,-525.71,-0.07,24708.54,2.47,6
881,Exit long,2026-05-08 17:02,TSL,4714.31,1,4711.85,385.91,0.05,0,586.71,0.08,-83.14,-0.01,25094.45,2.51,6
881,Entry long,2026-05-08 16:56,M1 scalp up,4711.85,1,4711.85,385.91,0.05,0,586.71,0.08,-83.14,-0.01,25094.45,2.51,6
882,Exit long,2026-05-08 18:01,TSL,4723.33,1,4720.13,502,0.07,0,952.23,0.13,-112.95,-0.02,25596.44,2.56,19
882,Entry long,2026-05-08 17:42,M1 scalp up,4720.13,1,4720.13,502,0.07,0,952.23,0.13,-112.95,-0.02,25596.44,2.56,19
883,Exit long,2026-05-08 19:41,TSL,4725.82,1,4722.29,553.77,0.07,0,713.78,0.10,-69.02,-0.01,26150.21,2.62,5
883,Entry long,2026-05-08 19:36,M1 scalp up,4722.29,1,4722.29,553.77,0.07,0,713.78,0.10,-69.02,-0.01,26150.21,2.62,5
884,Exit long,2026-05-08 20:10,SL,4720.66,1,4723.93,-512.98,-0.07,0,169.42,0.02,-512.98,-0.07,25637.23,2.56,16
884,Entry long,2026-05-08 19:54,M1 scalp up,4723.93,1,4723.93,-512.98,-0.07,0,169.42,0.02,-512.98,-0.07,25637.23,2.56,16
885,Exit long,2026-05-10 22:01,SL,4698.97,1,4717.16,-2849.43,-0.39,0,296.49,0.04,-2849.43,-0.39,22787.8,2.28,42
885,Entry long,2026-05-08 20:18,M1 scalp up,4717.16,1,4717.16,-2849.43,-0.39,0,296.49,0.04,-2849.43,-0.39,22787.8,2.28,42
886,Exit long,2026-05-11 16:15,SL,4725.91,1,4730.87,-776.97,-0.10,0,327.39,0.04,-776.97,-0.10,22010.83,2.20,8
886,Entry long,2026-05-11 16:07,M1 scalp up,4730.87,1,4730.87,-776.97,-0.10,0,327.39,0.04,-776.97,-0.10,22010.83,2.20,8
887,Exit long,2026-05-11 18:09,TSL,4725.94,1,4722.35,562.37,0.08,0,719.01,0.10,-53.26,-0.01,22573.19,2.26,14
887,Entry long,2026-05-11 17:55,M1 scalp up,4722.35,1,4722.35,562.37,0.08,0,719.01,0.10,-53.26,-0.01,22573.19,2.26,14
888,Exit long,2026-05-11 19:39,TSL,4726.64,1,4723.3,523.2,0.07,0,689.25,0.09,-51.69,-0.01,23096.4,2.31,8
888,Entry long,2026-05-11 19:31,M1 scalp up,4723.3,1,4723.3,523.2,0.07,0,689.25,0.09,-51.69,-0.01,23096.4,2.31,8
889,Exit long,2026-05-11 20:35,TSL,4737.13,1,4734.03,485.61,0.07,0,642.26,0.09,-640.69,-0.09,23582.01,2.36,26
889,Entry long,2026-05-11 20:09,M1 scalp up,4734.03,1,4734.03,485.61,0.07,0,642.26,0.09,-640.69,-0.09,23582.01,2.36,26
890,Exit long,2026-05-11 20:50,SL,4734.81,2,9474.26,-726.85,-0.05,0,75.19,0.01,-726.85,-0.05,22855.16,2.29,4
890,Entry long,2026-05-11 20:46,M1 scalp up,4737.13,2,9474.26,-726.85,-0.05,0,75.19,0.01,-726.85,-0.05,22855.16,2.29,4
891,Exit short,2026-05-12 18:20,SL,4683.88,1,4678.98,-769.97,-0.10,0,422.7,0.06,-769.97,-0.10,22085.19,2.21,36
891,Entry short,2026-05-12 17:44,M1 scalp down,4678.98,1,4678.98,-769.97,-0.10,0,422.7,0.06,-769.97,-0.10,22085.19,2.21,36
892,Exit long,2026-05-12 22:01,TSL,4714.85,1,4713.14,269.52,0.04,0,658.83,0.09,-190.14,-0.03,22354.71,2.24,25
892,Entry long,2026-05-12 20:36,M1 scalp up,4713.14,1,4713.14,269.52,0.04,0,658.83,0.09,-190.14,-0.03,22354.71,2.24,25
893,Exit short,2026-05-13 19:54,TSL,4685.32,1,4688.86,557.96,0.08,0,791.23,0.11,-83.54,-0.01,22912.67,2.29,14
893,Entry short,2026-05-13 19:40,M1 scalp down,4688.86,1,4688.86,557.96,0.08,0,791.23,0.11,-83.54,-0.01,22912.67,2.29,14
894,Exit short,2026-05-13 20:21,SL,4691.77,1,4688.01,-592.64,-0.08,0,81.96,0.01,-592.64,-0.08,22320.04,2.23,15
894,Entry short,2026-05-13 20:06,M1 scalp down,4688.01,1,4688.01,-592.64,-0.08,0,81.96,0.01,-592.64,-0.08,22320.04,2.23,15
895,Exit short,2026-05-13 22:02,TSL,4690.61,2,9383.74,397.78,0.03,0,830.28,0.06,-666.12,-0.04,22717.81,2.27,2
895,Entry short,2026-05-13 22:00,M1 scalp down,4691.87,2,9383.74,397.78,0.03,0,830.28,0.06,-666.12,-0.04,22717.81,2.27,2
896,Exit short,2026-05-14 17:21,SL,4682.97,1,4677.97,-789.24,-0.11,0,26.83,0.00,-789.24,-0.11,21928.57,2.19,22
896,Entry short,2026-05-14 16:59,M1 scalp down,4677.97,1,4677.97,-789.24,-0.11,0,26.83,0.00,-789.24,-0.11,21928.57,2.19,22
897,Exit short,2026-05-14 17:55,TSL,4679.03,1,4681.28,355.16,0.05,0,513.01,0.07,-88.39,-0.01,22283.73,2.23,12
897,Entry short,2026-05-14 17:43,M1 scalp down,4681.28,1,4681.28,355.16,0.05,0,513.01,0.07,-88.39,-0.01,22283.73,2.23,12
898,Exit short,2026-05-14 22:01,TSL,4649.65,1,4650.88,194.79,0.03,0,733.22,0.10,-437.08,-0.06,22478.52,2.25,19
898,Entry short,2026-05-14 20:42,M1 scalp down,4650.88,1,4650.88,194.79,0.03,0,733.22,0.10,-437.08,-0.06,22478.52,2.25,19
899,Exit short,2026-05-15 19:54,TSL,4549.69,1,4552.01,367.4,0.05,0,568.52,0.08,-527.35,-0.07,22845.92,2.28,23
899,Entry short,2026-05-15 19:31,M1 scalp down,4552.01,1,4552.01,367.4,0.05,0,568.52,0.08,-527.35,-0.07,22845.92,2.28,23
900,Exit short,2026-05-17 22:02,TSL,4530.61,1,4539.91,1476.08,0.20,0,1684,0.23,-121.94,-0.02,24321.99,2.43,2
900,Entry short,2026-05-15 20:59,M1 scalp down,4539.91,1,4539.91,1476.08,0.20,0,1684,0.23,-121.94,-0.02,24321.99,2.43,2
901,Exit short,2026-05-18 22:00,SL,4569.22,1,4563.45,-916.2,-0.13,0,171.42,0.02,-916.2,-0.13,23405.8,2.34,18
901,Entry short,2026-05-18 20:42,M1 scalp down,4563.45,1,4563.45,-916.2,-0.13,0,171.42,0.02,-916.2,-0.13,23405.8,2.34,18
902,Exit short,2026-05-19 17:25,TSL,4504.41,1,4508.63,670.08,0.09,0,828.86,0.12,-392.2,-0.05,24075.88,2.41,16
902,Entry short,2026-05-19 17:09,M1 scalp down,4508.63,1,4508.63,670.08,0.09,0,828.86,0.12,-392.2,-0.05,24075.88,2.41,16
903,Exit short,2026-05-19 20:43,TSL,4482.7,1,4485.39,427.13,0.06,0,585.92,0.08,-441.43,-0.06,24503.01,2.45,34
903,Entry short,2026-05-19 20:09,M1 scalp down,4485.39,1,4485.39,427.13,0.06,0,585.92,0.08,-441.43,-0.06,24503.01,2.45,34
904,Exit short,2026-05-19 22:01,TSL,4481.59,1,4483.75,343.6,0.05,0,628.35,0.09,-52.4,-0.01,24846.61,2.48,12
904,Entry short,2026-05-19 20:49,M1 scalp down,4483.75,1,4483.75,343.6,0.05,0,628.35,0.09,-52.4,-0.01,24846.61,2.48,12
905,Exit long,2026-05-20 18:20,TSL,4535.62,1,4532.89,434.28,0.06,0,593.35,0.08,-617.21,-0.09,25280.89,2.53,31
905,Entry long,2026-05-20 17:49,M1 scalp up,4532.89,1,4532.89,434.28,0.06,0,593.35,0.08,-617.21,-0.09,25280.89,2.53,31
906,Exit long,2026-05-20 20:11,TSL,4549.43,1,4545.97,550.4,0.08,0,709.48,0.10,-95.45,-0.01,25831.3,2.58,24
906,Entry long,2026-05-20 19:47,M1 scalp up,4545.97,1,4545.97,550.4,0.08,0,709.48,0.10,-95.45,-0.01,25831.3,2.58,24
907,Exit long,2026-05-20 22:09,SL,4540.76,1,4545.57,-764.33,-0.11,0,429.04,0.06,-764.33,-0.11,25066.97,2.51,48
907,Entry long,2026-05-20 20:21,M1 scalp up,4545.57,1,4545.57,-764.33,-0.11,0,429.04,0.06,-764.33,-0.11,25066.97,2.51,48
908,Exit short,2026-05-21 16:51,TSL,4517.3,1,4520.21,462.41,0.06,0,621.31,0.09,-11.12,0.00,25529.38,2.55,5
908,Entry short,2026-05-21 16:46,M1 scalp down,4520.21,1,4520.21,462.41,0.06,0,621.31,0.09,-11.12,0.00,25529.38,2.55,5
909,Exit short,2026-05-21 17:06,TSL,4516.34,1,4519.78,546.63,0.08,0,705.53,0.10,-352.77,-0.05,26076.01,2.61,6
909,Entry short,2026-05-21 17:00,M1 scalp down,4519.78,1,4519.78,546.63,0.08,0,705.53,0.10,-352.77,-0.05,26076.01,2.61,6
910,Exit long,2026-05-21 19:51,TSL,4542.18,1,4539.36,448.11,0.06,0,607.01,0.08,-50.85,-0.01,26524.12,2.65,6
910,Entry long,2026-05-21 19:45,M1 scalp up,4539.36,1,4539.36,448.11,0.06,0,607.01,0.08,-50.85,-0.01,26524.12,2.65,6
911,Exit long,2026-05-21 19:57,TSL,4542.54,1,4538.56,632.44,0.09,0,839.01,0.12,-603.84,-0.08,27156.56,2.72,3
911,Entry long,2026-05-21 19:54,M1 scalp up,4538.56,1,4538.56,632.44,0.09,0,839.01,0.12,-603.84,-0.08,27156.56,2.72,3
912,Exit long,2026-05-21 22:02,TSL,4544.48,1,4541.44,483.14,0.07,0,672.26,0.09,-268.55,-0.04,27639.69,2.76,40
912,Entry long,2026-05-21 20:22,M1 scalp up,4541.44,1,4541.44,483.14,0.07,0,672.26,0.09,-268.55,-0.04,27639.69,2.76,40
913,Exit short,2026-05-22 16:26,SL,4523.97,1,4519.38,-729.47,-0.10,0,198.66,0.03,-729.47,-0.10,26910.22,2.69,4
913,Entry short,2026-05-22 16:22,M1 scalp down,4519.38,1,4519.38,-729.47,-0.10,0,198.66,0.03,-729.47,-0.10,26910.22,2.69,4
914,Exit short,2026-05-22 17:20,TSL,4515.53,1,4518.1,408.44,0.06,0,570.54,0.08,-460.89,-0.06,27318.66,2.73,19
914,Entry short,2026-05-22 17:01,M1 scalp down,4518.1,1,4518.1,408.44,0.06,0,570.54,0.08,-460.89,-0.06,27318.66,2.73,19
915,Exit short,2026-05-22 20:03,TSL,4505.86,1,4508.72,454.53,0.06,0,613.45,0.09,-332.16,-0.05,27773.19,2.78,27
915,Entry short,2026-05-22 19:36,M1 scalp down,4508.72,1,4508.72,454.53,0.06,0,613.45,0.09,-332.16,-0.05,27773.19,2.78,27
916,Exit short,2026-05-22 20:46,TSL,4505.39,1,4508.12,433.87,0.06,0,645.24,0.09,-384.6,-0.05,28207.06,2.82,32
916,Entry short,2026-05-22 20:14,M1 scalp down,4508.12,1,4508.12,433.87,0.06,0,645.24,0.09,-384.6,-0.05,28207.06,2.82,32
917,Exit short,2026-05-24 22:00,SL,4542.59,1,4507.85,-5529.77,-0.77,0,472.01,0.07,-5529.77,-0.77,22677.28,2.27,11
917,Entry short,2026-05-22 20:49,M1 scalp down,4507.85,1,4507.85,-5529.77,-0.77,0,472.01,0.07,-5529.77,-0.77,22677.28,2.27,11
918,Exit long,2026-05-25 13:57,TSL,4564.01,1,4561.83,347,0.05,0,506.18,0.07,-265.82,-0.04,23024.29,2.30,10
918,Entry long,2026-05-25 13:47,M1 scalp up,4561.83,1,4561.83,347,0.05,0,506.18,0.07,-265.82,-0.04,23024.29,2.30,10
919,Exit long,2026-05-25 15:11,TSL,4570.37,1,4567.79,410.67,0.06,0,576.22,0.08,-425,-0.06,23434.96,2.34,50
919,Entry long,2026-05-25 14:21,M1 scalp up,4567.79,1,4567.79,410.67,0.06,0,576.22,0.08,-425,-0.06,23434.96,2.34,50
920,Exit long,2026-05-25 16:51,TSL,4573.34,1,4571.01,370.88,0.05,0,538.01,0.07,-678.09,-0.09,23805.84,2.38,78
920,Entry long,2026-05-25 15:33,M1 scalp up,4571.01,1,4571.01,370.88,0.05,0,538.01,0.07,-678.09,-0.09,23805.84,2.38,78
921,Exit long,2026-05-25 17:04,TSL,4575.6,1,4571.35,676.5,0.09,0,835.67,0.11,-60.49,-0.01,24482.34,2.45,10
921,Entry long,2026-05-25 16:54,M1 scalp up,4571.35,1,4571.35,676.5,0.09,0,835.67,0.11,-60.49,-0.01,24482.34,2.45,10
922,Exit long,2026-05-25 17:33,SL,4570.18,1,4574.17,-635.11,-0.09,0,68.45,0.01,-635.11,-0.09,23847.23,2.38,18
922,Entry long,2026-05-25 17:15,M1 scalp up,4574.17,1,4574.17,-635.11,-0.09,0,68.45,0.01,-635.11,-0.09,23847.23,2.38,18
923,Exit long,2026-05-25 18:06,TSL,4568.16,1,4563.94,671.72,0.09,0,830.9,0.11,-4.78,0.00,24518.95,2.45,14
923,Entry long,2026-05-25 17:52,M1 scalp up,4563.94,1,4563.94,671.72,0.09,0,830.9,0.11,-4.78,0.00,24518.95,2.45,14
924,Exit short,2026-05-26 16:33,SL,4510.17,1,4505.2,-789.62,-0.11,0,433.74,0.06,-789.62,-0.11,23729.32,2.37,13
924,Entry short,2026-05-26 16:20,M1 scalp down,4505.2,1,4505.2,-789.62,-0.11,0,433.74,0.06,-789.62,-0.11,23729.32,2.37,13
925,Exit short,2026-05-26 16:43,TSL,4507.4,1,4509.84,387.66,0.05,0,546.54,0.08,-4.77,0.00,24116.99,2.41,4
925,Entry short,2026-05-26 16:39,M1 scalp down,4509.84,1,4509.84,387.66,0.05,0,546.54,0.08,-4.77,0.00,24116.99,2.41,4
926,Exit short,2026-05-26 17:31,TSL,4498.99,1,4505.65,1058.13,0.15,0,1217.01,0.17,-306.63,-0.04,25175.11,2.52,29
926,Entry short,2026-05-26 17:02,M1 scalp down,4505.65,1,4505.65,1058.13,0.15,0,1217.01,0.17,-306.63,-0.04,25175.11,2.52,29
927,Exit short,2026-05-26 17:57,TSL,4494.18,1,4500.95,1075.6,0.15,0,1390.18,0.19,-55.61,-0.01,26250.72,2.63,5
927,Entry short,2026-05-26 17:52,M1 scalp down,4500.95,1,4500.95,1075.6,0.15,0,1390.18,0.19,-55.61,-0.01,26250.72,2.63,5
928,Exit short,2026-05-26 19:49,SL,4507.51,1,4503.62,-618.04,-0.09,0,79.44,0.01,-618.04,-0.09,25632.68,2.56,14
928,Entry short,2026-05-26 19:35,M1 scalp down,4503.62,1,4503.62,-618.04,-0.09,0,79.44,0.01,-618.04,-0.09,25632.68,2.56,14
929,Exit short,2026-05-26 20:53,TSL,4504.75,1,4508.38,576.73,0.08,0,735.61,0.10,-389.25,-0.05,26209.41,2.62,56
929,Entry short,2026-05-26 19:57,M1 scalp down,4508.38,1,4508.38,576.73,0.08,0,735.61,0.10,-389.25,-0.05,26209.41,2.62,56
930,Exit short,2026-05-27 17:02,TSL,4448.8,1,4452.13,530.44,0.07,0,745.48,0.11,-189.56,-0.03,26739.85,2.67,21
930,Entry short,2026-05-27 16:41,M1 scalp down,4452.13,1,4452.13,530.44,0.07,0,745.48,0.11,-189.56,-0.03,26739.85,2.67,21
931,Exit short,2026-05-27 17:10,TSL,4443.5,1,4451.66,1299.81,0.18,0,1459.11,0.21,0,0.00,28039.66,2.80,4
931,Entry short,2026-05-27 17:06,M1 scalp down,4451.66,1,4451.66,1299.81,0.18,0,1459.11,0.21,0,0.00,28039.66,2.80,4
932,Exit short,2026-05-27 18:01,TSL,4450.48,1,4453.59,495.4,0.07,0,654.69,0.09,-76.46,-0.01,28535.06,2.85,8
932,Entry short,2026-05-27 17:53,M1 scalp down,4453.59,1,4453.59,495.4,0.07,0,654.69,0.09,-76.46,-0.01,28535.06,2.85,8
933,Exit short,2026-05-27 19:59,TSL,4449.97,1,4452.78,447.61,0.06,0,632.39,0.09,-320.17,-0.05,28982.67,2.90,24
933,Entry short,2026-05-27 19:35,M1 scalp down,4452.78,1,4452.78,447.61,0.06,0,632.39,0.09,-320.17,-0.05,28982.67,2.90,24
934,Exit short,2026-05-27 20:15,SL,4456.7,1,4453.22,-554.33,-0.08,0,259.64,0.04,-554.33,-0.08,28428.33,2.84,13
934,Entry short,2026-05-27 20:02,M1 scalp down,4453.22,1,4453.22,-554.33,-0.08,0,259.64,0.04,-554.33,-0.08,28428.33,2.84,13
935,Exit short,2026-05-27 20:58,SL,4456.05,2,8907.5,-732.74,-0.05,0,60.53,0.00,-732.74,-0.05,27695.59,2.77,10
935,Entry short,2026-05-27 20:48,M1 scalp down,4453.75,2,8907.5,-732.74,-0.05,0,60.53,0.00,-732.74,-0.05,27695.59,2.77,10
936,Exit long,2026-05-28 20:02,SL,4496.21,1,4500,-604.5,-0.08,0,274.34,0.04,-604.5,-0.08,27091.1,2.71,26
936,Entry long,2026-05-28 19:36,M1 scalp up,4500,1,4500,-604.5,-0.08,0,274.34,0.04,-604.5,-0.08,27091.1,2.71,26
937,Exit long,2026-05-28 22:08,SL,4494.42,1,4497.42,-477.69,-0.07,0,240.44,0.03,-477.69,-0.07,26613.41,2.66,29
937,Entry long,2026-05-28 20:39,M1 scalp up,4497.42,1,4497.42,-477.69,-0.07,0,240.44,0.03,-477.69,-0.07,26613.41,2.66,29
938,Exit long,2026-05-29 19:49,SL,4548.84,1,4552.56,-592.34,-0.08,0,74.84,0.01,-592.34,-0.08,26021.07,2.60,6
938,Entry long,2026-05-29 19:43,M1 scalp up,4552.56,1,4552.56,-592.34,-0.08,0,74.84,0.01,-592.34,-0.08,26021.07,2.60,6
939,Exit long,2026-05-29 20:16,TSL,4548.16,1,4545.8,375.78,0.05,0,535.01,0.07,-484.06,-0.07,26396.85,2.64,19
939,Entry long,2026-05-29 19:57,M1 scalp up,4545.8,1,4545.8,375.78,0.05,0,535.01,0.07,-484.06,-0.07,26396.85,2.64,19
940,Exit long,2026-05-29 20:41,SL,4541.57,1,4545.24,-584.37,-0.08,0,41.4,0.01,-584.37,-0.08,25812.48,2.58,20
940,Entry long,2026-05-29 20:21,M1 scalp up,4545.24,1,4545.24,-584.37,-0.08,0,41.4,0.01,-584.37,-0.08,25812.48,2.58,20
941,Exit long,2026-05-31 22:00,SL,4524.71,1,4541.88,-2733.98,-0.38,0,199.04,0.03,-2733.98,-0.38,23078.5,2.31,11
941,Entry long,2026-05-29 20:49,M1 scalp up,4541.88,1,4541.88,-2733.98,-0.38,0,199.04,0.03,-2733.98,-0.38,23078.5,2.31,11
942,Exit short,2026-06-01 16:52,SL,4475.18,1,4470.38,-764.3,-0.11,0,17.52,0.00,-764.3,-0.11,22314.2,2.23,4
942,Entry short,2026-06-01 16:48,M1 scalp down,4470.38,1,4470.38,-764.3,-0.11,0,17.52,0.00,-764.3,-0.11,22314.2,2.23,4
943,Exit short,2026-06-01 17:29,SL,4480.53,1,4475.83,-748.38,-0.11,0,554.12,0.08,-748.38,-0.11,21565.81,2.16,9
943,Entry short,2026-06-01 17:20,M1 scalp down,4475.83,1,4475.83,-748.38,-0.11,0,554.12,0.08,-748.38,-0.11,21565.81,2.16,9
944,Exit short,2026-06-01 22:37,TSL,4481.45,1,4483.21,281,0.04,0,542.84,0.08,-546.03,-0.08,21846.81,2.18,94
944,Entry short,2026-06-01 20:03,M1 scalp down,4483.21,1,4483.21,281,0.04,0,542.84,0.08,-546.03,-0.08,21846.81,2.18,94
945,Exit short,2026-06-02 17:11,TSL,4487.81,1,4490.32,400.74,0.06,0,560.4,0.08,-424.69,-0.06,22247.56,2.22,24
945,Entry short,2026-06-02 16:47,M1 scalp down,4490.32,1,4490.32,400.74,0.06,0,560.4,0.08,-424.69,-0.06,22247.56,2.22,24
946,Exit short,2026-06-02 17:37,TSL,4483.5,1,4488.69,828.63,0.12,0,1004.25,0.14,-493.34,-0.07,23076.18,2.31,8
946,Entry short,2026-06-02 17:29,M1 scalp down,4488.69,1,4488.69,828.63,0.12,0,1004.25,0.14,-493.34,-0.07,23076.18,2.31,8
947,Exit short,2026-06-02 17:56,TSL,4483.62,1,4485.94,370.41,0.05,0,530.06,0.07,-108.57,-0.02,23446.59,2.34,6
947,Entry short,2026-06-02 17:50,M1 scalp down,4485.94,1,4485.94,370.41,0.05,0,530.06,0.07,-108.57,-0.02,23446.59,2.34,6
948,Exit short,2026-06-02 20:15,SL,4490.37,1,4487.2,-506.12,-0.07,0,249.07,0.03,-506.12,-0.07,22940.47,2.29,29
948,Entry short,2026-06-02 19:46,M1 scalp down,4487.2,1,4487.2,-506.12,-0.07,0,249.07,0.03,-506.12,-0.07,22940.47,2.29,29
949,Exit short,2026-06-02 20:47,TSL,4488.92,2,8980.86,482.17,0.03,0,641.83,0.04,-47.9,0.00,23422.64,2.34,16
949,Entry short,2026-06-02 20:31,M1 scalp down,4490.43,2,8980.86,482.17,0.03,0,641.83,0.04,-47.9,0.00,23422.64,2.34,16
950,Exit short,2026-06-02 22:06,TSL,4489.49,2,8980.36,220.67,0.02,0,821.93,0.06,-687.6,-0.05,23643.31,2.36,6
950,Entry short,2026-06-02 22:00,M1 scalp down,4490.18,2,8980.36,220.67,0.02,0,821.93,0.06,-687.6,-0.05,23643.31,2.36,6
951,Exit short,2026-06-03 17:14,TSL,4442.64,1,4445.28,422.16,0.06,0,582.07,0.08,-500.51,-0.07,24065.47,2.41,6
951,Entry short,2026-06-03 17:08,M1 scalp down,4445.28,1,4445.28,422.16,0.06,0,582.07,0.08,-500.51,-0.07,24065.47,2.41,6
952,Exit short,2026-06-03 17:51,TSL,4438.71,1,4440.73,323.01,0.05,0,482.92,0.07,-247.86,-0.03,24388.48,2.44,9
952,Entry short,2026-06-03 17:42,M1 scalp down,4440.73,1,4440.73,323.01,0.05,0,482.92,0.07,-247.86,-0.03,24388.48,2.44,9
953,Exit short,2026-06-03 19:48,TSL,4445.85,1,4448.81,473.33,0.07,0,633.24,0.09,-54.37,-0.01,24861.81,2.49,12
953,Entry short,2026-06-03 19:36,M1 scalp down,4448.81,1,4448.81,473.33,0.07,0,633.24,0.09,-54.37,-0.01,24861.81,2.49,12
954,Exit short,2026-06-03 20:34,TSL,4433.94,1,4439.96,962.65,0.14,0,1122.55,0.16,-6.4,0.00,25824.46,2.58,7
954,Entry short,2026-06-03 20:27,M1 scalp down,4439.96,1,4439.96,962.65,0.14,0,1122.55,0.16,-6.4,0.00,25824.46,2.58,7
955,Exit short,2026-06-03 20:51,TSL,4432.44,1,4434.27,292.63,0.04,0,668.42,0.09,-63.96,-0.01,26117.09,2.61,5
955,Entry short,2026-06-03 20:46,M1 scalp down,4434.27,1,4434.27,292.63,0.04,0,668.42,0.09,-63.96,-0.01,26117.09,2.61,5
956,Exit short,2026-06-03 22:00,SL,4438.14,1,4433.91,-677.07,-0.10,0,140.72,0.02,-677.07,-0.10,25440.02,2.54,5
956,Entry short,2026-06-03 20:55,M1 scalp down,4433.91,1,4433.91,-677.07,-0.10,0,140.72,0.02,-677.07,-0.10,25440.02,2.54,5
957,Exit long,2026-06-04 16:09,TSL,4480.98,1,4476.34,742.7,0.10,0,902.76,0.13,-153.66,-0.02,26182.72,2.62,4
957,Entry long,2026-06-04 16:05,M1 scalp up,4476.34,1,4476.34,742.7,0.10,0,902.76,0.13,-153.66,-0.02,26182.72,2.62,4
958,Exit long,2026-06-04 17:12,SL,4477.31,1,4482.22,-785.91,-0.11,0,286.51,0.04,-785.91,-0.11,25396.8,2.54,41
958,Entry long,2026-06-04 16:31,M1 scalp up,4482.22,1,4482.22,-785.91,-0.11,0,286.51,0.04,-785.91,-0.11,25396.8,2.54,41
959,Exit long,2026-06-04 17:28,TSL,4477.74,1,4474.73,481.79,0.07,0,664.27,0.09,-4.8,0.00,25878.59,2.59,5
959,Entry long,2026-06-04 17:23,M1 scalp up,4474.73,1,4474.73,481.79,0.07,0,664.27,0.09,-4.8,0.00,25878.59,2.59,5
960,Exit long,2026-06-04 17:52,TSL,4479.41,1,4476.96,392.16,0.05,0,552.22,0.08,-134.45,-0.02,26270.75,2.63,9
960,Entry long,2026-06-04 17:43,M1 scalp up,4476.96,1,4476.96,392.16,0.05,0,552.22,0.08,-134.45,-0.02,26270.75,2.63,9
961,Exit long,2026-06-04 19:59,TSL,4481.45,1,4478.46,478.59,0.07,0,638.66,0.09,-265.71,-0.04,26749.34,2.67,21
961,Entry long,2026-06-04 19:38,M1 scalp up,4478.46,1,4478.46,478.59,0.07,0,638.66,0.09,-265.71,-0.04,26749.34,2.67,21
962,Exit long,2026-06-04 20:30,SL,4475.99,1,4479.14,-504.2,-0.07,0,11.2,0.00,-504.2,-0.07,26245.14,2.62,19
962,Entry long,2026-06-04 20:11,M1 scalp up,4479.14,1,4479.14,-504.2,-0.07,0,11.2,0.00,-504.2,-0.07,26245.14,2.62,19
963,Exit long,2026-06-04 22:01,SL,4472.52,2,8949.9,-777.66,-0.05,0,252.9,0.02,-777.66,-0.05,25467.48,2.55,13
963,Entry long,2026-06-04 20:48,M1 scalp up,4474.95,2,8949.9,-777.66,-0.05,0,252.9,0.02,-777.66,-0.05,25467.48,2.55,13
964,Exit short,2026-06-08 18:02,SL,4342.93,1,4338.06,-780.56,-0.11,0,379.86,0.05,-780.56,-0.11,24686.92,2.47,8
964,Entry short,2026-06-08 17:54,M1 scalp down,4338.06,1,4338.06,-780.56,-0.11,0,379.86,0.05,-780.56,-0.11,24686.92,2.47,8
965,Exit short,2026-06-08 19:35,TSL,4327.32,1,4329.36,326.97,0.05,0,487.25,0.07,-134.64,-0.02,25013.89,2.50,3
965,Entry short,2026-06-08 19:32,M1 scalp down,4329.36,1,4329.36,326.97,0.05,0,487.25,0.07,-134.64,-0.02,25013.89,2.50,3
966,Exit short,2026-06-08 19:57,TSL,4324.6,1,4328.22,580.21,0.08,0,782.17,0.11,-294.92,-0.04,25594.1,2.56,6
966,Entry short,2026-06-08 19:51,M1 scalp down,4328.22,1,4328.22,580.21,0.08,0,782.17,0.11,-294.92,-0.04,25594.1,2.56,6
967,Exit short,2026-06-08 20:13,TSL,4327.46,1,4329.58,339.79,0.05,0,500.07,0.07,-35.26,-0.01,25933.9,2.59,8
967,Entry short,2026-06-08 20:05,M1 scalp down,4329.58,1,4329.58,339.79,0.05,0,500.07,0.07,-35.26,-0.01,25933.9,2.59,8
968,Exit short,2026-06-08 22:00,SL,4330.96,1,4327.33,-581.43,-0.08,0,351.01,0.05,-581.43,-0.08,25352.47,2.54,28
968,Entry short,2026-06-08 20:32,M1 scalp down,4327.33,1,4327.33,-581.43,-0.08,0,351.01,0.05,-581.43,-0.08,25352.47,2.54,28
969,Exit short,2026-06-09 22:01,TSL,4254.91,1,4259.74,774.49,0.11,0,995.77,0.15,-339.57,-0.05,26126.95,2.61,45
969,Entry short,2026-06-09 20:16,M1 scalp down,4259.74,1,4259.74,774.49,0.11,0,995.77,0.15,-339.57,-0.05,26126.95,2.61,45
970,Exit short,2026-06-10 22:03,TSL,4060.3,1,4070.37,1616.61,0.25,0,1777.14,0.27,-269.39,-0.04,27743.56,2.77,5
970,Entry short,2026-06-10 20:58,M1 scalp down,4070.37,1,4070.37,1616.61,0.25,0,1777.14,0.27,-269.39,-0.04,27743.56,2.77,5
971,Exit long,2026-06-12 20:51,TSL,4215.9,1,4212.7,511.58,0.08,0,677.84,0.10,-41.57,-0.01,28255.14,2.83,19
971,Entry long,2026-06-12 20:32,M1 scalp up,4212.7,1,4212.7,511.58,0.08,0,677.84,0.10,-41.57,-0.01,28255.14,2.83,19
972,Exit long,2026-06-15 20:12,SL,4316.54,1,4320.58,-647.18,-0.09,0,237.09,0.03,-647.18,-0.09,27607.96,2.76,36
972,Entry long,2026-06-15 19:36,M1 scalp up,4320.58,1,4320.58,-647.18,-0.09,0,237.09,0.03,-647.18,-0.09,27607.96,2.76,36
973,Exit long,2026-06-15 20:44,SL,4308.98,1,4313.24,-682.43,-0.10,0,192.23,0.03,-682.43,-0.10,26925.53,2.69,22
973,Entry long,2026-06-15 20:22,M1 scalp up,4313.24,1,4313.24,-682.43,-0.10,0,192.23,0.03,-682.43,-0.10,26925.53,2.69,22
974,Exit long,2026-06-15 22:01,TSL,4311.27,1,4308.2,492.18,0.07,0,702.2,0.10,-321.99,-0.05,27417.71,2.74,10
974,Entry long,2026-06-15 20:51,M1 scalp up,4308.2,1,4308.2,492.18,0.07,0,702.2,0.10,-321.99,-0.05,27417.71,2.74,10
975,Exit long,2026-06-16 17:14,SL,4334.69,1,4339.1,-707.01,-0.10,0,333.47,0.05,-707.01,-0.10,26710.7,2.67,8
975,Entry long,2026-06-16 17:06,M1 scalp up,4339.1,1,4339.1,-707.01,-0.10,0,333.47,0.05,-707.01,-0.10,26710.7,2.67,8
976,Exit long,2026-06-16 17:52,TSL,4338.84,1,4336.55,367.13,0.05,0,573.95,0.08,0,0.00,27077.84,2.71,3
976,Entry long,2026-06-16 17:49,M1 scalp up,4336.55,1,4336.55,367.13,0.05,0,573.95,0.08,0,0.00,27077.84,2.71,3
977,Exit long,2026-06-16 19:52,SL,4335.99,1,4339.13,-503.4,-0.07,0,97.8,0.01,-503.4,-0.07,26574.43,2.66,17
977,Entry long,2026-06-16 19:35,M1 scalp up,4339.13,1,4339.13,-503.4,-0.07,0,97.8,0.01,-503.4,-0.07,26574.43,2.66,17
978,Exit long,2026-06-16 20:42,TSL,4333.77,1,4331.76,322.24,0.05,0,482.56,0.07,-128.26,-0.02,26896.67,2.69,40
978,Entry long,2026-06-16 20:02,M1 scalp up,4331.76,1,4331.76,322.24,0.05,0,482.56,0.07,-128.26,-0.02,26896.67,2.69,40
979,Exit long,2026-06-16 22:01,TSL,4334.04,1,4330.93,498.76,0.07,0,747.34,0.11,-248.5,-0.04,27395.44,2.74,15
979,Entry long,2026-06-16 20:46,M1 scalp up,4330.93,1,4330.93,498.76,0.07,0,747.34,0.11,-248.5,-0.04,27395.44,2.74,15
980,Exit long,2026-06-17 16:40,SL,4359.12,1,4363.51,-704.04,-0.10,0,104.24,0.01,-704.04,-0.10,26691.4,2.67,8
980,Entry long,2026-06-17 16:32,M1 scalp up,4363.51,1,4363.51,-704.04,-0.10,0,104.24,0.01,-704.04,-0.10,26691.4,2.67,8
981,Exit long,2026-06-17 17:07,TSL,4358.66,1,4356.63,325.56,0.05,0,485.93,0.07,-197.26,-0.03,27016.96,2.70,5
981,Entry long,2026-06-17 17:02,M1 scalp up,4356.63,1,4356.63,325.56,0.05,0,485.93,0.07,-197.26,-0.03,27016.96,2.70,5
982,Exit short,2026-06-18 20:37,TSL,4215.15,1,4217.24,335.7,0.05,0,517.21,0.08,-382.29,-0.06,27352.66,2.74,24
982,Entry short,2026-06-18 20:13,M1 scalp down,4217.24,1,4217.24,335.7,0.05,0,517.21,0.08,-382.29,-0.06,27352.66,2.74,24
983,Exit short,2026-06-19 16:03,TSL,4148.16,1,4152.28,664.84,0.10,0,826.2,0.12,-209.78,-0.03,28017.49,2.80,14
983,Entry short,2026-06-19 15:49,M1 scalp down,4152.28,1,4152.28,664.84,0.10,0,826.2,0.12,-209.78,-0.03,28017.49,2.80,14
984,Exit short,2026-06-19 16:39,SL,4151.56,1,4147.6,-639.02,-0.10,0,192.03,0.03,-639.02,-0.10,27378.48,2.74,17
984,Entry short,2026-06-19 16:22,M1 scalp down,4147.6,1,4147.6,-639.02,-0.10,0,192.03,0.03,-639.02,-0.10,27378.48,2.74,17
985,Exit short,2026-06-19 16:48,SL,4156.47,1,4152.27,-677.75,-0.10,0,69.39,0.01,-677.75,-0.10,26700.73,2.67,2
985,Entry short,2026-06-19 16:46,M1 scalp down,4152.27,1,4152.27,-677.75,-0.10,0,69.39,0.01,-677.75,-0.10,26700.73,2.67,2
986,Exit short,2026-06-22 16:58,SL,4189.6,1,4184.77,-778.82,-0.12,0,87.07,0.01,-778.82,-0.12,25921.91,2.59,8
986,Entry short,2026-06-22 16:50,M1 scalp down,4184.77,1,4184.77,-778.82,-0.12,0,87.07,0.01,-778.82,-0.12,25921.91,2.59,8
987,Exit short,2026-06-22 17:30,TSL,4184.31,1,4189.41,822.35,0.12,0,983.6,0.15,-356.35,-0.05,26744.27,2.67,13
987,Entry short,2026-06-22 17:17,M1 scalp down,4189.41,1,4189.41,822.35,0.12,0,983.6,0.15,-356.35,-0.05,26744.27,2.67,13
988,Exit short,2026-06-22 18:15,SL,4187.01,1,4182.59,-712.71,-0.11,0,91.91,0.01,-712.71,-0.11,26031.56,2.60,20
988,Entry short,2026-06-22 17:55,M1 scalp down,4182.59,1,4182.59,-712.71,-0.11,0,91.91,0.01,-712.71,-0.11,26031.56,2.60,20
989,Exit short,2026-06-22 19:45,TSL,4185.33,1,4189.92,740.12,0.11,0,901.37,0.13,-54.82,-0.01,26771.68,2.68,7
989,Entry short,2026-06-22 19:38,M1 scalp down,4189.92,1,4189.92,740.12,0.11,0,901.37,0.13,-54.82,-0.01,26771.68,2.68,7
990,Exit short,2026-06-22 19:58,SL,4191.22,1,4187.51,-598.22,-0.09,0,219.29,0.03,-598.22,-0.09,26173.46,2.62,4
990,Entry short,2026-06-22 19:54,M1 scalp down,4187.51,1,4187.51,-598.22,-0.09,0,219.29,0.03,-598.22,-0.09,26173.46,2.62,4
991,Exit short,2026-06-22 22:31,SL,4193.93,1,4191.1,-457.22,-0.07,0,288.63,0.04,-457.22,-0.07,25716.24,2.57,63
991,Entry short,2026-06-22 20:28,M1 scalp down,4191.1,1,4191.1,-457.22,-0.07,0,288.63,0.04,-457.22,-0.07,25716.24,2.57,63
992,Exit short,2026-06-23 16:58,TSL,4133.49,1,4140.16,1077.61,0.16,0,1273.1,0.19,-602.62,-0.09,26793.85,2.68,25
992,Entry short,2026-06-23 16:33,M1 scalp down,4140.16,1,4140.16,1077.61,0.16,0,1273.1,0.19,-602.62,-0.09,26793.85,2.68,25
993,Exit short,2026-06-23 18:05,TSL,4127.52,1,4130.63,502.45,0.08,0,664.02,0.10,-408.75,-0.06,27296.31,2.73,22
993,Entry short,2026-06-23 17:43,M1 scalp down,4130.63,1,4130.63,502.45,0.08,0,664.02,0.10,-408.75,-0.06,27296.31,2.73,22
994,Exit short,2026-06-23 19:49,TSL,4118.87,1,4122.95,659.17,0.10,0,830.42,0.12,-226.19,-0.03,27955.48,2.80,16
994,Entry short,2026-06-23 19:33,M1 scalp down,4122.95,1,4122.95,659.17,0.10,0,830.42,0.12,-226.19,-0.03,27955.48,2.80,16
995,Exit short,2026-06-23 22:15,SL,4114.18,1,4110.39,-612.34,-0.09,0,318.28,0.05,-612.34,-0.09,27343.13,2.73,46
995,Entry short,2026-06-23 20:29,M1 scalp down,4110.39,1,4110.39,-612.34,-0.09,0,318.28,0.05,-612.34,-0.09,27343.13,2.73,46
996,Exit short,2026-06-24 22:00,SL,4005.81,1,4000.98,-781.38,-0.12,0,369.99,0.06,-781.38,-0.12,26561.75,2.66,2
996,Entry short,2026-06-24 20:58,M1 scalp down,4000.98,1,4000.98,-781.38,-0.12,0,369.99,0.06,-781.38,-0.12,26561.75,2.66,2
997,Exit short,2026-06-25 20:36,TSL,4027.17,1,4030.17,485.33,0.07,0,647.11,0.10,-105.16,-0.02,27047.08,2.70,14
997,Entry short,2026-06-25 20:22,M1 scalp down,4030.17,1,4030.17,485.33,0.07,0,647.11,0.10,-105.16,-0.02,27047.08,2.70,14
998,Exit short,2026-06-25 22:00,SL,4028.95,1,4025.97,-482.11,-0.07,0,40.44,0.01,-482.11,-0.07,26564.97,2.66,3
998,Entry short,2026-06-25 20:57,M1 scalp down,4025.97,1,4025.97,-482.11,-0.07,0,40.44,0.01,-482.11,-0.07,26564.97,2.66,3
999,Exit long,2026-06-26 17:31,SL,4077.66,1,4082.58,-795.96,-0.12,0,412.54,0.06,-795.96,-0.12,25769.01,2.58,17
999,Entry long,2026-06-26 17:14,M1 scalp up,4082.58,1,4082.58,-795.96,-0.12,0,412.54,0.06,-795.96,-0.12,25769.01,2.58,17
1000,Exit long,2026-06-26 18:10,TSL,4077.42,1,4074.77,428.72,0.07,0,661.68,0.10,-389.89,-0.06,26197.73,2.62,21
1000,Entry long,2026-06-26 17:49,M1 scalp up,4074.77,1,4074.77,428.72,0.07,0,661.68,0.10,-389.89,-0.06,26197.73,2.62,21
1001,Exit long,2026-06-26 19:51,TSL,4070.61,1,4067.39,520.93,0.08,0,682.72,0.10,-64.71,-0.01,26718.66,2.67,5
1001,Entry long,2026-06-26 19:46,M1 scalp up,4067.39,1,4067.39,520.93,0.08,0,682.72,0.10,-64.71,-0.01,26718.66,2.67,5
1002,Exit long,2026-06-26 20:09,SL,4067.55,1,4071.56,-648.74,-0.10,0,6.47,0.00,-648.74,-0.10,26069.92,2.61,4
1002,Entry long,2026-06-26 20:05,M1 scalp up,4071.56,1,4071.56,-648.74,-0.10,0,6.47,0.00,-648.74,-0.10,26069.92,2.61,4
1003,Exit long,2026-06-26 20:47,TSL,4072.84,1,4068.2,750.66,0.11,0,912.44,0.14,-213.55,-0.03,26820.59,2.68,14
1003,Entry long,2026-06-26 20:33,M1 scalp up,4068.2,1,4068.2,750.66,0.11,0,912.44,0.14,-213.55,-0.03,26820.59,2.68,14
1004,Exit short,2026-06-29 16:49,SL,4025.97,1,4021.91,-656.47,-0.10,0,0,0.00,-656.47,-0.10,26164.12,2.62,2
1004,Entry short,2026-06-29 16:47,M1 scalp down,4021.91,1,4021.91,-656.47,-0.10,0,0,0.00,-656.47,-0.10,26164.12,2.62,2
1005,Exit short,2026-06-29 17:27,TSL,4024.22,1,4028.15,635.45,0.10,0,797.14,0.12,-640.3,-0.10,26799.57,2.68,21
1005,Entry short,2026-06-29 17:06,M1 scalp down,4028.15,1,4028.15,635.45,0.10,0,797.14,0.12,-640.3,-0.10,26799.57,2.68,21
1006,Exit short,2026-06-29 17:48,TSL,4021.85,1,4024.41,413.93,0.06,0,575.62,0.09,-12.94,0.00,27213.5,2.72,5
1006,Entry short,2026-06-29 17:43,M1 scalp down,4024.41,1,4024.41,413.93,0.06,0,575.62,0.09,-12.94,0.00,27213.5,2.72,5
1007,Exit short,2026-06-29 22:01,SL,4019.22,1,4015.36,-625.04,-0.10,0,399.38,0.06,-625.04,-0.10,26588.45,2.66,58
1007,Entry short,2026-06-29 20:03,M1 scalp down,4015.36,1,4015.36,-625.04,-0.10,0,399.38,0.06,-625.04,-0.10,26588.45,2.66,58
1008,Exit long,2026-06-30 16:44,TSL,4030.87,1,4028.46,390.25,0.06,0,594.28,0.09,-182.98,-0.03,26978.7,2.70,16
1008,Entry long,2026-06-30 16:28,M1 scalp up,4028.46,1,4028.46,390.25,0.06,0,594.28,0.09,-182.98,-0.03,26978.7,2.70,16
1009,Exit long,2026-06-30 17:05,SL,4024.42,1,4028.8,-709.24,-0.11,0,124.68,0.02,-709.24,-0.11,26269.46,2.63,9
1009,Entry long,2026-06-30 16:56,M1 scalp up,4028.8,1,4028.8,-709.24,-0.11,0,124.68,0.02,-709.24,-0.11,26269.46,2.63,9
1010,Exit short,2026-06-30 19:54,TSL,4016.91,1,4022.66,931.09,0.14,0,1093.01,0.17,-4.86,0.00,27200.54,2.72,12
1010,Entry short,2026-06-30 19:42,M1 scalp down,4022.66,1,4022.66,931.09,0.14,0,1093.01,0.17,-4.86,0.00,27200.54,2.72,12
1011,Exit short,2026-06-30 20:27,TSL,4014.58,1,4017.99,552.17,0.08,0,714.1,0.11,-503.6,-0.08,27752.72,2.78,23
1011,Entry short,2026-06-30 20:04,M1 scalp down,4017.99,1,4017.99,552.17,0.08,0,714.1,0.11,-503.6,-0.08,27752.72,2.78,23
1012,Exit short,2026-06-30 20:56,TSL,4008.3,2,8022.48,952.14,0.07,0,1114.06,0.09,-25.91,0.00,28704.85,2.87,4
1012,Entry short,2026-06-30 20:52,M1 scalp down,4011.24,2,8022.48,952.14,0.07,0,1114.06,0.09,-25.91,0.00,28704.85,2.87,4
1013,Exit long,2026-07-01 18:18,SL,4065.96,1,4070.19,-687.45,-0.10,0,91.01,0.01,-687.45,-0.10,28017.4,2.80,23
1013,Entry long,2026-07-01 17:55,M1 scalp up,4070.19,1,4070.19,-687.45,-0.10,0,91.01,0.01,-687.45,-0.10,28017.4,2.80,23
1014,Exit long,2026-07-01 19:44,SL,4053.59,1,4057.65,-659.82,-0.10,0,84.51,0.01,-659.82,-0.10,27357.58,2.74,11
1014,Entry long,2026-07-01 19:33,M1 scalp up,4057.65,1,4057.65,-659.82,-0.10,0,84.51,0.01,-659.82,-0.10,27357.58,2.74,11
1015,Exit long,2026-07-01 19:50,SL,4049.01,1,4052.77,-611.07,-0.09,0,65.01,0.01,-611.07,-0.09,26746.51,2.67,1
1015,Entry long,2026-07-01 19:49,M1 scalp up,4052.77,1,4052.77,-611.07,-0.09,0,65.01,0.01,-611.07,-0.09,26746.51,2.67,1
1016,Exit long,2026-07-01 20:46,SL,4032.17,1,4036.28,-667.95,-0.10,0,22.75,0.00,-667.95,-0.10,26078.56,2.61,11
1016,Entry long,2026-07-01 20:35,M1 scalp up,4036.28,1,4036.28,-667.95,-0.10,0,22.75,0.00,-667.95,-0.10,26078.56,2.61,11
1017,Exit long,2026-07-01 20:52,TSL,4032.79,1,4032.35,71.51,0.01,0,552.56,0.08,-24.38,0.00,26150.07,2.62,3
1017,Entry long,2026-07-01 20:49,M1 scalp up,4032.35,1,4032.35,71.51,0.01,0,552.56,0.08,-24.38,0.00,26150.07,2.62,3
1018,Exit long,2026-07-01 22:03,TSL,4037.35,1,4032.27,825.85,0.13,0,988.42,0.15,-380.29,-0.06,26975.92,2.70,8
1018,Entry long,2026-07-01 20:55,M1 scalp up,4032.27,1,4032.27,825.85,0.13,0,988.42,0.15,-380.29,-0.06,26975.92,2.70,8
1019,Exit long,2026-07-02 20:21,TSL,4123.46,1,4119.6,627.52,0.09,0,816.1,0.12,-78.03,-0.01,27603.44,2.76,3
1019,Entry long,2026-07-02 20:18,M1 scalp up,4119.6,1,4119.6,627.52,0.09,0,816.1,0.12,-78.03,-0.01,27603.44,2.76,3
1020,Exit long,2026-07-02 20:47,SL,4119.71,1,4123.11,-552.73,-0.08,0,87.79,0.01,-552.73,-0.08,27050.7,2.71,12
1020,Entry long,2026-07-02 20:35,M1 scalp up,4123.11,1,4123.11,-552.73,-0.08,0,87.79,0.01,-552.73,-0.08,27050.7,2.71,12
1021,Exit long,2026-07-02 20:58,TSL,4123.16,1,4119.69,564.11,0.08,0,726.68,0.11,-71.53,-0.01,27614.82,2.76,5
1021,Entry long,2026-07-02 20:53,M1 scalp up,4119.69,1,4119.69,564.11,0.08,0,726.68,0.11,-71.53,-0.01,27614.82,2.76,5
1022,Exit long,2026-07-03 14:48,TSL,4166.96,1,4163.9,492.95,0.07,0,660.49,0.10,-46.72,-0.01,28107.77,2.81,3
1022,Entry long,2026-07-03 14:45,M1 scalp up,4163.9,1,4163.9,492.95,0.07,0,660.49,0.10,-46.72,-0.01,28107.77,2.81,3
1023,Exit long,2026-07-03 15:30,SL,4166.81,1,4170.87,-654.05,-0.10,0,178.82,0.03,-654.05,-0.10,27453.72,2.75,11
1023,Entry long,2026-07-03 15:19,M1 scalp up,4170.87,1,4170.87,-654.05,-0.10,0,178.82,0.03,-654.05,-0.10,27453.72,2.75,11
1024,Exit long,2026-07-03 16:35,TSL,4168.77,1,4166.37,386.63,0.06,0,631.5,0.09,-594.44,-0.09,27840.35,2.78,63
1024,Entry long,2026-07-03 15:32,M1 scalp up,4166.37,1,4166.37,386.63,0.06,0,631.5,0.09,-594.44,-0.09,27840.35,2.78,63
1025,Exit long,2026-07-06 16:33,TSL,4147.31,1,4144.79,406.54,0.06,0,588.84,0.09,-725.96,-0.11,28246.89,2.82,31
1025,Entry long,2026-07-06 16:02,M1 scalp up,4144.79,1,4144.79,406.54,0.06,0,588.84,0.09,-725.96,-0.11,28246.89,2.82,31
1026,Exit long,2026-07-06 17:25,TSL,4157.18,1,4153.12,654.98,0.10,0,888.9,0.13,-480.75,-0.07,28901.87,2.89,14
1026,Entry long,2026-07-06 17:11,M1 scalp up,4153.12,1,4153.12,654.98,0.10,0,888.9,0.13,-480.75,-0.07,28901.87,2.89,14
1027,Exit long,2026-07-06 17:52,TSL,4160.23,1,4156.59,587.22,0.09,0,748.55,0.11,-56.46,-0.01,29489.09,2.95,7
1027,Entry long,2026-07-06 17:45,M1 scalp up,4156.59,1,4156.59,587.22,0.09,0,748.55,0.11,-56.46,-0.01,29489.09,2.95,7
1028,Exit long,2026-07-06 19:50,TSL,4163.04,1,4160.6,393.63,0.06,0,554.96,0.08,-130.67,-0.02,29882.73,2.99,14
1028,Entry long,2026-07-06 19:36,M1 scalp up,4160.6,1,4160.6,393.63,0.06,0,554.96,0.08,-130.67,-0.02,29882.73,2.99,14
1029,Exit long,2026-07-06 20:39,TSL,4163.67,1,4161.64,327.49,0.05,0,488.81,0.07,-151.65,-0.02,30210.22,3.02,41
1029,Entry long,2026-07-06 19:58,M1 scalp up,4161.64,1,4161.64,327.49,0.05,0,488.81,0.07,-151.65,-0.02,30210.22,3.02,41
1030,Exit long,2026-07-07 16:53,TSL,4145.69,1,4143.49,356.56,0.05,0,518.63,0.08,-403.56,-0.06,30566.77,3.06,19
1030,Entry long,2026-07-07 16:34,M1 scalp up,4143.49,1,4143.49,356.56,0.05,0,518.63,0.08,-403.56,-0.06,30566.77,3.06,19
1031,Exit long,2026-07-07 17:32,TSL,4147.21,1,4144.16,494.32,0.07,0,656.39,0.10,-575.36,-0.09,31061.09,3.11,21
1031,Entry long,2026-07-07 17:11,M1 scalp up,4144.16,1,4144.16,494.32,0.07,0,656.39,0.10,-575.36,-0.09,31061.09,3.11,21
1032,Exit long,2026-07-07 18:02,SL,4141.61,1,4145.33,-602.91,-0.09,0,16.21,0.00,-602.91,-0.09,30458.19,3.05,12
1032,Entry long,2026-07-07 17:50,M1 scalp up,4145.33,1,4145.33,-602.91,-0.09,0,16.21,0.00,-602.91,-0.09,30458.19,3.05,12
1033,Exit short,2026-07-07 20:38,TSL,4105.23,1,4110.64,876.81,0.13,0,1038.88,0.16,-50.24,-0.01,31334.99,3.13,8
1033,Entry short,2026-07-07 20:30,M1 scalp down,4110.64,1,4110.64,876.81,0.13,0,1038.88,0.16,-50.24,-0.01,31334.99,3.13,8
1034,Exit short,2026-07-07 22:01,TSL,4095.07,1,4106.25,1812.02,0.27,0,2095.66,0.31,0,0.00,33147.02,3.31,3
1034,Entry short,2026-07-07 20:58,M1 scalp down,4106.25,1,4106.25,1812.02,0.27,0,2095.66,0.31,0,0.00,33147.02,3.31,3
1035,Exit short,2026-07-08 20:37,TSL,4072.28,1,4076.62,703.41,0.11,0,865.49,0.13,-278.77,-0.04,33850.43,3.39,7
1035,Entry short,2026-07-08 20:30,M1 scalp down,4076.62,1,4076.62,703.41,0.11,0,865.49,0.13,-278.77,-0.04,33850.43,3.39,7
1036,Exit short,2026-07-08 22:04,TSL,4074.28,1,4076.8,409.69,0.06,0,572.27,0.09,-444.09,-0.07,34260.13,3.43,13
1036,Entry short,2026-07-08 20:51,M1 scalp down,4076.8,1,4076.8,409.69,0.06,0,572.27,0.09,-444.09,-0.07,34260.13,3.43,13
1037,Exit long,2026-07-09 16:12,TSL,4129.7,1,4126.81,469.85,0.07,0,632.42,0.09,-178.83,-0.03,34729.97,3.47,12
1037,Entry long,2026-07-09 16:00,M1 scalp up,4126.81,1,4126.81,469.85,0.07,0,632.42,0.09,-178.83,-0.03,34729.97,3.47,12
1038,Exit long,2026-07-09 16:33,TSL,4137.02,1,4129.12,1284.36,0.19,0,1453.44,0.22,-52.02,-0.01,36014.33,3.60,9
1038,Entry long,2026-07-09 16:24,M1 scalp up,4129.12,1,4129.12,1284.36,0.19,0,1453.44,0.22,-52.02,-0.01,36014.33,3.60,9
1039,Exit long,2026-07-09 17:00,SL,4127.88,1,4132.24,-708.84,-0.11,0,217.85,0.03,-708.84,-0.11,35305.5,3.53,12
1039,Entry long,2026-07-09 16:48,M1 scalp up,4132.24,1,4132.24,-708.84,-0.11,0,217.85,0.03,-708.84,-0.11,35305.5,3.53,12
1040,Exit long,2026-07-09 17:31,TSL,4132.35,1,4126.28,986.84,0.15,0,1259.97,0.19,-199.97,-0.03,36292.34,3.63,20
1040,Entry long,2026-07-09 17:11,M1 scalp up,4126.28,1,4126.28,986.84,0.15,0,1259.97,0.19,-199.97,-0.03,36292.34,3.63,20
1041,Exit long,2026-07-09 19:52,TSL,4122.55,1,4120.3,365.8,0.05,0,528.38,0.08,-224.36,-0.03,36658.14,3.67,10
1041,Entry long,2026-07-09 19:42,M1 scalp up,4120.3,1,4120.3,365.8,0.05,0,528.38,0.08,-224.36,-0.03,36658.14,3.67,10
1042,Exit long,2026-07-09 20:37,TSL,4124.66,1,4121.54,507.24,0.08,0,669.82,0.10,-160.95,-0.02,37165.38,3.72,34
1042,Entry long,2026-07-09 20:03,M1 scalp up,4121.54,1,4121.54,507.24,0.08,0,669.82,0.10,-160.95,-0.02,37165.38,3.72,34
1043,Exit long,2026-07-09 22:01,TSL,4124.31,2,8245.92,438.34,0.03,0,685.11,0.05,-19.51,0.00,37603.71,3.76,14
1043,Entry long,2026-07-09 20:47,M1 scalp up,4122.96,2,8245.92,438.34,0.03,0,685.11,0.05,-19.51,0.00,37603.71,3.76,14
1044,Exit long,2026-07-10 16:48,SL,4107.84,1,4112.26,-717.58,-0.11,0,232.16,0.03,-717.58,-0.11,36886.14,3.69,8
1044,Entry long,2026-07-10 16:40,M1 scalp up,4112.26,1,4112.26,-717.58,-0.11,0,232.16,0.03,-717.58,-0.11,36886.14,3.69,8
1045,Exit short,2026-07-10 18:02,TSL,4101.03,1,4105.2,676.99,0.10,0,839.34,0.13,-275.99,-0.04,37563.13,3.76,50
1045,Entry short,2026-07-10 17:12,M1 scalp down,4105.2,1,4105.2,676.99,0.10,0,839.34,0.13,-275.99,-0.04,37563.13,3.76,50
1046,Exit short,2026-07-10 19:54,SL,4105.63,1,4102.76,-465.94,-0.07,0,139.62,0.02,-465.94,-0.07,37097.19,3.71,15
1046,Entry short,2026-07-10 19:39,M1 scalp down,4102.76,1,4102.76,-465.94,-0.07,0,139.62,0.02,-465.94,-0.07,37097.19,3.71,15
1047,Exit long,2026-07-10 20:54,TSL,4119.04,1,4110.98,1308.52,0.20,0,1493.6,0.22,-110.4,-0.02,38405.71,3.84,37
1047,Entry long,2026-07-10 20:17,M1 scalp up,4110.98,1,4110.98,1308.52,0.20,0,1493.6,0.22,-110.4,-0.02,38405.71,3.84,37
1048,Exit short,2026-07-13 19:36,TSL,3997.18,1,4000.04,462.36,0.07,0,691.92,0.11,-169.75,-0.03,38868.07,3.89,5
1048,Entry short,2026-07-13 19:31,M1 scalp down,4000.04,1,4000.04,462.36,0.07,0,691.92,0.11,-169.75,-0.03,38868.07,3.89,5
1049,Exit short,2026-07-13 20:03,SL,4003.68,1,3998.93,-767.9,-0.12,0,323.33,0.05,-767.9,-0.12,38100.17,3.81,16
1049,Entry short,2026-07-13 19:47,M1 scalp down,3998.93,1,3998.93,-767.9,-0.12,0,323.33,0.05,-767.9,-0.12,38100.17,3.81,16
1050,Exit short,2026-07-13 22:00,SL,4003.24,1,3999.67,-579.88,-0.09,0,412.24,0.06,-579.88,-0.09,37520.29,3.75,31
1050,Entry short,2026-07-13 20:29,M1 scalp down,3999.67,1,3999.67,-579.88,-0.09,0,412.24,0.06,-579.88,-0.09,37520.29,3.75,31
1051,Exit long,2026-07-14 17:25,TSL,4060.52,1,4058.35,352.48,0.05,0,514.91,0.08,-630.23,-0.10,37872.77,3.79,13
1051,Entry long,2026-07-14 17:12,M1 scalp up,4058.35,1,4058.35,352.48,0.05,0,514.91,0.08,-630.23,-0.10,37872.77,3.79,13
1052,Exit long,2026-07-14 18:25,SL,4056.64,1,4060.9,-691.96,-0.10,0,475.92,0.07,-691.96,-0.10,37180.81,3.72,43
1052,Entry long,2026-07-14 17:42,M1 scalp up,4060.9,1,4060.9,-691.96,-0.10,0,475.92,0.07,-691.96,-0.10,37180.81,3.72,43
1053,Exit long,2026-07-14 20:33,SL,4051.39,1,4054.48,-501.91,-0.08,0,173.8,0.03,-501.91,-0.08,36678.9,3.67,21
1053,Entry long,2026-07-14 20:12,M1 scalp up,4054.48,1,4054.48,-501.91,-0.08,0,173.8,0.03,-501.91,-0.08,36678.9,3.67,21
1054,Exit long,2026-07-15 22:01,TSL,4063.81,1,4060.28,572.47,0.09,0,806,0.12,-113.57,-0.02,37251.38,3.73,26
1054,Entry long,2026-07-15 20:35,M1 scalp up,4060.28,1,4060.28,572.47,0.09,0,806,0.12,-113.57,-0.02,37251.38,3.73,26
1055,Exit short,2026-07-16 17:26,TSL,3983.73,1,3988.4,757.35,0.12,0,922.77,0.14,-45.41,-0.01,38008.73,3.80,4
1055,Entry short,2026-07-16 17:22,M1 scalp down,3988.4,1,3988.4,757.35,0.12,0,922.77,0.14,-45.41,-0.01,38008.73,3.80,4
1056,Exit short,2026-07-16 22:03,SL,3979.13,1,3975.3,-621.92,-0.10,0,316.24,0.05,-621.92,-0.10,37386.81,3.74,36
1056,Entry short,2026-07-16 20:27,M1 scalp down,3975.3,1,3975.3,-621.92,-0.10,0,316.24,0.05,-621.92,-0.10,37386.81,3.74,36
1057,Exit long,2026-07-17 17:02,TSL,4018.24,1,4015.85,388.09,0.06,0,550.48,0.08,-185.12,-0.03,37774.89,3.78,4
1057,Entry long,2026-07-17 16:58,M1 scalp up,4015.85,1,4015.85,388.09,0.06,0,550.48,0.08,-185.12,-0.03,37774.89,3.78,4
1058,Exit long,2026-07-17 17:41,SL,4010.25,1,4014.65,-714.48,-0.11,0,211.1,0.03,-714.48,-0.11,37060.41,3.71,28
1058,Entry long,2026-07-17 17:13,M1 scalp up,4014.65,1,4014.65,-714.48,-0.11,0,211.1,0.03,-714.48,-0.11,37060.41,3.71,28
1059,Exit long,2026-07-17 18:30,TSL,4014.87,1,4010.55,701.49,0.11,0,893.1,0.14,-470.91,-0.07,37761.91,3.78,47
1059,Entry long,2026-07-17 17:43,M1 scalp up,4010.55,1,4010.55,701.49,0.11,0,893.1,0.14,-470.91,-0.07,37761.91,3.78,47
1060,Exit short,2026-07-17 19:45,SL,4010.92,1,4007.08,-623.55,-0.10,0,212.72,0.03,-623.55,-0.10,37138.36,3.71,13
1060,Entry short,2026-07-17 19:32,M1 scalp down,4007.08,1,4007.08,-623.55,-0.10,0,212.72,0.03,-623.55,-0.10,37138.36,3.71,13
1061,Exit long,2026-07-17 20:20,SL,4008.97,1,4013.19,-685.25,-0.11,0,84.44,0.01,-685.25,-0.11,36453.11,3.65,14
1061,Entry long,2026-07-17 20:06,M1 scalp up,4013.19,1,4013.19,-685.25,-0.11,0,84.44,0.01,-685.25,-0.11,36453.11,3.65,14
1062,Exit long,2026-07-17 20:46,TSL,4014.94,1,4009.87,823.28,0.13,0,1031.13,0.16,-211.1,-0.03,37276.38,3.73,23
1062,Entry long,2026-07-17 20:23,M1 scalp up,4009.87,1,4009.87,823.28,0.13,0,1031.13,0.16,-211.1,-0.03,37276.38,3.73,23
1063,Exit long,2026-07-20 16:08,TSL,4017.37,1,4012.91,724.11,0.11,0,886.46,0.14,-277.63,-0.04,38000.49,3.80,10
1063,Entry long,2026-07-20 15:58,M1 scalp up,4012.91,1,4012.91,724.11,0.11,0,886.46,0.14,-277.63,-0.04,38000.49,3.80,10
1064,Exit long,2026-07-20 16:41,SL,4009.02,1,4013.53,-732.23,-0.11,0,144.5,0.02,-732.23,-0.11,37268.27,3.73,27
1064,Entry long,2026-07-20 16:14,M1 scalp up,4013.53,1,4013.53,-732.23,-0.11,0,144.5,0.02,-732.23,-0.11,37268.27,3.73,27
1065,Exit short,2026-07-20 17:52,TSL,4004.85,1,4009.41,740.34,0.11,0,902.7,0.14,-589.35,-0.09,38008.61,3.80,54
1065,Entry short,2026-07-20 16:58,M1 scalp down,4009.41,1,4009.41,740.34,0.11,0,902.7,0.14,-589.35,-0.09,38008.61,3.80,54
1066,Exit short,2026-07-20 22:43,TSL,4004.5,1,4008.05,576.81,0.09,0,833.53,0.13,-448.45,-0.07,38585.42,3.86,86
1066,Entry short,2026-07-20 20:17,M1 scalp down,4008.05,1,4008.05,576.81,0.09,0,833.53,0.13,-448.45,-0.07,38585.42,3.86,86
1067,Exit long,2026-07-21 16:37,SL,4072.56,1,4076.37,-619.05,-0.09,0,289.22,0.04,-619.05,-0.09,37966.36,3.80,16
1067,Entry long,2026-07-21 16:21,M1 scalp up,4076.37,1,4076.37,-619.05,-0.09,0,289.22,0.04,-619.05,-0.09,37966.36,3.80,16
1068,Exit long,2026-07-21 17:03,SL,4069.53,1,4073.51,-646.67,-0.10,0,86.11,0.01,-646.67,-0.10,37319.69,3.73,21
1068,Entry long,2026-07-21 16:42,M1 scalp up,4073.51,1,4073.51,-646.67,-0.10,0,86.11,0.01,-646.67,-0.10,37319.69,3.73,21
1069,Exit long,2026-07-21 17:30,TSL,4071.84,1,4069.55,372.08,0.06,0,534.56,0.08,-90.99,-0.01,37691.77,3.77,13
1069,Entry long,2026-07-21 17:17,M1 scalp up,4069.55,1,4069.55,372.08,0.06,0,534.56,0.08,-90.99,-0.01,37691.77,3.77,13
1070,Exit long,2026-07-21 17:42,SL,4066.99,1,4070,-489.07,-0.07,0,66.62,0.01,-489.07,-0.07,37202.7,3.72,8
1070,Entry long,2026-07-21 17:34,M1 scalp up,4070,1,4070,-489.07,-0.07,0,66.62,0.01,-489.07,-0.07,37202.7,3.72,8
1071,Exit long,2026-07-21 18:15,TSL,4071.4,1,4066.96,721.42,0.11,0,883.9,0.13,-24.37,0.00,37924.12,3.79,29
1071,Entry long,2026-07-21 17:46,M1 scalp up,4066.96,1,4066.96,721.42,0.11,0,883.9,0.13,-24.37,0.00,37924.12,3.79,29
1072,Exit long,2026-07-21 20:03,TSL,4084.5,1,4082.73,287.59,0.04,0,602.8,0.09,-118.61,-0.02,38211.71,3.82,27
1072,Entry long,2026-07-21 19:36,M1 scalp up,4082.73,1,4082.73,287.59,0.04,0,602.8,0.09,-118.61,-0.02,38211.71,3.82,27
1073,Exit long,2026-07-21 20:40,SL,4081.23,1,4084.15,-474.44,-0.07,0,165.73,0.02,-474.44,-0.07,37737.27,3.77,27
1073,Entry long,2026-07-21 20:13,M1 scalp up,4084.15,1,4084.15,-474.44,-0.07,0,165.73,0.02,-474.44,-0.07,37737.27,3.77,27
1074,Exit long,2026-07-21 22:01,TSL,4079.44,1,4077.36,339.35,0.05,0,513.92,0.08,-164.11,-0.02,38076.62,3.81,6
1074,Entry long,2026-07-21 20:55,M1 scalp up,4077.36,1,4077.36,339.35,0.05,0,513.92,0.08,-164.11,-0.02,38076.62,3.81,6
1075,Exit long,2026-07-22 16:17,SL,4151.91,1,4156.77,-792.9,-0.12,0,6.53,0.00,-792.9,-0.12,37283.71,3.73,7
1075,Entry long,2026-07-22 16:10,M1 scalp up,4156.77,1,4156.77,-792.9,-0.12,0,6.53,0.00,-792.9,-0.12,37283.71,3.73,7
1076,Exit long,2026-07-22 16:28,SL,4148.67,1,4153.26,-748.85,-0.11,0,53.84,0.01,-748.85,-0.11,36534.86,3.65,5
1076,Entry long,2026-07-22 16:23,M1 scalp up,4153.26,1,4153.26,-748.85,-0.11,0,53.84,0.01,-748.85,-0.11,36534.86,3.65,5
1077,Exit long,2026-07-22 16:59,TSL,4148.05,1,4145.28,451.92,0.07,0,615.07,0.09,-70.15,-0.01,36986.78,3.70,7
1077,Entry long,2026-07-22 16:52,M1 scalp up,4145.28,1,4145.28,451.92,0.07,0,615.07,0.09,-70.15,-0.01,36986.78,3.70,7
1078,Exit long,2026-07-22 17:38,SL,4140.27,1,4145.15,-796.17,-0.12,0,401.35,0.06,-796.17,-0.12,36190.61,3.62,36
1078,Entry long,2026-07-22 17:02,M1 scalp up,4145.15,1,4145.15,-796.17,-0.12,0,401.35,0.06,-796.17,-0.12,36190.61,3.62,36
1079,Exit long,2026-07-22 19:35,TSL,4135.37,1,4132.9,402.98,0.06,0,566.13,0.08,-29.37,0.00,36593.59,3.66,4
1079,Entry long,2026-07-22 19:31,M1 scalp up,4132.9,1,4132.9,402.98,0.06,0,566.13,0.08,-29.37,0.00,36593.59,3.66,4
1080,Exit long,2026-07-22 19:54,SL,4130.57,1,4134.04,-566.13,-0.08,0,213.73,0.03,-566.13,-0.08,36027.46,3.60,9
1080,Entry long,2026-07-22 19:45,M1 scalp up,4134.04,1,4134.04,-566.13,-0.08,0,213.73,0.03,-566.13,-0.08,36027.46,3.60,9
1081,Exit long,2026-07-22 20:42,SL,4132.06,1,4135.5,-561.23,-0.08,0,3.26,0.00,-561.23,-0.08,35466.23,3.55,8
1081,Entry long,2026-07-22 20:34,M1 scalp up,4135.5,1,4135.5,-561.23,-0.08,0,3.26,0.00,-561.23,-0.08,35466.23,3.55,8
1082,Exit long,2026-07-22 22:00,SL,4121.46,1,4128.77,-1192.54,-0.18,0,233.3,0.03,-1192.54,-0.18,34273.69,3.43,8
1082,Entry long,2026-07-22 20:52,M1 scalp up,4128.77,1,4128.77,-1192.54,-0.18,0,233.3,0.03,-1192.54,-0.18,34273.69,3.43,8
1083,Exit short,2026-07-23 16:20,TSL,4046.86,1,4049.93,500.83,0.08,0,663.97,0.10,-135.4,-0.02,34774.53,3.48,8
1083,Entry short,2026-07-23 16:12,M1 scalp down,4049.93,1,4049.93,500.83,0.08,0,663.97,0.10,-135.4,-0.02,34774.53,3.48,8
1084,Exit short,2026-07-23 16:36,TSL,4049.05,1,4050.44,226.76,0.03,0,513.88,0.08,-150.09,-0.02,35001.29,3.50,13
1084,Entry short,2026-07-23 16:23,M1 scalp down,4050.44,1,4050.44,226.76,0.03,0,513.88,0.08,-150.09,-0.02,35001.29,3.50,13
1085,Exit short,2026-07-23 17:01,SL,4053.98,1,4050.43,-579.14,-0.09,0,396.43,0.06,-579.14,-0.09,34422.15,3.44,15
1085,Entry short,2026-07-23 16:46,M1 scalp down,4050.43,1,4050.43,-579.14,-0.09,0,396.43,0.06,-579.14,-0.09,34422.15,3.44,15
1086,Exit short,2026-07-23 17:10,TSL,4048.09,1,4052.71,753.7,0.11,0,952.73,0.14,-79.94,-0.01,35175.85,3.52,4
1086,Entry short,2026-07-23 17:06,M1 scalp down,4052.71,1,4052.71,753.7,0.11,0,952.73,0.14,-79.94,-0.01,35175.85,3.52,4
1087,Exit short,2026-07-23 17:36,TSL,4045.53,1,4049.37,626.45,0.09,0,789.59,0.12,-76.67,-0.01,35802.3,3.58,12
1087,Entry short,2026-07-23 17:24,M1 scalp down,4049.37,1,4049.37,626.45,0.09,0,789.59,0.12,-76.67,-0.01,35802.3,3.58,12
1088,Exit short,2026-07-24 00:00,TSL,4047.66,1,4049.96,376.81,0.06,0,540.64,0.08,-233.29,-0.04,36179.11,3.62,188
1088,Entry short,2026-07-23 19:52,M1 scalp down,4049.96,1,4049.96,376.81,0.06,0,540.64,0.08,-233.29,-0.04,36179.11,3.62,188
1089,Exit long,2026-07-24 16:30,SL,4070.65,1,4075.35,-770.01,-0.12,0,457.09,0.07,-770.01,-0.12,35409.1,3.54,17
1089,Entry long,2026-07-24 16:13,M1 scalp up,4075.35,1,4075.35,-770.01,-0.12,0,457.09,0.07,-770.01,-0.12,35409.1,3.54,17
1090,Exit long,2026-07-24 16:45,SL,4066.67,1,4071.01,-711.03,-0.11,0,132.7,0.02,-711.03,-0.11,34698.07,3.47,9
1090,Entry long,2026-07-24 16:36,M1 scalp up,4071.01,1,4071.01,-711.03,-0.11,0,132.7,0.02,-711.03,-0.11,34698.07,3.47,9
1091,Exit short,2026-07-24 17:07,TSL,4065.01,1,4067.39,389.92,0.06,0,553.75,0.08,-176.94,-0.03,35087.99,3.51,9
1091,Entry short,2026-07-24 16:58,M1 scalp down,4067.39,1,4067.39,389.92,0.06,0,553.75,0.08,-176.94,-0.03,35087.99,3.51,9
1092,Exit short,2026-07-24 17:55,TSL,4064.07,1,4066.78,443.98,0.07,0,607.81,0.09,-506.24,-0.08,35531.98,3.55,35
1092,Entry short,2026-07-24 17:20,M1 scalp down,4066.78,1,4066.78,443.98,0.07,0,607.81,0.09,-506.24,-0.08,35531.98,3.55,35
1093,Exit short,2026-07-24 19:51,TSL,4054.72,1,4057.28,419.41,0.06,0,583.24,0.09,-27.85,0.00,35951.38,3.60,5
1093,Entry short,2026-07-24 19:46,M1 scalp down,4057.28,1,4057.28,419.41,0.06,0,583.24,0.09,-27.85,0.00,35951.38,3.60,5
1094,Exit short,2026-07-24 20:35,TSL,4052.26,2,8106.4,308,0.02,0,530.81,0.04,-514.43,-0.04,36259.38,3.63,11
1094,Entry short,2026-07-24 20:24,M1 scalp down,4053.2,2,8106.4,308,0.02,0,530.81,0.04,-514.43,-0.04,36259.38,3.63,11
1095,Exit short,2026-07-24 20:56,TSL,4052.82,2,8108.72,504.6,0.04,0,668.43,0.05,-652.05,-0.05,36763.98,3.68,16
1095,Entry short,2026-07-24 20:40,M1 scalp down,4054.36,2,8108.72,504.6,0.04,0,668.43,0.05,-652.05,-0.05,36763.98,3.68,16
1096,Exit short,2026-07-27 16:07,SL,4081.04,1,4076.09,-810.93,-0.12,0,245.74,0.04,-810.93,-0.12,35953.06,3.60,22
1096,Entry short,2026-07-27 15:45,M1 scalp down,4076.09,1,4076.09,-810.93,-0.12,0,245.74,0.04,-810.93,-0.12,35953.06,3.60,22
1097,Exit long,2026-07-27 17:03,SL,4076.38,1,4080.86,-733.93,-0.11,0,13.11,0.00,-733.93,-0.11,35219.13,3.52,2
1097,Entry long,2026-07-27 17:01,M1 scalp up,4080.86,1,4080.86,-733.93,-0.11,0,13.11,0.00,-733.93,-0.11,35219.13,3.52,2
1098,Exit short,2026-07-27 17:36,TSL,4073.28,1,4075.36,340.75,0.05,0,520.96,0.08,-240.82,-0.04,35559.88,3.56,7
1098,Entry short,2026-07-27 17:29,M1 scalp down,4075.36,1,4075.36,340.75,0.05,0,520.96,0.08,-240.82,-0.04,35559.88,3.56,7
1099,Exit short,2026-07-27 18:03,SL,4078.76,1,4074.8,-648.74,-0.10,0,103.21,0.02,-648.74,-0.10,34911.13,3.49,16
1099,Entry short,2026-07-27 17:47,M1 scalp down,4074.8,1,4074.8,-648.74,-0.10,0,103.21,0.02,-648.74,-0.10,34911.13,3.49,16
1100,Exit long,2026-07-27 20:03,SL,4082.37,1,4086,-594.68,-0.09,0,32.76,0.00,-594.68,-0.09,34316.45,3.43,6
1100,Entry long,2026-07-27 19:57,M1 scalp up,4086,1,4086,-594.68,-0.09,0,32.76,0.00,-594.68,-0.09,34316.45,3.43,6
1101,Exit long,2026-07-27 20:29,SL,4078.98,1,4081.98,-491.47,-0.07,0,63.89,0.01,-491.47,-0.07,33824.98,3.38,16
1101,Entry long,2026-07-27 20:13,M1 scalp up,4081.98,1,4081.98,-491.47,-0.07,0,63.89,0.01,-491.47,-0.07,33824.98,3.38,16
1102,Exit short,2026-07-28 16:28,TSL,4043.69,1,4045.66,322.52,0.05,0,504.25,0.08,-55.66,-0.01,34147.51,3.41,16
1102,Entry short,2026-07-28 16:12,M1 scalp down,4045.66,1,4045.66,322.52,0.05,0,504.25,0.08,-55.66,-0.01,34147.51,3.41,16
1103,Exit short,2026-07-28 17:20,TSL,4036.44,1,4038.64,360.18,0.05,0,561.55,0.08,-402.75,-0.06,34507.68,3.45,18
1103,Entry short,2026-07-28 17:02,M1 scalp down,4038.64,1,4038.64,360.18,0.05,0,561.55,0.08,-402.75,-0.06,34507.68,3.45,18
1104,Exit short,2026-07-28 17:34,TSL,4035.45,1,4039.33,635.23,0.10,0,798.94,0.12,-70.4,-0.01,35142.91,3.51,6
1104,Entry short,2026-07-28 17:28,M1 scalp down,4039.33,1,4039.33,635.23,0.10,0,798.94,0.12,-70.4,-0.01,35142.91,3.51,6
1105,Exit short,2026-07-28 20:09,TSL,4023.62,1,4025.75,348.72,0.05,0,512.44,0.08,-381.46,-0.06,35491.63,3.55,38
1105,Entry short,2026-07-28 19:31,M1 scalp down,4025.75,1,4025.75,348.72,0.05,0,512.44,0.08,-381.46,-0.06,35491.63,3.55,38
1106,Exit short,2026-07-28 20:27,SL,4027.21,1,4024.57,-432.22,-0.07,0,13.1,0.00,-432.22,-0.07,35059.41,3.51,11
1106,Entry short,2026-07-28 20:16,M1 scalp down,4024.57,1,4024.57,-432.22,-0.07,0,13.1,0.00,-432.22,-0.07,35059.41,3.51,11
1107,Exit short,2026-07-28 22:03,TSL,4026.12,1,4028.94,462.04,0.07,0,625.88,0.09,-217.74,-0.03,35521.46,3.55,22
1107,Entry short,2026-07-28 20:41,M1 scalp down,4028.94,1,4028.94,462.04,0.07,0,625.88,0.09,-217.74,-0.03,35521.46,3.55,22
1108,Exit short,2026-07-29 16:52,SL,4021.24,1,4016.45,-784.81,-0.12,0,257.24,0.04,-784.81,-0.12,34736.64,3.47,22
1108,Entry short,2026-07-29 16:30,M1 scalp down,4016.45,1,4016.45,-784.81,-0.12,0,257.24,0.04,-784.81,-0.12,34736.64,3.47,22
1109,Exit long,2026-07-30 16:57,TSL,4109.53,1,4107.39,349.66,0.05,0,539.19,0.08,-125.81,-0.02,35086.3,3.51,3
1109,Entry long,2026-07-30 16:54,M1 scalp up,4107.39,1,4107.39,349.66,0.05,0,539.19,0.08,-125.81,-0.02,35086.3,3.51,3
1110,Exit long,2026-07-30 17:29,SL,4103.47,1,4108.14,-763.04,-0.11,0,99.67,0.01,-763.04,-0.11,34323.26,3.43,26
1110,Entry long,2026-07-30 17:03,M1 scalp up,4108.14,1,4108.14,-763.04,-0.11,0,99.67,0.01,-763.04,-0.11,34323.26,3.43,26
1111,Exit long,2026-07-30 20:02,TSL,4114.55,1,4112.01,415.01,0.06,0,578.4,0.09,-457.49,-0.07,34738.28,3.47,20
1111,Entry long,2026-07-30 19:42,M1 scalp up,4112.01,1,4112.01,415.01,0.06,0,578.4,0.09,-457.49,-0.07,34738.28,3.47,20
1112,Exit long,2026-07-30 20:31,SL,4109.1,1,4113.41,-704.22,-0.10,0,93.13,0.01,-704.22,-0.10,34034.06,3.40,11
1112,Entry long,2026-07-30 20:20,M1 scalp up,4113.41,1,4113.41,-704.22,-0.10,0,93.13,0.01,-704.22,-0.10,34034.06,3.40,11
1113,Exit short,2026-07-31 16:17,TSL,4044.35,1,4046.46,336.54,0.05,0,531.13,0.08,-70.18,-0.01,34370.6,3.44,3
1113,Entry short,2026-07-31 16:14,M1 scalp down,4046.46,1,4046.46,336.54,0.05,0,531.13,0.08,-70.18,-0.01,34370.6,3.44,3
1114,Exit short,2026-07-31 16:44,TSL,4042.97,1,4046.27,526.34,0.08,0,685.84,0.11,-574.19,-0.09,34896.94,3.49,22
1114,Entry short,2026-07-31 16:22,M1 scalp down,4046.27,1,4046.27,526.34,0.08,0,685.84,0.11,-574.19,-0.09,34896.94,3.49,22
1115,Exit short,2026-07-31 17:12,TSL,4042.54,1,4045.13,413.1,0.06,0,572.59,0.09,-82.94,-0.01,35310.04,3.53,10
1115,Entry short,2026-07-31 17:02,M1 scalp down,4045.13,1,4045.13,413.1,0.06,0,572.59,0.09,-82.94,-0.01,35310.04,3.53,10
1116,Exit short,2026-07-31 17:28,SL,4049.56,1,4045.57,-636.39,-0.10,0,119.62,0.02,-636.39,-0.10,34673.64,3.47,13
1116,Entry short,2026-07-31 17:15,M1 scalp down,4045.57,1,4045.57,-636.39,-0.10,0,119.62,0.02,-636.39,-0.10,34673.64,3.47,13
1117,Exit short,2026-07-31 19:43,SL,4052.81,1,4050.03,-443.4,-0.07,0,41.47,0.01,-443.4,-0.07,34230.24,3.42,9
1117,Entry short,2026-07-31 19:34,M1 scalp down,4050.03,1,4050.03,-443.4,-0.07,0,41.47,0.01,-443.4,-0.07,34230.24,3.42,9
1118,Exit short,2026-07-31 19:53,TSL,4051.99,1,4054.58,413.1,0.06,0,572.59,0.09,-113.24,-0.02,34643.34,3.46,4
1118,Entry short,2026-07-31 19:49,M1 scalp down,4054.58,1,4054.58,413.1,0.06,0,572.59,0.09,-113.24,-0.02,34643.34,3.46,4
1119,Exit short,2026-07-31 20:35,SL,4051.76,1,4048.13,-578.97,-0.09,0,239.25,0.04,-578.97,-0.09,34064.37,3.41,16
1119,Entry short,2026-07-31 20:19,M1 scalp down,4048.13,1,4048.13,-578.97,-0.09,0,239.25,0.04,-578.97,-0.09,34064.37,3.41,16
1120,Exit short,2026-07-31 20:54,TSL,4047.74,1,4052.12,698.6,0.11,0,1114.88,0.17,-14.35,0.00,34762.96,3.48,12
1120,Entry short,2026-07-31 20:42,M1 scalp down,4052.12,1,4052.12,698.6,0.11,0,1114.88,0.17,-14.35,0.00,34762.96,3.48,12