Trade number,Type,Date and time,Signal,Price USD,Size (qty),Size (value),Net PnL JPY,Return %,Commission JPY,Favorable excursion JPY,Favorable excursion %,Adverse excursion JPY,Adverse excursion %,Cumulative PnL JPY,Cumulative PnL %,Duration (bars)
1,Exit long,2025-09-02 15:46,TSL,3515.58,1,3512.11,510.68,0.10,0,657.85,0.13,-70.64,-0.01,510.68,0.05,5
1,Entry long,2025-09-02 15:41,M1 scalp up,3512.11,1,3512.11,510.68,0.10,0,657.85,0.13,-70.64,-0.01,510.68,0.05,5
2,Exit long,2025-09-02 16:53,TSL,3527.69,1,3525.36,342.91,0.07,0,490.08,0.09,-8.83,0.00,853.59,0.09,9
2,Entry long,2025-09-02 16:44,M1 scalp up,3525.36,1,3525.36,342.91,0.07,0,490.08,0.09,-8.83,0.00,853.59,0.09,9
3,Exit long,2025-09-02 17:03,SL,3522.53,1,3525.98,-507.74,-0.10,0,23.55,0.00,-507.74,-0.10,345.85,0.03,1
3,Entry long,2025-09-02 17:02,M1 scalp up,3525.98,1,3525.98,-507.74,-0.10,0,23.55,0.00,-507.74,-0.10,345.85,0.03,1
4,Exit long,2025-09-02 18:13,TSL,3529.02,1,3526.89,313.47,0.06,0,460.64,0.09,-303.17,-0.06,659.32,0.07,38
4,Entry long,2025-09-02 17:35,M1 scalp up,3526.89,1,3526.89,313.47,0.06,0,460.64,0.09,-303.17,-0.06,659.32,0.07,38
5,Exit long,2025-09-02 19:53,SL,3535.83,2,7076.2,-668.15,-0.06,0,47.09,0.00,-668.15,-0.06,-8.83,0.00,0
5,Entry long,2025-09-02 19:53,M1 scalp up,3538.1,2,7076.2,-668.15,-0.06,0,47.09,0.00,-668.15,-0.06,-8.83,0.00,0
6,Exit long,2025-09-02 20:59,SL,3533.11,1,3536.02,-428.26,-0.08,0,73.58,0.01,-428.26,-0.08,-437.09,-0.04,45
6,Entry long,2025-09-02 20:14,M1 scalp up,3536.02,1,3536.02,-428.26,-0.08,0,73.58,0.01,-428.26,-0.08,-437.09,-0.04,45
7,Exit long,2025-09-03 16:33,TSL,3567.7,1,3563.21,666.15,0.13,0,814.51,0.15,-299.69,-0.06,229.05,0.02,54
7,Entry long,2025-09-03 15:39,M1 scalp up,3563.21,1,3563.21,666.15,0.13,0,814.51,0.15,-299.69,-0.06,229.05,0.02,54
8,Exit long,2025-09-03 17:15,TSL,3572.18,2,7141.82,376.84,0.04,0,611.25,0.06,-207.71,-0.02,605.89,0.06,6
8,Entry long,2025-09-03 17:09,M1 scalp up,3570.91,2,7141.82,376.84,0.04,0,611.25,0.06,-207.71,-0.02,605.89,0.06,6
9,Exit long,2025-09-03 17:30,TSL,3571.73,2,7142.22,183.97,0.02,0,474.76,0.04,-112.76,-0.01,789.86,0.08,5
9,Entry long,2025-09-03 17:25,M1 scalp up,3571.11,2,7142.22,183.97,0.02,0,474.76,0.04,-112.76,-0.01,789.86,0.08,5
10,Exit long,2025-09-03 19:43,TSL,3564.73,1,3561.91,418.38,0.08,0,566.74,0.11,-38.57,-0.01,1208.24,0.12,11
10,Entry long,2025-09-03 19:32,M1 scalp up,3561.91,1,3561.91,418.38,0.08,0,566.74,0.11,-38.57,-0.01,1208.24,0.12,11
11,Exit long,2025-09-03 20:26,TSL,3565.04,1,3562.98,305.63,0.06,0,453.99,0.09,-255.18,-0.05,1513.87,0.15,40
11,Entry long,2025-09-03 19:46,M1 scalp up,3562.98,1,3562.98,305.63,0.06,0,453.99,0.09,-255.18,-0.05,1513.87,0.15,40
12,Exit long,2025-09-03 20:49,SL,3560.2,1,3562.75,-378.32,-0.07,0,206.22,0.04,-378.32,-0.07,1135.54,0.11,18
12,Entry long,2025-09-03 20:31,M1 scalp up,3562.75,1,3562.75,-378.32,-0.07,0,206.22,0.04,-378.32,-0.07,1135.54,0.11,18
13,Exit long,2025-09-03 22:31,TSL,3563.21,1,3559.62,531.41,0.10,0,679.44,0.13,-143.91,-0.03,1666.96,0.17,35
13,Entry long,2025-09-03 20:56,M1 scalp up,3559.62,1,3559.62,531.41,0.10,0,679.44,0.13,-143.91,-0.03,1666.96,0.17,35
14,Exit long,2025-09-04 15:27,SL,3543.12,1,3547,-574.34,-0.11,0,106.58,0.02,-574.34,-0.11,1092.61,0.11,6
14,Entry long,2025-09-04 15:21,M1 scalp up,3547,1,3547,-574.34,-0.11,0,106.58,0.02,-574.34,-0.11,1092.61,0.11,6
15,Exit long,2025-09-04 16:22,TSL,3555.2,1,3551.96,479.6,0.09,0,630.59,0.12,-16.28,0.00,1572.22,0.16,11
15,Entry long,2025-09-04 16:11,M1 scalp up,3551.96,1,3551.96,479.6,0.09,0,630.59,0.12,-16.28,0.00,1572.22,0.16,11
16,Exit long,2025-09-04 17:10,TSL,3554.47,1,3552.03,361.18,0.07,0,509.21,0.10,-405.59,-0.08,1933.4,0.19,46
16,Entry long,2025-09-04 16:24,M1 scalp up,3552.03,1,3552.03,361.18,0.07,0,509.21,0.10,-405.59,-0.08,1933.4,0.19,46
17,Exit long,2025-09-04 17:25,SL,3550.05,1,3552.77,-402.63,-0.08,0,19.24,0.00,-402.63,-0.08,1530.77,0.15,13
17,Entry long,2025-09-04 17:12,M1 scalp up,3552.77,1,3552.77,-402.63,-0.08,0,19.24,0.00,-402.63,-0.08,1530.77,0.15,13
18,Exit long,2025-09-04 17:46,SL,3544.81,1,3547.83,-447.04,-0.09,0,165.79,0.03,-447.04,-0.09,1083.73,0.11,15
18,Entry long,2025-09-04 17:31,M1 scalp up,3547.83,1,3547.83,-447.04,-0.09,0,165.79,0.03,-447.04,-0.09,1083.73,0.11,15
19,Exit long,2025-09-04 18:41,TSL,3546.71,1,3543.58,463.32,0.09,0,611.35,0.12,-149.51,-0.03,1547.05,0.15,49
19,Entry long,2025-09-04 17:52,M1 scalp up,3543.58,1,3543.58,463.32,0.09,0,611.35,0.12,-149.51,-0.03,1547.05,0.15,49
20,Exit long,2025-09-04 20:34,SL,3548.31,3,10649.85,-728.29,-0.05,0,239.8,0.02,-728.29,-0.05,818.77,0.08,44
20,Entry long,2025-09-04 19:50,M1 scalp up,3549.95,3,10649.85,-728.29,-0.05,0,239.8,0.02,-728.29,-0.05,818.77,0.08,44
21,Exit long,2025-09-05 16:08,TSL,3597.32,1,3593.14,620.67,0.12,0,804.79,0.15,-294,-0.06,1439.44,0.14,11
21,Entry long,2025-09-05 15:57,M1 scalp up,3593.14,1,3593.14,620.67,0.12,0,804.79,0.15,-294,-0.06,1439.44,0.14,11
22,Exit long,2025-09-05 16:40,SL,3592.94,1,3596.62,-546.43,-0.10,0,184.12,0.03,-546.43,-0.10,893.01,0.09,4
22,Entry long,2025-09-05 16:36,M1 scalp up,3596.62,1,3596.62,-546.43,-0.10,0,184.12,0.03,-546.43,-0.10,893.01,0.09,4
23,Exit long,2025-09-05 17:07,SL,3591.6,1,3594.99,-503.37,-0.09,0,154.43,0.03,-503.37,-0.09,389.64,0.04,10
23,Entry long,2025-09-05 16:57,M1 scalp up,3594.99,1,3594.99,-503.37,-0.09,0,154.43,0.03,-503.37,-0.09,389.64,0.04,10
24,Exit long,2025-09-05 17:47,TSL,3596.28,1,3594.28,296.97,0.06,0,445.46,0.08,-163.33,-0.03,686.61,0.07,9
24,Entry long,2025-09-05 17:38,M1 scalp up,3594.28,1,3594.28,296.97,0.06,0,445.46,0.08,-163.33,-0.03,686.61,0.07,9
25,Exit long,2025-09-05 19:49,TSL,3594.89,2,7186.56,478.12,0.04,0,626.61,0.06,-201.94,-0.02,1164.74,0.12,18
25,Entry long,2025-09-05 19:31,M1 scalp up,3593.28,2,7186.56,478.12,0.04,0,626.61,0.06,-201.94,-0.02,1164.74,0.12,18
26,Exit long,2025-09-05 20:01,SL,3589.31,1,3592.22,-432.09,-0.08,0,11.88,0.00,-432.09,-0.08,732.64,0.07,0
26,Entry long,2025-09-05 20:01,M1 scalp up,3592.22,1,3592.22,-432.09,-0.08,0,11.88,0.00,-432.09,-0.08,732.64,0.07,0
27,Exit long,2025-09-07 22:00,SL,3584.06,1,3588.83,-702.84,-0.13,0,268.76,0.05,-702.84,-0.13,29.8,0.00,43
27,Entry long,2025-09-05 20:17,M1 scalp up,3588.83,1,3588.83,-702.84,-0.13,0,268.76,0.05,-702.84,-0.13,29.8,0.00,43
28,Exit long,2025-09-08 15:27,SL,3637.78,1,3642.59,-708.73,-0.13,0,176.82,0.03,-708.73,-0.13,-678.93,-0.07,7
28,Entry long,2025-09-08 15:20,M1 scalp up,3642.59,1,3642.59,-708.73,-0.13,0,176.82,0.03,-708.73,-0.13,-678.93,-0.07,7
29,Exit long,2025-09-08 15:51,TSL,3639.44,1,3633.86,822.19,0.15,0,971.01,0.18,-94.3,-0.02,143.26,0.01,12
29,Entry long,2025-09-08 15:39,M1 scalp up,3633.86,1,3633.86,822.19,0.15,0,971.01,0.18,-94.3,-0.02,143.26,0.01,12
30,Exit long,2025-09-08 16:15,TSL,3639.73,1,3637.22,369.84,0.07,0,534.87,0.10,-198.92,-0.04,513.1,0.05,13
30,Entry long,2025-09-08 16:02,M1 scalp up,3637.22,1,3637.22,369.84,0.07,0,534.87,0.10,-198.92,-0.04,513.1,0.05,13
31,Exit long,2025-09-08 16:30,TSL,3640.73,1,3638.43,338.9,0.06,0,486.24,0.09,-10.31,0.00,852,0.09,9
31,Entry long,2025-09-08 16:21,M1 scalp up,3638.43,1,3638.43,338.9,0.06,0,486.24,0.09,-10.31,0.00,852,0.09,9
32,Exit long,2025-09-08 17:04,SL,3636.62,1,3639.91,-484.77,-0.09,0,173.87,0.03,-484.77,-0.09,367.23,0.04,29
32,Entry long,2025-09-08 16:35,M1 scalp up,3639.91,1,3639.91,-484.77,-0.09,0,173.87,0.03,-484.77,-0.09,367.23,0.04,29
33,Exit long,2025-09-08 19:58,TSL,3636.7,1,3634.34,347.74,0.06,0,496.56,0.09,-363.94,-0.07,714.96,0.07,165
33,Entry long,2025-09-08 17:13,M1 scalp up,3634.34,1,3634.34,347.74,0.06,0,496.56,0.09,-363.94,-0.07,714.96,0.07,165
34,Exit long,2025-09-08 20:26,SL,3634.63,2,7272.68,-503.92,-0.05,0,94.3,0.01,-503.92,-0.05,211.04,0.02,17
34,Entry long,2025-09-08 20:09,M1 scalp up,3636.34,2,7272.68,-503.92,-0.05,0,94.3,0.01,-503.92,-0.05,211.04,0.02,17
35,Exit long,2025-09-09 16:01,TSL,3645.73,1,3642.64,455.66,0.08,0,603.13,0.11,-145.99,-0.03,666.7,0.07,5
35,Entry long,2025-09-09 15:56,M1 scalp up,3642.64,1,3642.64,455.66,0.08,0,603.13,0.11,-145.99,-0.03,666.7,0.07,5
36,Exit long,2025-09-09 17:35,SL,3642.91,1,3646.49,-527.92,-0.10,0,215.3,0.04,-527.92,-0.10,138.78,0.01,76
36,Entry long,2025-09-09 16:19,M1 scalp up,3646.49,1,3646.49,-527.92,-0.10,0,215.3,0.04,-527.92,-0.10,138.78,0.01,76
37,Exit long,2025-09-09 18:31,TSL,3644.14,1,3641.74,353.91,0.07,0,501.38,0.09,-63.41,-0.01,492.7,0.05,47
37,Entry long,2025-09-09 17:44,M1 scalp up,3641.74,1,3641.74,353.91,0.07,0,501.38,0.09,-63.41,-0.01,492.7,0.05,47
38,Exit long,2025-09-09 19:42,SL,3632.61,2,7269.8,-675.39,-0.06,0,409.95,0.04,-675.39,-0.06,-182.69,-0.02,9
38,Entry long,2025-09-09 19:33,M1 scalp up,3634.9,2,7269.8,-675.39,-0.06,0,409.95,0.04,-675.39,-0.06,-182.69,-0.02,9
39,Exit long,2025-09-09 19:49,SL,3629.22,1,3632.14,-430.59,-0.08,0,16.22,0.00,-430.59,-0.08,-613.28,-0.06,3
39,Entry long,2025-09-09 19:46,M1 scalp up,3632.14,1,3632.14,-430.59,-0.08,0,16.22,0.00,-430.59,-0.08,-613.28,-0.06,3
40,Exit long,2025-09-09 20:09,TSL,3631.84,1,3629.3,374.56,0.07,0,522.02,0.10,0,0.00,-238.73,-0.02,9
40,Entry long,2025-09-09 20:00,M1 scalp up,3629.3,1,3629.3,374.56,0.07,0,522.02,0.10,0,0.00,-238.73,-0.02,9
41,Exit long,2025-09-09 20:37,SL,3628.8,2,7261.62,-592.81,-0.06,0,129.77,0.01,-592.81,-0.06,-831.53,-0.08,3
41,Entry long,2025-09-09 20:34,M1 scalp up,3630.81,2,7261.62,-592.81,-0.06,0,129.77,0.01,-592.81,-0.06,-831.53,-0.08,3
42,Exit long,2025-09-09 20:58,SL,3625.9,2,7256.56,-701.93,-0.07,0,412.9,0.04,-701.93,-0.07,-1533.46,-0.15,15
42,Entry long,2025-09-09 20:43,M1 scalp up,3628.28,2,7256.56,-701.93,-0.07,0,412.9,0.04,-701.93,-0.07,-1533.46,-0.15,15
43,Exit long,2025-09-10 13:59,TSL,3650.8,1,3648.61,322.82,0.06,0,470.23,0.09,-255.01,-0.05,-1210.64,-0.12,13
43,Entry long,2025-09-10 13:46,M1 scalp up,3648.61,1,3648.61,322.82,0.06,0,470.23,0.09,-255.01,-0.05,-1210.64,-0.12,13
44,Exit long,2025-09-10 14:36,TSL,3654.42,1,3652.39,299.24,0.06,0,446.64,0.08,-306.61,-0.06,-911.4,-0.09,13
44,Entry long,2025-09-10 14:23,M1 scalp up,3652.39,1,3652.39,299.24,0.06,0,446.64,0.08,-306.61,-0.06,-911.4,-0.09,13
45,Exit long,2025-09-10 14:45,SL,3646.92,1,3650.63,-546.88,-0.10,0,249.12,0.05,-546.88,-0.10,-1458.28,-0.15,3
45,Entry long,2025-09-10 14:42,M1 scalp up,3650.63,1,3650.63,-546.88,-0.10,0,249.12,0.05,-546.88,-0.10,-1458.28,-0.15,3
46,Exit long,2025-09-10 15:00,TSL,3646.98,1,3644.14,418.64,0.08,0,579.31,0.11,-14.74,0.00,-1039.65,-0.10,6
46,Entry long,2025-09-10 14:54,M1 scalp up,3644.14,1,3644.14,418.64,0.08,0,579.31,0.11,-14.74,0.00,-1039.65,-0.10,6
47,Exit long,2025-09-10 15:16,TSL,3647.35,1,3644.14,473.18,0.09,0,620.58,0.12,-39.8,-0.01,-566.47,-0.06,9
47,Entry long,2025-09-10 15:07,M1 scalp up,3644.14,1,3644.14,473.18,0.09,0,620.58,0.12,-39.8,-0.01,-566.47,-0.06,9
48,Exit long,2025-09-10 15:25,SL,3639.22,1,3643.45,-623.53,-0.12,0,0,0.00,-623.53,-0.12,-1190,-0.12,1
48,Entry long,2025-09-10 15:24,M1 scalp up,3643.45,1,3643.45,-623.53,-0.12,0,0,0.00,-623.53,-0.12,-1190,-0.12,1
49,Exit long,2025-09-10 16:00,SL,3643.81,1,3646.67,-421.58,-0.08,0,84.02,0.02,-421.58,-0.08,-1611.58,-0.16,4
49,Entry long,2025-09-10 15:56,M1 scalp up,3646.67,1,3646.67,-421.58,-0.08,0,84.02,0.02,-421.58,-0.08,-1611.58,-0.16,4
50,Exit long,2025-09-10 16:28,SL,3641.24,1,3644.73,-514.45,-0.10,0,78.13,0.01,-514.45,-0.10,-2126.04,-0.21,25
50,Entry long,2025-09-10 16:03,M1 scalp up,3644.73,1,3644.73,-514.45,-0.10,0,78.13,0.01,-514.45,-0.10,-2126.04,-0.21,25
51,Exit long,2025-09-10 17:18,TSL,3643.73,2,7285.38,306.61,0.03,0,454.01,0.04,-56.01,-0.01,-1819.43,-0.18,11
51,Entry long,2025-09-10 17:07,M1 scalp up,3642.69,2,7285.38,306.61,0.03,0,454.01,0.04,-56.01,-0.01,-1819.43,-0.18,11
52,Exit long,2025-09-10 17:33,TSL,3645.47,2,7285.92,739.98,0.07,0,887.39,0.08,-398,-0.04,-1079.45,-0.11,12
52,Entry long,2025-09-10 17:21,M1 scalp up,3642.96,2,7285.92,739.98,0.07,0,887.39,0.08,-398,-0.04,-1079.45,-0.11,12
53,Exit long,2025-09-10 18:00,TSL,3647.08,2,7291.3,421.58,0.04,0,568.99,0.05,-88.44,-0.01,-657.86,-0.07,10
53,Entry long,2025-09-10 17:50,M1 scalp up,3645.65,2,7291.3,421.58,0.04,0,568.99,0.05,-88.44,-0.01,-657.86,-0.07,10
54,Exit long,2025-09-10 19:51,TSL,3640.15,1,3635.87,630.9,0.12,0,793.05,0.15,0,0.00,-26.96,0.00,8
54,Entry long,2025-09-10 19:43,M1 scalp up,3635.87,1,3635.87,630.9,0.12,0,793.05,0.15,0,0.00,-26.96,0.00,8
55,Exit long,2025-09-10 20:39,SL,3638.41,1,3640.98,-378.84,-0.07,0,81.07,0.02,-378.84,-0.07,-405.8,-0.04,31
55,Entry long,2025-09-10 20:08,M1 scalp up,3640.98,1,3640.98,-378.84,-0.07,0,81.07,0.02,-378.84,-0.07,-405.8,-0.04,31
56,Exit short,2025-09-11 15:16,SL,3634.77,1,3630.8,-585.41,-0.11,0,73.73,0.01,-585.41,-0.11,-991.21,-0.10,15
56,Entry short,2025-09-11 15:01,M1 scalp down,3630.8,1,3630.8,-585.41,-0.11,0,73.73,0.01,-585.41,-0.11,-991.21,-0.10,15
57,Exit long,2025-09-11 15:48,SL,3632.82,1,3636.18,-495.46,-0.09,0,272.8,0.05,-495.46,-0.09,-1486.67,-0.15,17
57,Entry long,2025-09-11 15:31,M1 scalp up,3636.18,1,3636.18,-495.46,-0.09,0,272.8,0.05,-495.46,-0.09,-1486.67,-0.15,17
58,Exit long,2025-09-11 17:04,SL,3633.1,1,3637.03,-579.51,-0.11,0,306.71,0.06,-579.51,-0.11,-2066.18,-0.21,44
58,Entry long,2025-09-11 16:20,M1 scalp up,3637.03,1,3637.03,-579.51,-0.11,0,306.71,0.06,-579.51,-0.11,-2066.18,-0.21,44
59,Exit long,2025-09-11 18:30,SL,3631.49,1,3634.33,-418.78,-0.08,0,408.46,0.08,-418.78,-0.08,-2484.97,-0.25,59
59,Entry long,2025-09-11 17:31,M1 scalp up,3634.33,1,3634.33,-418.78,-0.08,0,408.46,0.08,-418.78,-0.08,-2484.97,-0.25,59
60,Exit long,2025-09-11 20:30,SL,3634.83,2,7273.02,-495.46,-0.05,0,333.26,0.03,-495.46,-0.05,-2980.43,-0.30,36
60,Entry long,2025-09-11 19:54,M1 scalp up,3636.51,2,7273.02,-495.46,-0.05,0,333.26,0.03,-495.46,-0.05,-2980.43,-0.30,36
61,Exit long,2025-09-12 13:34,TSL,3650.27,1,3647.69,379.79,0.07,0,526.99,0.10,-1.47,0.00,-2600.64,-0.26,3
61,Entry long,2025-09-12 13:31,M1 scalp up,3647.69,1,3647.69,379.79,0.07,0,526.99,0.10,-1.47,0.00,-2600.64,-0.26,3
62,Exit long,2025-09-12 13:42,TSL,3651.17,1,3648.34,416.59,0.08,0,563.8,0.10,-164.87,-0.03,-2184.05,-0.22,6
62,Entry long,2025-09-12 13:36,M1 scalp up,3648.34,1,3648.34,416.59,0.08,0,563.8,0.10,-164.87,-0.03,-2184.05,-0.22,6
63,Exit long,2025-09-12 13:55,TSL,3651.55,1,3647.83,547.6,0.10,0,694.81,0.13,-172.23,-0.03,-1636.45,-0.16,7
63,Entry long,2025-09-12 13:48,M1 scalp up,3647.83,1,3647.83,547.6,0.10,0,694.81,0.13,-172.23,-0.03,-1636.45,-0.16,7
64,Exit long,2025-09-12 14:36,SL,3649.33,1,3652.81,-512.27,-0.10,0,101.57,0.02,-512.27,-0.10,-2148.72,-0.21,6
64,Entry long,2025-09-12 14:30,M1 scalp up,3652.81,1,3652.81,-512.27,-0.10,0,101.57,0.02,-512.27,-0.10,-2148.72,-0.21,6
65,Exit long,2025-09-12 15:05,SL,3645.52,1,3648.77,-478.42,-0.09,0,185.48,0.03,-478.42,-0.09,-2627.14,-0.26,17
65,Entry long,2025-09-12 14:48,M1 scalp up,3648.77,1,3648.77,-478.42,-0.09,0,185.48,0.03,-478.42,-0.09,-2627.14,-0.26,17
66,Exit long,2025-09-12 15:38,TSL,3646.16,1,3643.71,360.65,0.07,0,507.86,0.09,-203.14,-0.04,-2266.49,-0.23,17
66,Entry long,2025-09-12 15:21,M1 scalp up,3643.71,1,3643.71,360.65,0.07,0,507.86,0.09,-203.14,-0.04,-2266.49,-0.23,17
67,Exit long,2025-09-12 17:06,TSL,3648.86,1,3645.19,540.24,0.10,0,687.45,0.13,-379.79,-0.07,-1726.24,-0.17,78
67,Entry long,2025-09-12 15:48,M1 scalp up,3645.19,1,3645.19,540.24,0.10,0,687.45,0.13,-379.79,-0.07,-1726.24,-0.17,78
68,Exit long,2025-09-12 17:29,SL,3647.65,2,7298.92,-532.88,-0.05,0,147.21,0.01,-532.88,-0.05,-2259.13,-0.23,4
68,Entry long,2025-09-12 17:25,M1 scalp up,3649.46,2,7298.92,-532.88,-0.05,0,147.21,0.01,-532.88,-0.05,-2259.13,-0.23,4
69,Exit long,2025-09-12 18:08,SL,3647.22,2,7297.92,-512.27,-0.05,0,320.91,0.03,-512.27,-0.05,-2771.4,-0.28,22
69,Entry long,2025-09-12 17:46,M1 scalp up,3648.96,2,7297.92,-512.27,-0.05,0,320.91,0.03,-512.27,-0.05,-2771.4,-0.28,22
70,Exit long,2025-09-12 20:08,SL,3642.63,2,7288.62,-494.61,-0.05,0,315.02,0.03,-494.61,-0.05,-3266.01,-0.33,11
70,Entry long,2025-09-12 19:57,M1 scalp up,3644.31,2,7288.62,-494.61,-0.05,0,315.02,0.03,-494.61,-0.05,-3266.01,-0.33,11
71,Exit long,2025-09-14 22:03,TSL,3645.41,2,7284.38,950.84,0.09,0,1163.45,0.11,-303.24,-0.03,-2315.17,-0.23,48
71,Entry long,2025-09-12 20:15,M1 scalp up,3642.19,2,7284.38,950.84,0.09,0,1163.45,0.11,-303.24,-0.03,-2315.17,-0.23,48
72,Exit long,2025-09-15 14:00,SL,3655.6,1,3660.46,-717.56,-0.13,0,122.55,0.02,-717.56,-0.13,-3032.73,-0.30,7
72,Entry long,2025-09-15 13:53,M1 scalp up,3660.46,1,3660.46,-717.56,-0.13,0,122.55,0.02,-717.56,-0.13,-3032.73,-0.30,7
73,Exit long,2025-09-15 14:40,TSL,3660.98,1,3658.5,366.16,0.07,0,513.81,0.10,-360.26,-0.07,-2666.56,-0.27,22
73,Entry long,2025-09-15 14:18,M1 scalp up,3658.5,1,3658.5,366.16,0.07,0,513.81,0.10,-360.26,-0.07,-2666.56,-0.27,22
74,Exit long,2025-09-15 15:27,TSL,3666.82,1,3663.72,457.7,0.08,0,605.35,0.11,-32.48,-0.01,-2208.86,-0.22,13
74,Entry long,2025-09-15 15:14,M1 scalp up,3663.72,1,3663.72,457.7,0.08,0,605.35,0.11,-32.48,-0.01,-2208.86,-0.22,13
75,Exit long,2025-09-15 16:39,SL,3677.65,1,3681.24,-530.05,-0.10,0,5.91,0.00,-530.05,-0.10,-2738.91,-0.27,1
75,Entry long,2025-09-15 16:38,M1 scalp up,3681.24,1,3681.24,-530.05,-0.10,0,5.91,0.00,-530.05,-0.10,-2738.91,-0.27,1
76,Exit long,2025-09-15 17:33,TSL,3681.68,1,3678.77,429.65,0.08,0,577.3,0.11,-593.54,-0.11,-2309.26,-0.23,48
76,Entry long,2025-09-15 16:45,M1 scalp up,3678.77,1,3678.77,429.65,0.08,0,577.3,0.11,-593.54,-0.11,-2309.26,-0.23,48
77,Exit long,2025-09-15 17:51,TSL,3681.15,2,7359.82,366.16,0.03,0,528.57,0.05,-17.72,0.00,-1943.1,-0.19,8
77,Entry long,2025-09-15 17:43,M1 scalp up,3679.91,2,7359.82,366.16,0.03,0,528.57,0.05,-17.72,0.00,-1943.1,-0.19,8
78,Exit long,2025-09-15 20:01,SL,3679.34,2,7362.48,-561.05,-0.05,0,76.78,0.01,-561.05,-0.05,-2504.15,-0.25,5
78,Entry long,2025-09-15 19:56,M1 scalp up,3681.24,2,7362.48,-561.05,-0.05,0,76.78,0.01,-561.05,-0.05,-2504.15,-0.25,5
79,Exit long,2025-09-15 20:56,SL,3678.96,2,7361.66,-552.2,-0.05,0,259.86,0.02,-552.2,-0.05,-3056.35,-0.31,40
79,Entry long,2025-09-15 20:16,M1 scalp up,3680.83,2,7361.66,-552.2,-0.05,0,259.86,0.02,-552.2,-0.05,-3056.35,-0.31,40
80,Exit long,2025-09-16 15:06,SL,3681.12,1,3686.11,-735.27,-0.14,0,162.08,0.03,-735.27,-0.14,-3791.62,-0.38,4
80,Entry long,2025-09-16 15:02,M1 scalp up,3686.11,1,3686.11,-735.27,-0.14,0,162.08,0.03,-735.27,-0.14,-3791.62,-0.38,4
81,Exit long,2025-09-16 15:49,TSL,3683.89,1,3679.41,660.12,0.12,0,807.47,0.15,0,0.00,-3131.5,-0.31,5
81,Entry long,2025-09-16 15:44,M1 scalp up,3679.41,1,3679.41,660.12,0.12,0,807.47,0.15,0,0.00,-3131.5,-0.31,5
82,Exit long,2025-09-16 16:24,TSL,3688.47,1,3685.36,458.26,0.08,0,605.6,0.11,-110.51,-0.02,-2673.24,-0.27,17
82,Entry long,2025-09-16 16:07,M1 scalp up,3685.36,1,3685.36,458.26,0.08,0,605.6,0.11,-110.51,-0.02,-2673.24,-0.27,17
83,Exit long,2025-09-16 20:36,TSL,3692.67,1,3688.62,596.76,0.11,0,744.11,0.14,-356.58,-0.07,-2076.48,-0.21,236
83,Entry long,2025-09-16 16:40,M1 scalp up,3688.62,1,3688.62,596.76,0.11,0,744.11,0.14,-356.58,-0.07,-2076.48,-0.21,236
84,Exit long,2025-09-17 14:08,TSL,3680.46,1,3678.2,331.04,0.06,0,477.52,0.09,-276.84,-0.05,-1745.44,-0.17,22
84,Entry long,2025-09-17 13:46,M1 scalp up,3678.2,1,3678.2,331.04,0.06,0,477.52,0.09,-276.84,-0.05,-1745.44,-0.17,22
85,Exit long,2025-09-17 14:41,TSL,3684.6,1,3682.43,317.86,0.06,0,464.33,0.09,-89.35,-0.02,-1427.59,-0.14,15
85,Entry long,2025-09-17 14:26,M1 scalp up,3682.43,1,3682.43,317.86,0.06,0,464.33,0.09,-89.35,-0.02,-1427.59,-0.14,15
86,Exit long,2025-09-17 15:14,TSL,3686.15,1,3683.27,421.85,0.08,0,568.33,0.11,-114.25,-0.02,-1005.73,-0.10,23
86,Entry long,2025-09-17 14:51,M1 scalp up,3683.27,1,3683.27,421.85,0.08,0,568.33,0.11,-114.25,-0.02,-1005.73,-0.10,23
87,Exit long,2025-09-17 16:30,TSL,3687.54,1,3685.22,339.83,0.06,0,486.3,0.09,-354.47,-0.07,-665.91,-0.07,62
87,Entry long,2025-09-17 15:28,M1 scalp up,3685.22,1,3685.22,339.83,0.06,0,486.3,0.09,-354.47,-0.07,-665.91,-0.07,62
88,Exit long,2025-09-17 16:53,SL,3685.16,2,7374.08,-550.75,-0.05,0,278.31,0.03,-550.75,-0.05,-1216.66,-0.12,17
88,Entry long,2025-09-17 16:36,M1 scalp up,3687.04,2,7374.08,-550.75,-0.05,0,278.31,0.03,-550.75,-0.05,-1216.66,-0.12,17
89,Exit long,2025-09-17 17:03,SL,3682.64,2,7368.74,-506.81,-0.05,0,11.72,0.00,-506.81,-0.05,-1723.47,-0.17,2
89,Entry long,2025-09-17 17:01,M1 scalp up,3684.37,2,7368.74,-506.81,-0.05,0,11.72,0.00,-506.81,-0.05,-1723.47,-0.17,2
90,Exit long,2025-09-17 17:20,SL,3680.62,2,7365.04,-556.61,-0.05,0,184.56,0.02,-556.61,-0.05,-2280.08,-0.23,3
90,Entry long,2025-09-17 17:17,M1 scalp up,3682.52,2,7365.04,-556.61,-0.05,0,184.56,0.02,-556.61,-0.05,-2280.08,-0.23,3
91,Exit long,2025-09-17 17:29,TSL,3682.28,1,3679.45,414.53,0.08,0,561.01,0.10,-2.93,0.00,-1865.55,-0.19,3
91,Entry long,2025-09-17 17:26,M1 scalp up,3679.45,1,3679.45,414.53,0.08,0,561.01,0.10,-2.93,0.00,-1865.55,-0.19,3
92,Exit short,2025-09-17 22:08,TSL,3657.98,1,3660.01,298.3,0.06,0,648.02,0.12,-280.66,-0.05,-1567.26,-0.16,39
92,Entry short,2025-09-17 20:29,M1 scalp down,3660.01,1,3660.01,298.3,0.06,0,648.02,0.12,-280.66,-0.05,-1567.26,-0.16,39
93,Exit short,2025-09-18 16:12,SL,3644.22,1,3640.39,-562.8,-0.11,0,213.07,0.04,-562.8,-0.11,-2130.05,-0.21,36
93,Entry short,2025-09-18 15:36,M1 scalp down,3640.39,1,3640.39,-562.8,-0.11,0,213.07,0.04,-562.8,-0.11,-2130.05,-0.21,36
94,Exit short,2025-09-18 16:55,SL,3646.93,2,7289.2,-684.76,-0.06,0,329.15,0.03,-684.76,-0.06,-2814.81,-0.28,15
94,Entry short,2025-09-18 16:40,M1 scalp down,3644.6,2,7289.2,-684.76,-0.06,0,329.15,0.03,-684.76,-0.06,-2814.81,-0.28,15
95,Exit short,2025-09-18 18:02,TSL,3641.45,2,7289.52,972.77,0.09,0,1222.57,0.11,-332.09,-0.03,-1842.04,-0.18,39
95,Entry short,2025-09-18 17:23,M1 scalp down,3644.76,2,7289.52,972.77,0.09,0,1222.57,0.11,-332.09,-0.03,-1842.04,-0.18,39
96,Exit short,2025-09-18 19:54,SL,3645.35,2,7287.2,-514.3,-0.05,0,326.22,0.03,-514.3,-0.05,-2356.35,-0.24,21
96,Entry short,2025-09-18 19:33,M1 scalp down,3643.6,2,7287.2,-514.3,-0.05,0,326.22,0.03,-514.3,-0.05,-2356.35,-0.24,21
97,Exit short,2025-09-18 20:38,TSL,3644.19,2,7292.98,675.94,0.06,0,822.89,0.08,-67.59,-0.01,-1680.4,-0.17,34
97,Entry short,2025-09-18 20:04,M1 scalp down,3646.49,2,7292.98,675.94,0.06,0,822.89,0.08,-67.59,-0.01,-1680.4,-0.17,34
98,Exit long,2025-09-19 14:29,TSL,3663.42,1,3659.89,522.43,0.10,0,676.34,0.12,-541.67,-0.10,-1157.98,-0.12,15
98,Entry long,2025-09-19 14:14,M1 scalp up,3659.89,1,3659.89,522.43,0.10,0,676.34,0.12,-541.67,-0.10,-1157.98,-0.12,15
99,Exit long,2025-09-19 14:55,TSL,3667.57,1,3663.46,608.26,0.11,0,756.26,0.14,-88.8,-0.02,-549.71,-0.05,12
99,Entry long,2025-09-19 14:43,M1 scalp up,3663.46,1,3663.46,608.26,0.11,0,756.26,0.14,-88.8,-0.02,-549.71,-0.05,12
100,Exit long,2025-09-19 15:15,TSL,3671.39,1,3666.45,731.1,0.13,0,929.41,0.17,-183.52,-0.03,181.39,0.02,6
100,Entry long,2025-09-19 15:09,M1 scalp up,3666.45,1,3666.45,731.1,0.13,0,929.41,0.17,-183.52,-0.03,181.39,0.02,6
101,Exit long,2025-09-19 16:24,SL,3667.55,1,3671.61,-600.86,-0.11,0,248.63,0.05,-600.86,-0.11,-419.48,-0.04,55
101,Entry long,2025-09-19 15:29,M1 scalp up,3671.61,1,3671.61,-600.86,-0.11,0,248.63,0.05,-600.86,-0.11,-419.48,-0.04,55
102,Exit long,2025-09-19 17:06,TSL,3669.81,2,7337.48,316.71,0.03,0,497.27,0.05,-372.95,-0.03,-102.77,-0.01,14
102,Entry long,2025-09-19 16:52,M1 scalp up,3668.74,2,7337.48,316.71,0.03,0,497.27,0.05,-372.95,-0.03,-102.77,-0.01,14
103,Exit long,2025-09-19 19:51,TSL,3684.28,2,7364.54,594.94,0.05,0,742.94,0.07,-301.91,-0.03,492.18,0.05,20
103,Entry long,2025-09-19 19:31,M1 scalp up,3682.27,2,7364.54,594.94,0.05,0,742.94,0.07,-301.91,-0.03,492.18,0.05,20
104,Exit long,2025-09-19 20:14,SL,3681.63,2,7367.04,-559.42,-0.05,0,29.6,0.00,-559.42,-0.05,-67.25,-0.01,13
104,Entry long,2025-09-19 20:01,M1 scalp up,3683.52,2,7367.04,-559.42,-0.05,0,29.6,0.00,-559.42,-0.05,-67.25,-0.01,13
105,Exit long,2025-09-22 16:35,TSL,3737.78,1,3735.5,337.34,0.06,0,485.3,0.09,-4.44,0.00,270.1,0.03,22
105,Entry long,2025-09-22 16:13,M1 scalp up,3735.5,1,3735.5,337.34,0.06,0,485.3,0.09,-4.44,0.00,270.1,0.03,22
106,Exit long,2025-09-22 17:10,TSL,3740.13,1,3737.34,412.8,0.07,0,560.76,0.10,-153.88,-0.03,682.9,0.07,19
106,Entry long,2025-09-22 16:51,M1 scalp up,3737.34,1,3737.34,412.8,0.07,0,560.76,0.10,-153.88,-0.03,682.9,0.07,19
107,Exit long,2025-09-22 17:27,TSL,3740.25,2,7478.02,366.94,0.03,0,559.28,0.05,-127.24,-0.01,1049.84,0.10,6
107,Entry long,2025-09-22 17:21,M1 scalp up,3739.01,2,7478.02,366.94,0.03,0,559.28,0.05,-127.24,-0.01,1049.84,0.10,6
108,Exit long,2025-09-22 20:59,SL,3745.49,2,7494.78,-562.24,-0.05,0,290,0.03,-562.24,-0.05,487.6,0.05,55
108,Entry long,2025-09-22 20:04,M1 scalp up,3747.39,2,7494.78,-562.24,-0.05,0,290,0.03,-562.24,-0.05,487.6,0.05,55
109,Exit long,2025-09-23 15:15,TSL,3778.62,1,3773.37,775.48,0.14,0,923.19,0.17,-76.81,-0.01,1263.08,0.13,12
109,Entry long,2025-09-23 15:03,M1 scalp up,3773.37,1,3773.37,775.48,0.14,0,923.19,0.17,-76.81,-0.01,1263.08,0.13,12
110,Exit long,2025-09-23 15:33,TSL,3781,1,3777.77,477.11,0.09,0,624.82,0.11,-36.93,-0.01,1740.19,0.17,8
110,Entry long,2025-09-23 15:25,M1 scalp up,3777.77,1,3777.77,477.11,0.09,0,624.82,0.11,-36.93,-0.01,1740.19,0.17,8
111,Exit long,2025-09-23 15:54,SL,3775.79,1,3778.66,-423.93,-0.08,0,4.43,0.00,-423.93,-0.08,1316.25,0.13,7
111,Entry long,2025-09-23 15:47,M1 scalp up,3778.66,1,3778.66,-423.93,-0.08,0,4.43,0.00,-423.93,-0.08,1316.25,0.13,7
112,Exit long,2025-09-23 16:14,SL,3774.17,1,3777.28,-459.38,-0.08,0,0,0.00,-459.38,-0.08,856.87,0.09,2
112,Entry long,2025-09-23 16:12,M1 scalp up,3777.28,1,3777.28,-459.38,-0.08,0,0,0.00,-459.38,-0.08,856.87,0.09,2
113,Exit long,2025-09-23 16:35,TSL,3777,1,3774.98,298.38,0.05,0,446.09,0.08,-75.33,-0.01,1155.25,0.12,6
113,Entry long,2025-09-23 16:29,M1 scalp up,3774.98,1,3774.98,298.38,0.05,0,446.09,0.08,-75.33,-0.01,1155.25,0.12,6
114,Exit long,2025-09-23 17:27,TSL,3784.71,1,3779.88,713.44,0.13,0,861.16,0.15,0,0.00,1868.69,0.19,10
114,Entry long,2025-09-23 17:17,M1 scalp up,3779.88,1,3779.88,713.44,0.13,0,861.16,0.15,0,0.00,1868.69,0.19,10
115,Exit long,2025-09-23 17:58,SL,3776.53,1,3780.73,-620.39,-0.11,0,87.15,0.02,-620.39,-0.11,1248.31,0.12,27
115,Entry long,2025-09-23 17:31,M1 scalp up,3780.73,1,3780.73,-620.39,-0.11,0,87.15,0.02,-620.39,-0.11,1248.31,0.12,27
116,Exit long,2025-09-23 23:13,TSL,3769.11,1,3765.08,594.99,0.11,0,742.63,0.13,-509.36,-0.09,1843.3,0.18,134
116,Entry long,2025-09-23 19:59,M1 scalp up,3765.08,1,3765.08,594.99,0.11,0,742.63,0.13,-509.36,-0.09,1843.3,0.18,134
117,Exit long,2025-09-24 15:17,TSL,3755.43,1,3753.32,311.52,0.06,0,459.16,0.08,-215.56,-0.04,2154.82,0.22,4
117,Entry long,2025-09-24 15:13,M1 scalp up,3753.32,1,3753.32,311.52,0.06,0,459.16,0.08,-215.56,-0.04,2154.82,0.22,4
118,Exit long,2025-09-24 15:31,SL,3747.89,1,3752.54,-686.53,-0.12,0,16.24,0.00,-686.53,-0.12,1468.29,0.15,3
118,Entry long,2025-09-24 15:28,M1 scalp up,3752.54,1,3752.54,-686.53,-0.12,0,16.24,0.00,-686.53,-0.12,1468.29,0.15,3
119,Exit short,2025-09-24 16:35,TSL,3739.99,1,3742.59,383.87,0.07,0,531.51,0.10,-62.01,-0.01,1852.16,0.19,3
119,Entry short,2025-09-24 16:32,M1 scalp down,3742.59,1,3742.59,383.87,0.07,0,531.51,0.10,-62.01,-0.01,1852.16,0.19,3
120,Exit short,2025-09-24 17:05,TSL,3735.26,1,3738.08,416.35,0.08,0,563.99,0.10,-17.72,0.00,2268.51,0.23,8
120,Entry short,2025-09-24 16:57,M1 scalp down,3738.08,1,3738.08,416.35,0.08,0,563.99,0.10,-17.72,0.00,2268.51,0.23,8
121,Exit short,2025-09-24 17:27,TSL,3735.04,1,3737.3,333.67,0.06,0,518.22,0.09,-225.89,-0.04,2602.18,0.26,20
121,Entry short,2025-09-24 17:07,M1 scalp down,3737.3,1,3737.3,333.67,0.06,0,518.22,0.09,-225.89,-0.04,2602.18,0.26,20
122,Exit short,2025-09-24 18:07,TSL,3729.82,1,3734.61,707.2,0.13,0,875.51,0.16,-98.92,-0.02,3309.38,0.33,15
122,Entry short,2025-09-24 17:52,M1 scalp down,3734.61,1,3734.61,707.2,0.13,0,875.51,0.16,-98.92,-0.02,3309.38,0.33,15
123,Exit short,2025-09-24 19:36,SL,3723.5,1,3720.09,-503.46,-0.09,0,7.38,0.00,-503.46,-0.09,2805.92,0.28,5
123,Entry short,2025-09-24 19:31,M1 scalp down,3720.09,1,3720.09,-503.46,-0.09,0,7.38,0.00,-503.46,-0.09,2805.92,0.28,5
124,Exit short,2025-09-24 19:41,SL,3727.24,1,3723.73,-518.22,-0.09,0,22.15,0.00,-518.22,-0.09,2287.7,0.23,1
124,Entry short,2025-09-24 19:40,M1 scalp down,3723.73,1,3723.73,-518.22,-0.09,0,22.15,0.00,-518.22,-0.09,2287.7,0.23,1
125,Exit short,2025-09-24 20:38,SL,3734.88,1,3731.65,-476.88,-0.09,0,116.64,0.02,-476.88,-0.09,1810.82,0.18,36
125,Entry short,2025-09-24 20:02,M1 scalp down,3731.65,1,3731.65,-476.88,-0.09,0,116.64,0.02,-476.88,-0.09,1810.82,0.18,36
126,Exit short,2025-09-24 22:00,SL,3738.32,2,7473.14,-521.13,-0.05,0,206.7,0.02,-521.13,-0.05,1289.69,0.13,5
126,Entry short,2025-09-24 20:55,M1 scalp down,3736.57,2,7473.14,-521.13,-0.05,0,206.7,0.02,-521.13,-0.05,1289.69,0.13,5
127,Exit short,2025-09-25 16:07,SL,3738.76,1,3733.91,-722.14,-0.13,0,388.62,0.07,-722.14,-0.13,567.55,0.06,27
127,Entry short,2025-09-25 15:40,M1 scalp down,3733.91,1,3733.91,-722.14,-0.13,0,388.62,0.07,-722.14,-0.13,567.55,0.06,27
128,Exit short,2025-09-25 16:45,TSL,3735.25,1,3737.37,315.66,0.06,0,464.55,0.08,-77.43,-0.01,883.2,0.09,3
128,Entry short,2025-09-25 16:42,M1 scalp down,3737.37,1,3737.37,315.66,0.06,0,464.55,0.08,-77.43,-0.01,883.2,0.09,3
129,Exit short,2025-09-25 17:13,SL,3737.81,1,3734.44,-501.78,-0.09,0,2.98,0.00,-501.78,-0.09,381.43,0.04,4
129,Entry short,2025-09-25 17:09,M1 scalp down,3734.44,1,3734.44,-501.78,-0.09,0,2.98,0.00,-501.78,-0.09,381.43,0.04,4
130,Exit short,2025-09-25 17:58,SL,3744.07,1,3740.33,-556.87,-0.10,0,168.25,0.03,-556.87,-0.10,-175.44,-0.02,11
130,Entry short,2025-09-25 17:47,M1 scalp down,3740.33,1,3740.33,-556.87,-0.10,0,168.25,0.03,-556.87,-0.10,-175.44,-0.02,11
131,Exit long,2025-09-25 19:37,SL,3747.1,1,3750.48,-503.27,-0.09,0,113.16,0.02,-503.27,-0.09,-678.7,-0.07,5
131,Entry long,2025-09-25 19:32,M1 scalp up,3750.48,1,3750.48,-503.27,-0.09,0,113.16,0.02,-503.27,-0.09,-678.7,-0.07,5
132,Exit long,2025-09-25 20:09,TSL,3748.64,1,3746.11,376.7,0.07,0,525.6,0.09,-40.2,-0.01,-302,-0.03,12
132,Entry long,2025-09-25 19:57,M1 scalp up,3746.11,1,3746.11,376.7,0.07,0,525.6,0.09,-40.2,-0.01,-302,-0.03,12
133,Exit long,2025-09-25 20:50,TSL,3751.43,1,3748.66,412.44,0.07,0,561.33,0.10,-10.42,0.00,110.44,0.01,26
133,Entry long,2025-09-25 20:24,M1 scalp up,3748.66,1,3748.66,412.44,0.07,0,561.33,0.10,-10.42,0.00,110.44,0.01,26
134,Exit long,2025-09-25 22:01,SL,3748.09,2,7500.32,-620.13,-0.06,0,182.74,0.02,-620.13,-0.06,-509.69,-0.05,5
134,Entry long,2025-09-25 20:56,M1 scalp up,3750.16,2,7500.32,-620.13,-0.06,0,182.74,0.02,-620.13,-0.06,-509.69,-0.05,5
135,Exit long,2025-09-26 15:50,TSL,3778.89,1,3775.5,507.79,0.09,0,657.58,0.12,-59.92,-0.01,-1.9,0.00,11
135,Entry long,2025-09-26 15:39,M1 scalp up,3775.5,1,3775.5,507.79,0.09,0,657.58,0.12,-59.92,-0.01,-1.9,0.00,11
136,Exit long,2025-09-26 16:14,SL,3775.03,1,3778.83,-569.2,-0.10,0,352.01,0.06,-569.2,-0.10,-571.11,-0.06,12
136,Entry long,2025-09-26 16:02,M1 scalp up,3778.83,1,3778.83,-569.2,-0.10,0,352.01,0.06,-569.2,-0.10,-571.11,-0.06,12
137,Exit long,2025-09-26 16:33,TSL,3775.65,1,3772.5,471.84,0.08,0,665.07,0.12,-161.77,-0.03,-99.27,-0.01,5
137,Entry long,2025-09-26 16:28,M1 scalp up,3772.5,1,3772.5,471.84,0.08,0,665.07,0.12,-161.77,-0.03,-99.27,-0.01,5
138,Exit long,2025-09-26 17:15,TSL,3778.04,1,3774.25,567.7,0.10,0,717.49,0.13,-151.29,-0.03,468.44,0.05,23
138,Entry long,2025-09-26 16:52,M1 scalp up,3774.25,1,3774.25,567.7,0.10,0,717.49,0.13,-151.29,-0.03,468.44,0.05,23
139,Exit long,2025-09-26 17:41,TSL,3782.06,1,3778.87,477.83,0.08,0,627.62,0.11,-176.75,-0.03,946.27,0.09,11
139,Entry long,2025-09-26 17:30,M1 scalp up,3778.87,1,3778.87,477.83,0.08,0,627.62,0.11,-176.75,-0.03,946.27,0.09,11
140,Exit long,2025-09-26 18:03,SL,3778.18,1,3781.17,-447.87,-0.08,0,304.07,0.05,-447.87,-0.08,498.4,0.05,12
140,Entry long,2025-09-26 17:51,M1 scalp up,3781.17,1,3781.17,-447.87,-0.08,0,304.07,0.05,-447.87,-0.08,498.4,0.05,12
141,Exit long,2025-09-26 20:40,SL,3763.97,1,3768.32,-651.59,-0.12,0,358,0.06,-651.59,-0.12,-153.19,-0.02,62
141,Entry long,2025-09-26 19:38,M1 scalp up,3768.32,1,3768.32,-651.59,-0.12,0,358,0.06,-651.59,-0.12,-153.19,-0.02,62
142,Exit long,2025-09-28 22:00,SL,3758.18,1,3761.81,-542.58,-0.10,0,110.84,0.02,-542.58,-0.10,-695.77,-0.07,10
142,Entry long,2025-09-26 20:50,M1 scalp up,3761.81,1,3761.81,-542.58,-0.10,0,110.84,0.02,-542.58,-0.10,-695.77,-0.07,10
143,Exit long,2025-09-29 15:34,SL,3822.59,1,3827.21,-690.56,-0.12,0,32.88,0.01,-690.56,-0.12,-1386.34,-0.14,0
143,Entry long,2025-09-29 15:34,M1 scalp up,3827.21,1,3827.21,-690.56,-0.12,0,32.88,0.01,-690.56,-0.12,-1386.34,-0.14,0
144,Exit long,2025-09-29 17:15,SL,3826.77,1,3830.94,-623.3,-0.11,0,381.15,0.07,-623.3,-0.11,-2009.63,-0.20,77
144,Entry long,2025-09-29 15:58,M1 scalp up,3830.94,1,3830.94,-623.3,-0.11,0,381.15,0.07,-623.3,-0.11,-2009.63,-0.20,77
145,Exit long,2025-09-29 17:54,TSL,3829.75,1,3825.93,570.98,0.10,0,720.46,0.13,-279.51,-0.05,-1438.65,-0.14,27
145,Entry long,2025-09-29 17:27,M1 scalp up,3825.93,1,3825.93,570.98,0.10,0,720.46,0.13,-279.51,-0.05,-1438.65,-0.14,27
146,Exit long,2025-09-29 19:49,TSL,3828.79,1,3825.37,511.19,0.09,0,660.67,0.12,0,0.00,-927.46,-0.09,18
146,Entry long,2025-09-29 19:31,M1 scalp up,3825.37,1,3825.37,511.19,0.09,0,660.67,0.12,0,0.00,-927.46,-0.09,18
147,Exit long,2025-09-29 20:17,TSL,3829.67,2,7655.84,523.15,0.05,0,672.62,0.06,-20.93,0.00,-404.3,-0.04,24
147,Entry long,2025-09-29 19:53,M1 scalp up,3827.92,2,7655.84,523.15,0.05,0,672.62,0.06,-20.93,0.00,-404.3,-0.04,24
148,Exit long,2025-09-29 20:46,TSL,3830.51,2,7656.78,633.76,0.06,0,795.19,0.07,-185.35,-0.02,229.46,0.02,24
148,Entry long,2025-09-29 20:22,M1 scalp up,3828.39,2,7656.78,633.76,0.06,0,795.19,0.07,-185.35,-0.02,229.46,0.02,24
149,Exit long,2025-09-30 17:36,TSL,3848.17,1,3845.97,326.77,0.06,0,497.58,0.09,-326.77,-0.06,556.23,0.06,36
149,Entry long,2025-09-30 17:00,M1 scalp up,3845.97,1,3845.97,326.77,0.06,0,497.58,0.09,-326.77,-0.06,556.23,0.06,36
150,Exit long,2025-09-30 18:03,SL,3842.26,1,3845.99,-554.02,-0.10,0,54.96,0.01,-554.02,-0.10,2.2,0.00,18
150,Entry long,2025-09-30 17:45,M1 scalp up,3845.99,1,3845.99,-554.02,-0.10,0,54.96,0.01,-554.02,-0.10,2.2,0.00,18
151,Exit long,2025-09-30 19:53,TSL,3857.64,2,7708.98,935.75,0.08,0,1084.28,0.09,-5.94,0.00,937.95,0.09,4
151,Entry long,2025-09-30 19:49,M1 scalp up,3854.49,2,7708.98,935.75,0.08,0,1084.28,0.09,-5.94,0.00,937.95,0.09,4
152,Exit long,2025-09-30 20:05,SL,3850.94,1,3855.37,-658,-0.11,0,53.47,0.01,-658,-0.11,279.96,0.03,2
152,Entry long,2025-09-30 20:03,M1 scalp up,3855.37,1,3855.37,-658,-0.11,0,53.47,0.01,-658,-0.11,279.96,0.03,2
153,Exit long,2025-10-01 17:38,SL,3867.23,1,3870.06,-418.28,-0.07,0,264.57,0.05,-418.28,-0.07,-138.32,-0.01,54
153,Entry long,2025-10-01 16:44,M1 scalp up,3870.06,1,3870.06,-418.28,-0.07,0,264.57,0.05,-418.28,-0.07,-138.32,-0.01,54
154,Exit long,2025-10-01 20:04,SL,3864.25,1,3867.43,-470.01,-0.08,0,81.29,0.01,-470.01,-0.08,-608.34,-0.06,8
154,Entry long,2025-10-01 19:56,M1 scalp up,3867.43,1,3867.43,-470.01,-0.08,0,81.29,0.01,-470.01,-0.08,-608.34,-0.06,8
155,Exit long,2025-10-01 20:37,TSL,3864.02,1,3861.69,344.38,0.06,0,492.18,0.09,-11.82,0.00,-263.96,-0.03,15
155,Entry long,2025-10-01 20:22,M1 scalp up,3861.69,1,3861.69,344.38,0.06,0,492.18,0.09,-11.82,0.00,-263.96,-0.03,15
156,Exit long,2025-10-01 20:59,TSL,3865.19,2,7727.14,478.88,0.04,0,626.68,0.05,-171.45,-0.02,214.92,0.02,14
156,Entry long,2025-10-01 20:45,M1 scalp up,3863.57,2,7727.14,478.88,0.04,0,626.68,0.05,-171.45,-0.02,214.92,0.02,14
157,Exit short,2025-10-02 17:18,TSL,3844.74,1,3846.42,247.03,0.04,0,489.65,0.09,-157.34,-0.03,461.96,0.05,8
157,Entry short,2025-10-02 17:10,M1 scalp down,3846.42,1,3846.42,247.03,0.04,0,489.65,0.09,-157.34,-0.03,461.96,0.05,8
158,Exit short,2025-10-02 17:29,TSL,3843.56,1,3847.54,585.23,0.10,0,732.27,0.13,-16.17,0.00,1047.19,0.10,4
158,Entry short,2025-10-02 17:25,M1 scalp down,3847.54,1,3847.54,585.23,0.10,0,732.27,0.13,-16.17,0.00,1047.19,0.10,4
159,Exit short,2025-10-02 18:50,SL,3849.43,1,3844.62,-707.28,-0.13,0,216.15,0.04,-707.28,-0.13,339.91,0.03,61
159,Entry short,2025-10-02 17:49,M1 scalp down,3844.62,1,3844.62,-707.28,-0.13,0,216.15,0.04,-707.28,-0.13,339.91,0.03,61
160,Exit short,2025-10-02 19:58,TSL,3854.15,1,3856.89,402.9,0.07,0,580.82,0.10,-8.82,0.00,742.81,0.07,8
160,Entry short,2025-10-02 19:50,M1 scalp down,3856.89,1,3856.89,402.9,0.07,0,580.82,0.10,-8.82,0.00,742.81,0.07,8
161,Exit short,2025-10-02 22:00,SL,3857.15,2,7710.46,-565.46,-0.05,0,164.69,0.01,-565.46,-0.05,177.35,0.02,5
161,Entry short,2025-10-02 20:55,M1 scalp down,3855.23,2,7710.46,-565.46,-0.05,0,164.69,0.01,-565.46,-0.05,177.35,0.02,5
162,Exit long,2025-10-03 16:18,SL,3882.76,1,3887.4,-683.27,-0.12,0,309.24,0.05,-683.27,-0.12,-505.92,-0.05,15
162,Entry long,2025-10-03 16:03,M1 scalp up,3887.4,1,3887.4,-683.27,-0.12,0,309.24,0.05,-683.27,-0.12,-505.92,-0.05,15
163,Exit long,2025-10-03 16:53,TSL,3883.62,1,3881.6,297.46,0.05,0,444.71,0.08,-136.95,-0.02,-208.47,-0.02,24
163,Entry long,2025-10-03 16:29,M1 scalp up,3881.6,1,3881.6,297.46,0.05,0,444.71,0.08,-136.95,-0.02,-208.47,-0.02,24
164,Exit long,2025-10-03 17:25,TSL,3884.97,1,3882.73,329.85,0.06,0,477.11,0.08,-301.87,-0.05,121.39,0.01,24
164,Entry long,2025-10-03 17:01,M1 scalp up,3882.73,1,3882.73,329.85,0.06,0,477.11,0.08,-301.87,-0.05,121.39,0.01,24
165,Exit long,2025-10-03 17:51,SL,3880.62,1,3883.95,-490.36,-0.09,0,268.01,0.05,-490.36,-0.09,-368.97,-0.04,22
165,Entry long,2025-10-03 17:29,M1 scalp up,3883.95,1,3883.95,-490.36,-0.09,0,268.01,0.05,-490.36,-0.09,-368.97,-0.04,22
166,Exit long,2025-10-03 20:18,SL,3884.12,1,3886.68,-376.98,-0.07,0,365.19,0.06,-376.98,-0.07,-745.95,-0.07,33
166,Entry long,2025-10-03 19:45,M1 scalp up,3886.68,1,3886.68,-376.98,-0.07,0,365.19,0.06,-376.98,-0.07,-745.95,-0.07,33
167,Exit long,2025-10-03 20:50,TSL,3885.37,2,7768.5,329.85,0.03,0,565.46,0.05,-465.33,-0.04,-416.1,-0.04,28
167,Entry long,2025-10-03 20:22,M1 scalp up,3884.25,2,7768.5,329.85,0.03,0,565.46,0.05,-465.33,-0.04,-416.1,-0.04,28
168,Exit long,2025-10-06 18:03,TSL,3958.72,1,3955.29,505.79,0.09,0,653.25,0.11,-610.48,-0.10,89.69,0.01,46
168,Entry long,2025-10-06 17:17,M1 scalp up,3955.29,1,3955.29,505.79,0.09,0,653.25,0.11,-610.48,-0.10,89.69,0.01,46
169,Exit long,2025-10-06 19:59,SL,3959.12,1,3961.64,-371.6,-0.06,0,348.01,0.06,-371.6,-0.06,-281.91,-0.03,21
169,Entry long,2025-10-06 19:38,M1 scalp up,3961.64,1,3961.64,-371.6,-0.06,0,348.01,0.06,-371.6,-0.06,-281.91,-0.03,21
170,Exit long,2025-10-06 22:10,TSL,3964.9,1,3959.49,813.37,0.14,0,990.77,0.17,-337.68,-0.06,531.46,0.05,58
170,Entry long,2025-10-06 20:12,M1 scalp up,3959.49,1,3959.49,813.37,0.14,0,990.77,0.17,-337.68,-0.06,531.46,0.05,58
171,Exit long,2025-10-07 17:35,TSL,3983.42,1,3981.3,318.73,0.05,0,469.08,0.08,-205.97,-0.03,850.19,0.09,7
171,Entry long,2025-10-07 17:28,M1 scalp up,3981.3,1,3981.3,318.73,0.05,0,469.08,0.08,-205.97,-0.03,850.19,0.09,7
172,Exit long,2025-10-07 17:53,TSL,3984.67,1,3982.41,339.78,0.06,0,509.67,0.09,0,0.00,1189.97,0.12,2
172,Entry long,2025-10-07 17:51,M1 scalp up,3982.41,1,3982.41,339.78,0.06,0,509.67,0.09,0,0.00,1189.97,0.12,2
173,Exit long,2025-10-07 19:53,TSL,3981.37,1,3979.29,312.72,0.05,0,463.06,0.08,-33.08,-0.01,1502.69,0.15,13
173,Entry long,2025-10-07 19:40,M1 scalp up,3979.29,1,3979.29,312.72,0.05,0,463.06,0.08,-33.08,-0.01,1502.69,0.15,13
174,Exit long,2025-10-07 20:29,TSL,3982.32,1,3980.16,324.75,0.05,0,475.09,0.08,0,0.00,1827.43,0.18,29
174,Entry long,2025-10-07 20:00,M1 scalp up,3980.16,1,3980.16,324.75,0.05,0,475.09,0.08,0,0.00,1827.43,0.18,29
175,Exit long,2025-10-07 22:03,TSL,3985.6,2,7968.82,361.51,0.03,0,513.41,0.04,-492.14,-0.04,2188.95,0.22,4
175,Entry long,2025-10-07 20:59,M1 scalp up,3984.41,2,7968.82,361.51,0.03,0,513.41,0.04,-492.14,-0.04,2188.95,0.22,4
176,Exit long,2025-10-08 15:54,TSL,4047.57,1,4045.39,331.13,0.05,0,483.03,0.08,-37.97,-0.01,2520.08,0.25,5
176,Entry long,2025-10-08 15:49,M1 scalp up,4045.39,1,4045.39,331.13,0.05,0,483.03,0.08,-37.97,-0.01,2520.08,0.25,5
177,Exit long,2025-10-08 16:12,TSL,4053.08,1,4045.74,1114.92,0.18,0,1371.62,0.22,-215.69,-0.04,3635,0.36,12
177,Entry long,2025-10-08 16:00,M1 scalp up,4045.74,1,4045.74,1114.92,0.18,0,1371.62,0.22,-215.69,-0.04,3635,0.36,12
178,Exit long,2025-10-08 17:28,SL,4050.57,1,4055.28,-715.43,-0.12,0,420.75,0.07,-715.43,-0.12,2919.57,0.29,41
178,Entry long,2025-10-08 16:47,M1 scalp up,4055.28,1,4055.28,-715.43,-0.12,0,420.75,0.07,-715.43,-0.12,2919.57,0.29,41
179,Exit long,2025-10-08 20:50,TSL,4043.61,1,4041.34,344.8,0.06,0,499.74,0.08,-455.69,-0.07,3264.37,0.33,24
179,Entry long,2025-10-08 20:26,M1 scalp up,4041.34,1,4041.34,344.8,0.06,0,499.74,0.08,-455.69,-0.07,3264.37,0.33,24
180,Exit long,2025-10-08 22:01,SL,4036.87,1,4040.9,-615.31,-0.10,0,262.78,0.04,-615.31,-0.10,2649.06,0.26,6
180,Entry long,2025-10-08 20:55,M1 scalp up,4040.9,1,4040.9,-615.31,-0.10,0,262.78,0.04,-615.31,-0.10,2649.06,0.26,6
181,Exit short,2025-10-09 20:20,TSL,3975.08,1,3978.76,561.87,0.09,0,740.51,0.12,-33.59,-0.01,3210.93,0.32,5
181,Entry short,2025-10-09 20:15,M1 scalp down,3978.76,1,3978.76,561.87,0.09,0,740.51,0.12,-33.59,-0.01,3210.93,0.32,5
182,Exit short,2025-10-09 22:00,SL,3978.62,1,3975.46,-483.59,-0.08,0,0,0.00,-483.59,-0.08,2727.34,0.27,0
182,Entry short,2025-10-09 22:00,M1 scalp down,3975.46,1,3975.46,-483.59,-0.08,0,0,0.00,-483.59,-0.08,2727.34,0.27,0
183,Exit long,2025-10-13 15:57,TSL,4105.74,1,4098.03,1165.2,0.19,0,1414.56,0.23,-63.47,-0.01,3892.54,0.39,7
183,Entry long,2025-10-13 15:50,M1 scalp up,4098.03,1,4098.03,1165.2,0.19,0,1414.56,0.23,-63.47,-0.01,3892.54,0.39,7
184,Exit long,2025-10-13 16:58,SL,4104.84,1,4109.76,-743.55,-0.12,0,448.85,0.07,-743.55,-0.12,3148.99,0.31,24
184,Entry long,2025-10-13 16:34,M1 scalp up,4109.76,1,4109.76,-743.55,-0.12,0,448.85,0.07,-743.55,-0.12,3148.99,0.31,24
185,Exit long,2025-10-13 19:55,TSL,4109.42,1,4103.55,887.12,0.14,0,1048.83,0.17,-211.58,-0.03,4036.11,0.40,17
185,Entry long,2025-10-13 19:38,M1 scalp up,4103.55,1,4103.55,887.12,0.14,0,1048.83,0.17,-211.58,-0.03,4036.11,0.40,17
186,Exit long,2025-10-13 20:17,TSL,4108.3,1,4106.29,303.77,0.05,0,454.9,0.07,-13.6,0.00,4339.88,0.43,12
186,Entry long,2025-10-13 20:05,M1 scalp up,4106.29,1,4106.29,303.77,0.05,0,454.9,0.07,-13.6,0.00,4339.88,0.43,12
187,Exit long,2025-10-13 20:49,TSL,4111.26,2,8218.04,677.05,0.05,0,933.97,0.08,-519.88,-0.04,5016.93,0.50,17
187,Entry long,2025-10-13 20:32,M1 scalp up,4109.02,2,8218.04,677.05,0.05,0,933.97,0.08,-519.88,-0.04,5016.93,0.50,17
188,Exit long,2025-10-13 22:03,TSL,4112.55,1,4110.25,350.22,0.06,0,504.01,0.08,-219.27,-0.04,5367.15,0.54,4
188,Entry long,2025-10-13 20:59,M1 scalp up,4110.25,1,4110.25,350.22,0.06,0,504.01,0.08,-219.27,-0.04,5367.15,0.54,4
189,Exit long,2025-10-14 19:35,SL,4145.07,1,4148.45,-514.67,-0.08,0,117.25,0.02,-514.67,-0.08,4852.48,0.49,2
189,Entry long,2025-10-14 19:33,M1 scalp up,4148.45,1,4148.45,-514.67,-0.08,0,117.25,0.02,-514.67,-0.08,4852.48,0.49,2
190,Exit long,2025-10-14 22:14,TSL,4155.79,1,4143.65,1843.3,0.29,0,1995.14,0.32,-507.14,-0.08,6695.78,0.67,44
190,Entry long,2025-10-14 20:30,M1 scalp up,4143.65,1,4143.65,1843.3,0.29,0,1995.14,0.32,-507.14,-0.08,6695.78,0.67,44
191,Exit long,2025-10-15 19:50,TSL,4211.56,1,4207.95,548.13,0.09,0,699.97,0.11,-343.15,-0.05,7243.91,0.72,12
191,Entry long,2025-10-15 19:38,M1 scalp up,4207.95,1,4207.95,548.13,0.09,0,699.97,0.11,-343.15,-0.05,7243.91,0.72,12
192,Exit long,2025-10-15 20:03,TSL,4211.82,1,4209.23,393.26,0.06,0,545.09,0.09,-60.73,-0.01,7637.17,0.76,2
192,Entry long,2025-10-15 20:01,M1 scalp up,4209.23,1,4209.23,393.26,0.06,0,545.09,0.09,-60.73,-0.01,7637.17,0.76,2
193,Exit long,2025-10-15 22:11,SL,4205.99,1,4210.17,-631.33,-0.10,0,409.3,0.06,-631.33,-0.10,7005.84,0.70,64
193,Entry long,2025-10-15 20:07,M1 scalp up,4210.17,1,4210.17,-631.33,-0.10,0,409.3,0.06,-631.33,-0.10,7005.84,0.70,64
194,Exit short,2025-10-23 20:50,SL,4120.86,1,4116.27,-697.52,-0.11,0,4.56,0.00,-697.52,-0.11,6308.32,0.63,3
194,Entry short,2025-10-23 20:47,M1 scalp down,4116.27,1,4116.27,-697.52,-0.11,0,4.56,0.00,-697.52,-0.11,6308.32,0.63,3
195,Exit short,2025-10-24 20:39,SL,4105.88,1,4101.45,-675.81,-0.11,0,85.43,0.01,-675.81,-0.11,5632.51,0.56,8
195,Entry short,2025-10-24 20:31,M1 scalp down,4101.45,1,4101.45,-675.81,-0.11,0,85.43,0.01,-675.81,-0.11,5632.51,0.56,8
196,Exit short,2025-10-26 22:01,TSL,4078.88,1,4108.9,4589.1,0.73,0,5336.62,0.85,-750.56,-0.12,10221.61,1.02,14
196,Entry short,2025-10-24 20:47,M1 scalp down,4108.9,1,4108.9,4589.1,0.73,0,5336.62,0.85,-750.56,-0.12,10221.61,1.02,14
197,Exit short,2025-10-27 20:38,TSL,3992.81,1,3996.57,574.78,0.09,0,727.65,0.12,-562.55,-0.09,10796.4,1.08,15
197,Entry short,2025-10-27 20:23,M1 scalp down,3996.57,1,3996.57,574.78,0.09,0,727.65,0.12,-562.55,-0.09,10796.4,1.08,15
198,Exit short,2025-10-28 19:53,SL,3961.33,1,3956.89,-678.74,-0.11,0,299.63,0.05,-678.74,-0.11,10117.65,1.01,3
198,Entry short,2025-10-28 19:50,M1 scalp down,3956.89,1,3956.89,-678.74,-0.11,0,299.63,0.05,-678.74,-0.11,10117.65,1.01,3
199,Exit short,2025-10-28 20:26,TSL,3951.91,1,3954.44,386.76,0.06,0,539.63,0.09,-19.87,0.00,10504.41,1.05,3
199,Entry short,2025-10-28 20:23,M1 scalp down,3954.44,1,3954.44,386.76,0.06,0,539.63,0.09,-19.87,0.00,10504.41,1.05,3
200,Exit short,2025-10-28 20:49,TSL,3951.3,1,3953.6,351.6,0.06,0,504.47,0.08,-362.3,-0.06,10856.02,1.09,14
200,Entry short,2025-10-28 20:35,M1 scalp down,3953.6,1,3953.6,351.6,0.06,0,504.47,0.08,-362.3,-0.06,10856.02,1.09,14
201,Exit short,2025-10-29 17:21,TSL,3990.72,1,3994.18,526.25,0.09,0,678.34,0.11,-553.62,-0.09,11382.26,1.14,12
201,Entry short,2025-10-29 17:09,M1 scalp down,3994.18,1,3994.18,526.25,0.09,0,678.34,0.11,-553.62,-0.09,11382.26,1.14,12
202,Exit short,2025-10-29 18:01,TSL,3988.62,1,3994.82,942.98,0.16,0,1095.08,0.18,-165.78,-0.03,12325.24,1.23,12
202,Entry short,2025-10-29 17:49,M1 scalp down,3994.82,1,3994.82,942.98,0.16,0,1095.08,0.18,-165.78,-0.03,12325.24,1.23,12
203,Exit long,2025-10-30 19:52,TSL,4024.67,1,4022.31,360.42,0.06,0,513.15,0.08,0,0.00,12685.67,1.27,2
203,Entry long,2025-10-30 19:50,M1 scalp up,4022.31,1,4022.31,360.42,0.06,0,513.15,0.08,0,0.00,12685.67,1.27,2
204,Exit long,2025-10-30 20:33,SL,4016.28,1,4021.16,-745.28,-0.12,0,177.16,0.03,-745.28,-0.12,11940.38,1.19,13
204,Entry long,2025-10-30 20:20,M1 scalp up,4021.16,1,4021.16,-745.28,-0.12,0,177.16,0.03,-745.28,-0.12,11940.38,1.19,13
205,Exit long,2025-10-30 20:43,TSL,4018.81,1,4016.68,325.3,0.05,0,478.02,0.08,-76.36,-0.01,12265.68,1.23,6
205,Entry long,2025-10-30 20:37,M1 scalp up,4016.68,1,4016.68,325.3,0.05,0,478.02,0.08,-76.36,-0.01,12265.68,1.23,6
206,Exit short,2025-10-31 19:55,TSL,3996.92,1,3999.16,345.21,0.06,0,499.33,0.08,-297.44,-0.05,12610.9,1.26,10
206,Entry short,2025-10-31 19:45,M1 scalp down,3999.16,1,3999.16,345.21,0.06,0,499.33,0.08,-297.44,-0.05,12610.9,1.26,10
207,Exit short,2025-10-31 20:30,SL,4003.68,1,3999.1,-705.84,-0.11,0,255.83,0.04,-705.84,-0.11,11905.06,1.19,13
207,Entry short,2025-10-31 20:17,M1 scalp down,3999.1,1,3999.1,-705.84,-0.11,0,255.83,0.04,-705.84,-0.11,11905.06,1.19,13
208,Exit long,2025-11-02 23:00,SL,3989.15,1,4003.26,-2173,-0.35,0,174.15,0.03,-2173,-0.35,9732.06,0.97,14
208,Entry long,2025-10-31 20:46,M1 scalp up,4003.26,1,4003.26,-2173,-0.35,0,174.15,0.03,-2173,-0.35,9732.06,0.97,14
209,Exit long,2025-11-03 18:19,SL,4001.24,1,4005.67,-682.24,-0.11,0,298.77,0.05,-682.24,-0.11,9049.82,0.90,39
209,Entry long,2025-11-03 17:40,M1 scalp up,4005.67,1,4005.67,-682.24,-0.11,0,298.77,0.05,-682.24,-0.11,9049.82,0.90,39
210,Exit short,2025-11-03 19:53,SL,4006.13,1,4002.37,-579.06,-0.09,0,12.32,0.00,-579.06,-0.09,8470.77,0.85,4
210,Entry short,2025-11-03 19:49,M1 scalp down,4002.37,1,4002.37,-579.06,-0.09,0,12.32,0.00,-579.06,-0.09,8470.77,0.85,4
211,Exit long,2025-11-03 21:08,SL,4005.56,1,4009.58,-619.1,-0.10,0,381.93,0.06,-619.1,-0.10,7851.67,0.79,40
211,Entry long,2025-11-03 20:28,M1 scalp up,4009.58,1,4009.58,-619.1,-0.10,0,381.93,0.06,-619.1,-0.10,7851.67,0.79,40
212,Exit short,2025-11-04 21:04,TSL,3934.9,1,3940,786.5,0.13,0,940.72,0.15,0,0.00,8638.17,0.86,6
212,Entry short,2025-11-04 20:58,M1 scalp down,3940,1,3940,786.5,0.13,0,940.72,0.15,0,0.00,8638.17,0.86,6
213,Exit long,2025-11-05 20:07,TSL,3989.08,1,3986.71,364.18,0.06,0,545.51,0.09,-16.9,0.00,9002.36,0.90,4
213,Entry long,2025-11-05 20:03,M1 scalp up,3986.71,1,3986.71,364.18,0.06,0,545.51,0.09,-16.9,0.00,9002.36,0.90,4
214,Exit long,2025-11-05 20:44,SL,3984.25,1,3987.2,-453.31,-0.07,0,169.03,0.03,-453.31,-0.07,8549.05,0.85,26
214,Entry long,2025-11-05 20:18,M1 scalp up,3987.2,1,3987.2,-453.31,-0.07,0,169.03,0.03,-453.31,-0.07,8549.05,0.85,26
215,Exit long,2025-11-06 13:37,TSL,4014.95,1,4012.18,426.87,0.07,0,619.51,0.10,-221.91,-0.04,8975.92,0.90,6
215,Entry long,2025-11-06 13:31,M1 scalp up,4012.18,1,4012.18,426.87,0.07,0,619.51,0.10,-221.91,-0.04,8975.92,0.90,6
216,Exit long,2025-11-06 19:46,SL,3987.64,1,3990.97,-513.17,-0.08,0,72.43,0.01,-513.17,-0.08,8462.75,0.85,11
216,Entry long,2025-11-06 19:35,M1 scalp up,3990.97,1,3990.97,-513.17,-0.08,0,72.43,0.01,-513.17,-0.08,8462.75,0.85,11
217,Exit short,2025-11-06 20:46,TSL,3982.76,1,3984.79,312.84,0.05,0,466.94,0.08,-308.21,-0.05,8775.58,0.88,20
217,Entry short,2025-11-06 20:26,M1 scalp down,3984.79,1,3984.79,312.84,0.05,0,466.94,0.08,-308.21,-0.05,8775.58,0.88,20
218,Exit long,2025-11-07 19:37,SL,4002.64,1,4005.97,-509.68,-0.08,0,29.08,0.00,-509.68,-0.08,8265.9,0.83,2
218,Entry long,2025-11-07 19:35,M1 scalp up,4005.97,1,4005.97,-509.68,-0.08,0,29.08,0.00,-509.68,-0.08,8265.9,0.83,2
219,Exit long,2025-11-07 19:51,TSL,4005.34,1,4003.17,332.13,0.05,0,509.68,0.08,-211.22,-0.03,8598.04,0.86,8
219,Entry long,2025-11-07 19:43,M1 scalp up,4003.17,1,4003.17,332.13,0.05,0,509.68,0.08,-211.22,-0.03,8598.04,0.86,8
220,Exit long,2025-11-07 20:18,SL,3999.95,1,4004.4,-681.1,-0.11,0,396.42,0.06,-681.1,-0.11,7916.93,0.79,16
220,Entry long,2025-11-07 20:02,M1 scalp up,4004.4,1,4004.4,-681.1,-0.11,0,396.42,0.06,-681.1,-0.11,7916.93,0.79,16
221,Exit long,2025-11-07 20:59,TSL,4004.82,1,3999.56,805.08,0.13,0,958.14,0.16,-67.35,-0.01,8722.01,0.87,9
221,Entry long,2025-11-07 20:50,M1 scalp up,3999.56,1,3999.56,805.08,0.13,0,958.14,0.16,-67.35,-0.01,8722.01,0.87,9
222,Exit long,2025-11-10 17:01,TSL,4095.23,1,4092.07,484.78,0.08,0,638.19,0.10,-507.79,-0.08,9206.8,0.92,20
222,Entry long,2025-11-10 16:41,M1 scalp up,4092.07,1,4092.07,484.78,0.08,0,638.19,0.10,-507.79,-0.08,9206.8,0.92,20
223,Exit long,2025-11-10 17:26,TSL,4097.08,1,4094.49,397.34,0.06,0,593.7,0.09,-174.89,-0.03,9604.13,0.96,12
223,Entry long,2025-11-10 17:14,M1 scalp up,4094.49,1,4094.49,397.34,0.06,0,593.7,0.09,-174.89,-0.03,9604.13,0.96,12
224,Exit long,2025-11-10 17:51,TSL,4098.19,1,4096.03,331.37,0.05,0,484.78,0.08,-319.1,-0.05,9935.5,0.99,17
224,Entry long,2025-11-10 17:34,M1 scalp up,4096.03,1,4096.03,331.37,0.05,0,484.78,0.08,-319.1,-0.05,9935.5,0.99,17
225,Exit long,2025-11-10 20:16,SL,4108.54,1,4112.25,-569.16,-0.09,0,334.44,0.05,-569.16,-0.09,9366.34,0.94,38
225,Entry long,2025-11-10 19:38,M1 scalp up,4112.25,1,4112.25,-569.16,-0.09,0,334.44,0.05,-569.16,-0.09,9366.34,0.94,38
226,Exit long,2025-11-10 21:26,TSL,4113.52,1,4110.31,492.45,0.08,0,645.86,0.10,-358.98,-0.06,9858.8,0.99,36
226,Entry long,2025-11-10 20:50,M1 scalp up,4110.31,1,4110.31,492.45,0.08,0,645.86,0.10,-358.98,-0.06,9858.8,0.99,36
227,Exit long,2025-11-11 13:35,TSL,4144.13,1,4139.5,713.63,0.11,0,890.88,0.14,-64.74,-0.01,10572.42,1.06,4
227,Entry long,2025-11-11 13:31,M1 scalp up,4139.5,1,4139.5,713.63,0.11,0,890.88,0.14,-64.74,-0.01,10572.42,1.06,4
228,Exit long,2025-11-11 13:51,TSL,4144.54,1,4141.8,422.32,0.07,0,596.49,0.09,-104.81,-0.02,10994.74,1.10,6
228,Entry long,2025-11-11 13:45,M1 scalp up,4141.8,1,4141.8,422.32,0.07,0,596.49,0.09,-104.81,-0.02,10994.74,1.10,6
229,Exit long,2025-11-11 14:20,SL,4133.71,1,4138.26,-701.3,-0.11,0,305.18,0.05,-701.3,-0.11,10293.45,1.03,9
229,Entry long,2025-11-11 14:11,M1 scalp up,4138.26,1,4138.26,-701.3,-0.11,0,305.18,0.05,-701.3,-0.11,10293.45,1.03,9
230,Exit long,2025-11-11 17:08,TSL,4114.78,1,4111.91,442.36,0.07,0,596.49,0.09,-21.58,0.00,10735.8,1.07,11
230,Entry long,2025-11-11 16:57,M1 scalp up,4111.91,1,4111.91,442.36,0.07,0,596.49,0.09,-21.58,0.00,10735.8,1.07,11
231,Exit long,2025-11-11 17:21,TSL,4116.55,1,4113.78,426.94,0.07,0,582.62,0.09,-312.89,-0.05,11162.75,1.12,4
231,Entry long,2025-11-11 17:17,M1 scalp up,4113.78,1,4113.78,426.94,0.07,0,582.62,0.09,-312.89,-0.05,11162.75,1.12,4
232,Exit long,2025-11-11 17:54,TSL,4115.35,1,4113.24,325.22,0.05,0,479.35,0.08,-409.99,-0.06,11487.96,1.15,27
232,Entry long,2025-11-11 17:27,M1 scalp up,4113.24,1,4113.24,325.22,0.05,0,479.35,0.08,-409.99,-0.06,11487.96,1.15,27
233,Exit long,2025-11-11 20:03,TSL,4124.1,1,4122.01,322.13,0.05,0,476.26,0.07,-94.02,-0.01,11810.1,1.18,4
233,Entry long,2025-11-11 19:59,M1 scalp up,4122.01,1,4122.01,322.13,0.05,0,476.26,0.07,-94.02,-0.01,11810.1,1.18,4
234,Exit long,2025-11-11 20:40,TSL,4128.76,1,4125.52,499.38,0.08,0,722.87,0.11,-197.29,-0.03,12309.48,1.23,17
234,Entry long,2025-11-11 20:23,M1 scalp up,4125.52,1,4125.52,499.38,0.08,0,722.87,0.11,-197.29,-0.03,12309.48,1.23,17
235,Exit long,2025-11-11 20:55,TSL,4130.8,1,4128.58,342.17,0.05,0,497.84,0.08,-4.62,0.00,12651.65,1.27,4
235,Entry long,2025-11-11 20:51,M1 scalp up,4128.58,1,4128.58,342.17,0.05,0,497.84,0.08,-4.62,0.00,12651.65,1.27,4
236,Exit long,2025-11-12 20:33,TSL,4195.97,1,4193.97,308.28,0.05,0,551.81,0.09,-47.78,-0.01,12959.93,1.30,2
236,Entry long,2025-11-12 20:31,M1 scalp up,4193.97,1,4193.97,308.28,0.05,0,551.81,0.09,-47.78,-0.01,12959.93,1.30,2
237,Exit long,2025-11-12 20:46,TSL,4195.52,1,4193.16,363.77,0.06,0,517.9,0.08,-189.59,-0.03,13323.69,1.33,9
237,Entry long,2025-11-12 20:37,M1 scalp up,4193.16,1,4193.16,363.77,0.06,0,517.9,0.08,-189.59,-0.03,13323.69,1.33,9
238,Exit long,2025-11-18 20:43,SL,4069.3,1,4074.21,-761.9,-0.12,0,263.8,0.04,-761.9,-0.12,12561.79,1.26,23
238,Entry long,2025-11-18 20:20,M1 scalp up,4074.21,1,4074.21,-761.9,-0.12,0,263.8,0.04,-761.9,-0.12,12561.79,1.26,23
239,Exit long,2025-11-18 21:04,TSL,4071.34,1,4068.65,417.42,0.07,0,572.59,0.09,-201.73,-0.03,12979.21,1.30,19
239,Entry long,2025-11-18 20:45,M1 scalp up,4068.65,1,4068.65,417.42,0.07,0,572.59,0.09,-201.73,-0.03,12979.21,1.30,19
240,Exit long,2025-11-21 20:06,SL,4082.53,1,4087.25,-743.1,-0.12,0,340.06,0.05,-743.1,-0.12,12236.11,1.22,25
240,Entry long,2025-11-21 19:41,M1 scalp up,4087.25,1,4087.25,-743.1,-0.12,0,340.06,0.05,-743.1,-0.12,12236.11,1.22,25
241,Exit long,2025-11-21 20:23,SL,4077.4,1,4082.34,-777.73,-0.12,0,103.91,0.02,-777.73,-0.12,11458.37,1.15,10
241,Entry long,2025-11-21 20:13,M1 scalp up,4082.34,1,4082.34,-777.73,-0.12,0,103.91,0.02,-777.73,-0.12,11458.37,1.15,10
242,Exit long,2025-11-24 16:14,TSL,4094.5,1,4091.75,429.9,0.07,0,586.23,0.09,-368.93,-0.06,11888.28,1.19,20
242,Entry long,2025-11-24 15:54,M1 scalp up,4091.75,1,4091.75,429.9,0.07,0,586.23,0.09,-368.93,-0.06,11888.28,1.19,20
243,Exit long,2025-11-24 16:34,TSL,4096.34,1,4092.29,633.13,0.10,0,842.61,0.13,-35.96,-0.01,12521.4,1.25,10
243,Entry long,2025-11-24 16:24,M1 scalp up,4092.29,1,4092.29,633.13,0.10,0,842.61,0.13,-35.96,-0.01,12521.4,1.25,10
244,Exit long,2025-11-24 16:58,TSL,4097.38,1,4095.24,334.54,0.05,0,490.87,0.08,-54.71,-0.01,12855.95,1.29,3
244,Entry long,2025-11-24 16:55,M1 scalp up,4095.24,1,4095.24,334.54,0.05,0,490.87,0.08,-54.71,-0.01,12855.95,1.29,3
245,Exit long,2025-11-24 17:18,SL,4090.83,1,4095.42,-717.55,-0.11,0,265.76,0.04,-717.55,-0.11,12138.4,1.21,12
245,Entry long,2025-11-24 17:06,M1 scalp up,4095.42,1,4095.42,-717.55,-0.11,0,265.76,0.04,-717.55,-0.11,12138.4,1.21,12
246,Exit long,2025-11-24 17:24,TSL,4093.28,1,4090.81,386.13,0.06,0,594.05,0.09,-59.4,-0.01,12524.53,1.25,2
246,Entry long,2025-11-24 17:22,M1 scalp up,4090.81,1,4090.81,386.13,0.06,0,594.05,0.09,-59.4,-0.01,12524.53,1.25,2
247,Exit long,2025-11-24 20:03,TSL,4122.16,1,4118.4,587.79,0.09,0,809.78,0.13,-68.78,-0.01,13112.32,1.31,3
247,Entry long,2025-11-24 20:00,M1 scalp up,4118.4,1,4118.4,587.79,0.09,0,809.78,0.13,-68.78,-0.01,13112.32,1.31,3
248,Exit long,2025-11-24 20:32,TSL,4128.89,1,4122.42,1011.44,0.16,0,1167.77,0.18,-31.27,0.00,14123.77,1.41,5
248,Entry long,2025-11-24 20:27,M1 scalp up,4122.42,1,4122.42,1011.44,0.16,0,1167.77,0.18,-31.27,0.00,14123.77,1.41,5
249,Exit long,2025-11-24 21:00,TSL,4132.35,1,4129.32,473.67,0.07,0,630,0.10,-62.53,-0.01,14597.44,1.46,6
249,Entry long,2025-11-24 20:54,M1 scalp up,4129.32,1,4129.32,473.67,0.07,0,630,0.10,-62.53,-0.01,14597.44,1.46,6
250,Exit long,2025-11-25 20:54,SL,4130.61,1,4134.9,-673.15,-0.10,0,216.54,0.03,-673.15,-0.10,13924.29,1.39,31
250,Entry long,2025-11-25 20:23,M1 scalp up,4134.9,1,4134.9,-673.15,-0.10,0,216.54,0.03,-673.15,-0.10,13924.29,1.39,31
251,Exit long,2025-11-25 23:03,TSL,4134.05,1,4131.43,408.8,0.06,0,564.83,0.09,-610.38,-0.09,14333.09,1.43,65
251,Entry long,2025-11-25 20:58,M1 scalp up,4131.43,1,4131.43,408.8,0.06,0,564.83,0.09,-610.38,-0.09,14333.09,1.43,65
252,Exit long,2025-11-26 16:43,TSL,4167.08,1,4162.28,748.95,0.12,0,990.8,0.15,-177.88,-0.03,15082.04,1.51,20
252,Entry long,2025-11-26 16:23,M1 scalp up,4162.28,1,4162.28,748.95,0.12,0,990.8,0.15,-177.88,-0.03,15082.04,1.51,20
253,Exit long,2025-11-26 17:22,TSL,4168.14,1,4165.68,383.84,0.06,0,539.87,0.08,-176.32,-0.03,15465.88,1.55,28
253,Entry long,2025-11-26 16:54,M1 scalp up,4165.68,1,4165.68,383.84,0.06,0,539.87,0.08,-176.32,-0.03,15465.88,1.55,28
254,Exit long,2025-11-26 17:47,TSL,4168.61,1,4166.19,377.6,0.06,0,533.63,0.08,-98.3,-0.02,15843.47,1.58,10
254,Entry long,2025-11-26 17:37,M1 scalp up,4166.19,1,4166.19,377.6,0.06,0,533.63,0.08,-98.3,-0.02,15843.47,1.58,10
255,Exit long,2025-11-26 18:08,TSL,4168.98,1,4166.96,315.18,0.05,0,503.98,0.08,-195.04,-0.03,16158.66,1.62,16
255,Entry long,2025-11-26 17:52,M1 scalp up,4166.96,1,4166.96,315.18,0.05,0,503.98,0.08,-195.04,-0.03,16158.66,1.62,16
256,Exit long,2025-11-26 19:43,SL,4163.31,1,4166.92,-563.27,-0.09,0,96.74,0.01,-563.27,-0.09,15595.38,1.56,11
256,Entry long,2025-11-26 19:32,M1 scalp up,4166.92,1,4166.92,-563.27,-0.09,0,96.74,0.01,-563.27,-0.09,15595.38,1.56,11
257,Exit long,2025-11-26 20:25,TSL,4166.49,1,4163.86,410.36,0.06,0,566.39,0.09,-385.4,-0.06,16005.75,1.60,35
257,Entry long,2025-11-26 19:50,M1 scalp up,4163.86,1,4163.86,410.36,0.06,0,566.39,0.09,-385.4,-0.06,16005.75,1.60,35
258,Exit long,2025-11-26 20:51,SL,4162.28,1,4165.36,-480.58,-0.07,0,45.25,0.01,-480.58,-0.07,15525.17,1.55,3
258,Entry long,2025-11-26 20:48,M1 scalp up,4165.36,1,4165.36,-480.58,-0.07,0,45.25,0.01,-480.58,-0.07,15525.17,1.55,3
259,Exit long,2025-11-26 21:39,TSL,4165.87,1,4162.06,594.48,0.09,0,750.51,0.12,-40.57,-0.01,16119.65,1.61,44
259,Entry long,2025-11-26 20:55,M1 scalp up,4162.06,1,4162.06,594.48,0.09,0,750.51,0.12,-40.57,-0.01,16119.65,1.61,44
260,Exit long,2025-11-27 14:10,TSL,4157.87,1,4155.21,416.17,0.06,0,572.62,0.09,-331.68,-0.05,16535.82,1.65,24
260,Entry long,2025-11-27 13:46,M1 scalp up,4155.21,1,4155.21,416.17,0.06,0,572.62,0.09,-331.68,-0.05,16535.82,1.65,24
261,Exit long,2025-11-27 14:40,SL,4154.61,1,4158.21,-563.23,-0.09,0,131.42,0.02,-563.23,-0.09,15972.58,1.60,14
261,Entry long,2025-11-27 14:26,M1 scalp up,4158.21,1,4158.21,-563.23,-0.09,0,131.42,0.02,-563.23,-0.09,15972.58,1.60,14
262,Exit long,2025-11-27 15:18,TSL,4158.31,1,4155.99,362.97,0.06,0,519.43,0.08,-472.49,-0.07,16335.56,1.63,31
262,Entry long,2025-11-27 14:47,M1 scalp up,4155.99,1,4155.99,362.97,0.06,0,519.43,0.08,-472.49,-0.07,16335.56,1.63,31
263,Exit long,2025-11-27 16:03,SL,4156.81,1,4159.71,-453.72,-0.07,0,170.53,0.03,-453.72,-0.07,15881.84,1.59,29
263,Entry long,2025-11-27 15:34,M1 scalp up,4159.71,1,4159.71,-453.72,-0.07,0,170.53,0.03,-453.72,-0.07,15881.84,1.59,29
264,Exit long,2025-11-27 16:26,SL,4152.29,1,4154.95,-416.17,-0.06,0,142.37,0.02,-416.17,-0.06,15465.67,1.55,14
264,Entry long,2025-11-27 16:12,M1 scalp up,4154.95,1,4154.95,-416.17,-0.06,0,142.37,0.02,-416.17,-0.06,15465.67,1.55,14
265,Exit long,2025-11-27 16:59,TSL,4156.97,2,8309.68,666.49,0.05,0,869.88,0.07,-56.32,0.00,16132.16,1.61,4
265,Entry long,2025-11-27 16:55,M1 scalp up,4154.84,2,8309.68,666.49,0.05,0,869.88,0.07,-56.32,0.00,16132.16,1.61,4
266,Exit long,2025-11-27 17:55,TSL,4158.23,1,4155.72,392.7,0.06,0,549.15,0.08,-151.76,-0.02,16524.86,1.65,50
266,Entry long,2025-11-27 17:05,M1 scalp up,4155.72,1,4155.72,392.7,0.06,0,549.15,0.08,-151.76,-0.02,16524.86,1.65,50
267,Exit long,2025-11-28 17:38,TSL,4211.25,1,4206.57,731.38,0.11,0,887.66,0.14,-93.77,-0.01,17256.24,1.73,8
267,Entry long,2025-11-28 17:30,M1 scalp up,4206.57,1,4206.57,731.38,0.11,0,887.66,0.14,-93.77,-0.01,17256.24,1.73,8
268,Exit long,2025-12-01 19:44,SL,4234.18,1,4238.67,-701.01,-0.11,0,0,0.00,-701.01,-0.11,16555.23,1.66,1
268,Entry long,2025-12-01 19:43,M1 scalp up,4238.67,1,4238.67,-701.01,-0.11,0,0,0.00,-701.01,-0.11,16555.23,1.66,1
269,Exit long,2025-12-01 20:37,TSL,4238.84,1,4236.42,377.83,0.06,0,533.96,0.08,-162.37,-0.02,16933.06,1.69,9
269,Entry long,2025-12-01 20:28,M1 scalp up,4236.42,1,4236.42,377.83,0.06,0,533.96,0.08,-162.37,-0.02,16933.06,1.69,9
270,Exit long,2025-12-01 21:25,TSL,4239.58,1,4237.43,335.68,0.05,0,491.8,0.07,-462.14,-0.07,17268.73,1.73,38
270,Entry long,2025-12-01 20:47,M1 scalp up,4237.43,1,4237.43,335.68,0.05,0,491.8,0.07,-462.14,-0.07,17268.73,1.73,38
271,Exit short,2025-12-02 18:11,TSL,4194.18,1,4195.67,231.55,0.04,0,480.2,0.07,-206.69,-0.03,17500.29,1.75,19
271,Entry short,2025-12-02 17:52,M1 scalp down,4195.67,1,4195.67,231.55,0.04,0,480.2,0.07,-206.69,-0.03,17500.29,1.75,19
272,Exit short,2025-12-02 19:39,TSL,4195.25,1,4198.23,463.11,0.07,0,708.65,0.11,-247.1,-0.04,17963.4,1.80,8
272,Entry short,2025-12-02 19:31,M1 scalp down,4198.23,1,4198.23,463.11,0.07,0,708.65,0.11,-247.1,-0.04,17963.4,1.80,8
273,Exit short,2025-12-02 19:58,TSL,4198.89,1,4197.16,-268.85,-0.04,0,492.64,0.08,-402.5,-0.06,17694.55,1.77,10
273,Entry short,2025-12-02 19:48,M1 scalp down,4197.16,1,4197.16,-268.85,-0.04,0,492.64,0.08,-402.5,-0.06,17694.55,1.77,10
274,Exit short,2025-12-02 20:33,SL,4202.82,1,4198.34,-696.22,-0.11,0,385.41,0.06,-696.22,-0.11,16998.33,1.70,18
274,Entry short,2025-12-02 20:15,M1 scalp down,4198.34,1,4198.34,-696.22,-0.11,0,385.41,0.06,-696.22,-0.11,16998.33,1.70,18
275,Exit long,2025-12-02 23:03,SL,4204.3,1,4209.12,-751.25,-0.11,0,402.5,0.06,-751.25,-0.11,16247.07,1.62,72
275,Entry long,2025-12-02 20:51,M1 scalp up,4209.12,1,4209.12,-751.25,-0.11,0,402.5,0.06,-751.25,-0.11,16247.07,1.62,72
276,Exit long,2025-12-03 18:05,SL,4206.64,1,4211.43,-746.58,-0.11,0,196.39,0.03,-746.58,-0.11,15500.5,1.55,14
276,Entry long,2025-12-03 17:51,M1 scalp up,4211.43,1,4211.43,-746.58,-0.11,0,196.39,0.03,-746.58,-0.11,15500.5,1.55,14
277,Exit short,2025-12-03 20:08,SL,4210.47,1,4206.99,-542.4,-0.08,0,101.31,0.02,-542.4,-0.08,14958.1,1.50,31
277,Entry short,2025-12-03 19:37,M1 scalp down,4206.99,1,4206.99,-542.4,-0.08,0,101.31,0.02,-542.4,-0.08,14958.1,1.50,31
278,Exit long,2025-12-03 20:46,SL,4206.99,1,4209.82,-441.09,-0.07,0,252.5,0.04,-441.09,-0.07,14517.01,1.45,27
278,Entry long,2025-12-03 20:19,M1 scalp up,4209.82,1,4209.82,-441.09,-0.07,0,252.5,0.04,-441.09,-0.07,14517.01,1.45,27
279,Exit long,2025-12-04 17:12,SL,4209.36,1,4213.52,-645.69,-0.10,0,31.04,0.00,-645.69,-0.10,13871.32,1.39,7
279,Entry long,2025-12-04 17:05,M1 scalp up,4213.52,1,4213.52,-645.69,-0.10,0,31.04,0.00,-645.69,-0.10,13871.32,1.39,7
280,Exit long,2025-12-04 17:22,TSL,4212.63,1,4209.5,485.82,0.07,0,641.03,0.10,-102.44,-0.02,14357.14,1.44,6
280,Entry long,2025-12-04 17:16,M1 scalp up,4209.5,1,4209.5,485.82,0.07,0,641.03,0.10,-102.44,-0.02,14357.14,1.44,6
281,Exit long,2025-12-04 17:39,TSL,4213.2,1,4210.98,344.57,0.05,0,499.79,0.08,-225.06,-0.03,14701.71,1.47,9
281,Entry long,2025-12-04 17:30,M1 scalp up,4210.98,1,4210.98,344.57,0.05,0,499.79,0.08,-225.06,-0.03,14701.71,1.47,9
282,Exit long,2025-12-04 21:00,TSL,4209.37,1,4207.19,338.36,0.05,0,493.58,0.08,-268.52,-0.04,15040.07,1.50,74
282,Entry long,2025-12-04 19:46,M1 scalp up,4207.19,1,4207.19,338.36,0.05,0,493.58,0.08,-268.52,-0.04,15040.07,1.50,74
283,Exit long,2025-12-05 14:43,TSL,4235.62,1,4232.68,455.85,0.07,0,610.9,0.09,-676.03,-0.10,15495.93,1.55,15
283,Entry long,2025-12-05 14:28,M1 scalp up,4232.68,1,4232.68,455.85,0.07,0,610.9,0.09,-676.03,-0.10,15495.93,1.55,15
284,Exit short,2025-12-05 20:03,TSL,4204.82,1,4207.11,355.07,0.05,0,510.12,0.08,-258.94,-0.04,15851,1.59,12
284,Entry short,2025-12-05 19:51,M1 scalp down,4207.11,1,4207.11,355.07,0.05,0,510.12,0.08,-258.94,-0.04,15851,1.59,12
285,Exit short,2025-12-05 20:41,TSL,4201.75,1,4205.02,507.02,0.08,0,662.07,0.10,-275.99,-0.04,16358.02,1.64,27
285,Entry short,2025-12-05 20:14,M1 scalp down,4205.02,1,4205.02,507.02,0.08,0,662.07,0.10,-275.99,-0.04,16358.02,1.64,27
286,Exit short,2025-12-05 21:20,TSL,4194.43,1,4201.81,1144.28,0.18,0,1517.96,0.23,-148.85,-0.02,17502.3,1.75,26
286,Entry short,2025-12-05 20:54,M1 scalp down,4201.81,1,4201.81,1144.28,0.18,0,1517.96,0.23,-148.85,-0.02,17502.3,1.75,26
287,Exit short,2025-12-08 17:57,SL,4194.98,1,4190.14,-751.83,-0.12,0,321.55,0.05,-751.83,-0.12,16750.47,1.68,37
287,Entry short,2025-12-08 17:20,M1 scalp down,4190.14,1,4190.14,-751.83,-0.12,0,321.55,0.05,-751.83,-0.12,16750.47,1.68,37
288,Exit short,2025-12-08 19:49,TSL,4186,1,4188.43,377.47,0.06,0,540.57,0.08,-65.24,-0.01,17127.94,1.71,14
288,Entry short,2025-12-08 19:35,M1 scalp down,4188.43,1,4188.43,377.47,0.06,0,540.57,0.08,-65.24,-0.01,17127.94,1.71,14
289,Exit short,2025-12-08 20:09,SL,4189.9,1,4187.01,-448.92,-0.07,0,327.76,0.05,-448.92,-0.07,16679.01,1.67,9
289,Entry short,2025-12-08 20:00,M1 scalp down,4187.01,1,4187.01,-448.92,-0.07,0,327.76,0.05,-448.92,-0.07,16679.01,1.67,9
290,Exit short,2025-12-08 20:39,SL,4193.87,1,4190.34,-548.34,-0.08,0,349.51,0.05,-548.34,-0.08,16130.67,1.61,20
290,Entry short,2025-12-08 20:19,M1 scalp down,4190.34,1,4190.34,-548.34,-0.08,0,349.51,0.05,-548.34,-0.08,16130.67,1.61,20
291,Exit short,2025-12-08 20:55,TSL,4192.61,1,4194.89,354.17,0.05,0,509.51,0.08,-4.66,0.00,16484.84,1.65,11
291,Entry short,2025-12-08 20:44,M1 scalp down,4194.89,1,4194.89,354.17,0.05,0,509.51,0.08,-4.66,0.00,16484.84,1.65,11
292,Exit long,2025-12-09 18:59,TSL,4208.7,1,4206.2,389.8,0.06,0,545.72,0.08,-764.01,-0.12,16874.64,1.69,80
292,Entry long,2025-12-09 17:39,M1 scalp up,4206.2,1,4206.2,389.8,0.06,0,545.72,0.08,-764.01,-0.12,16874.64,1.69,80
293,Exit long,2025-12-09 19:56,TSL,4213.25,1,4207.6,880.95,0.13,0,1072.73,0.16,-65.49,-0.01,17755.59,1.78,10
293,Entry long,2025-12-09 19:46,M1 scalp up,4207.6,1,4207.6,880.95,0.13,0,1072.73,0.16,-65.49,-0.01,17755.59,1.78,10
294,Exit long,2025-12-09 20:12,TSL,4214.95,1,4212.38,400.71,0.06,0,565.99,0.09,-48.34,-0.01,18156.31,1.82,5
294,Entry long,2025-12-09 20:07,M1 scalp up,4212.38,1,4212.38,400.71,0.06,0,565.99,0.09,-48.34,-0.01,18156.31,1.82,5
295,Exit long,2025-12-09 21:37,SL,4208.21,1,4211.81,-561.31,-0.09,0,297.81,0.05,-561.31,-0.09,17594.99,1.76,77
295,Entry long,2025-12-09 20:20,M1 scalp up,4211.81,1,4211.81,-561.31,-0.09,0,297.81,0.05,-561.31,-0.09,17594.99,1.76,77
296,Exit short,2025-12-10 13:46,SL,4203.46,1,4198.65,-754.26,-0.11,0,409.28,0.06,-754.26,-0.11,16840.73,1.68,7
296,Entry short,2025-12-10 13:39,M1 scalp down,4198.65,1,4198.65,-754.26,-0.11,0,409.28,0.06,-754.26,-0.11,16840.73,1.68,7
297,Exit short,2025-12-10 16:26,SL,4199.28,1,4194.43,-760.53,-0.12,0,213.26,0.03,-760.53,-0.12,16080.2,1.61,20
297,Entry short,2025-12-10 16:06,M1 scalp down,4194.43,1,4194.43,-760.53,-0.12,0,213.26,0.03,-760.53,-0.12,16080.2,1.61,20
298,Exit short,2025-12-10 17:37,TSL,4199.52,1,4201.85,365.37,0.06,0,522.18,0.08,-506.5,-0.08,16445.57,1.64,56
298,Entry short,2025-12-10 16:41,M1 scalp down,4201.85,1,4201.85,365.37,0.06,0,522.18,0.08,-506.5,-0.08,16445.57,1.64,56
299,Exit short,2025-12-10 18:20,TSL,4198.92,1,4200.93,315.19,0.05,0,495.52,0.08,-131.72,-0.02,16760.76,1.68,25
299,Entry short,2025-12-10 17:55,M1 scalp down,4200.93,1,4200.93,315.19,0.05,0,495.52,0.08,-131.72,-0.02,16760.76,1.68,25
300,Exit long,2025-12-11 20:07,SL,4268.37,1,4273.34,-775.33,-0.12,0,408.73,0.06,-775.33,-0.12,15985.42,1.60,23
300,Entry long,2025-12-11 19:44,M1 scalp up,4273.34,1,4273.34,-775.33,-0.12,0,408.73,0.06,-775.33,-0.12,15985.42,1.60,23
301,Exit long,2025-12-11 20:53,TSL,4274.19,1,4272.15,318.25,0.05,0,474.25,0.07,-148.2,-0.02,16303.67,1.63,5
301,Entry long,2025-12-11 20:48,M1 scalp up,4272.15,1,4272.15,318.25,0.05,0,474.25,0.07,-148.2,-0.02,16303.67,1.63,5
302,Exit long,2025-12-12 20:09,TSL,4301.3,1,4295.41,916.34,0.14,0,1071.92,0.16,-62.23,-0.01,17220.01,1.72,16
302,Entry long,2025-12-12 19:53,M1 scalp up,4295.41,1,4295.41,916.34,0.14,0,1071.92,0.16,-62.23,-0.01,17220.01,1.72,16
303,Exit long,2025-12-12 20:26,SL,4294.04,1,4298.17,-642.53,-0.10,0,295.59,0.04,-642.53,-0.10,16577.48,1.66,8
303,Entry long,2025-12-12 20:18,M1 scalp up,4298.17,1,4298.17,-642.53,-0.10,0,295.59,0.04,-642.53,-0.10,16577.48,1.66,8
304,Exit long,2025-12-15 20:20,SL,4309,1,4312.64,-567.11,-0.08,0,269.53,0.04,-567.11,-0.08,16010.38,1.60,19
304,Entry long,2025-12-15 20:01,M1 scalp up,4312.64,1,4312.64,-567.11,-0.08,0,269.53,0.04,-567.11,-0.08,16010.38,1.60,19
305,Exit long,2025-12-15 21:08,SL,4300.83,1,4304.9,-634.1,-0.09,0,98.15,0.01,-634.1,-0.09,15376.27,1.54,10
305,Entry long,2025-12-15 20:58,M1 scalp up,4304.9,1,4304.9,-634.1,-0.09,0,98.15,0.01,-634.1,-0.09,15376.27,1.54,10
306,Exit long,2025-12-16 17:46,TSL,4305.23,1,4303.2,315.07,0.05,0,495.11,0.07,-46.56,-0.01,15691.35,1.57,4
306,Entry long,2025-12-16 17:42,M1 scalp up,4303.2,1,4303.2,315.07,0.05,0,495.11,0.07,-46.56,-0.01,15691.35,1.57,4
307,Exit long,2025-12-16 18:21,SL,4299.3,1,4304.19,-758.97,-0.11,0,274.72,0.04,-758.97,-0.11,14932.38,1.49,30
307,Entry long,2025-12-16 17:51,M1 scalp up,4304.19,1,4304.19,-758.97,-0.11,0,274.72,0.04,-758.97,-0.11,14932.38,1.49,30
308,Exit long,2025-12-16 20:52,SL,4306.13,1,4310.95,-748.1,-0.11,0,194.01,0.03,-748.1,-0.11,14184.28,1.42,36
308,Entry long,2025-12-16 20:16,M1 scalp up,4310.95,1,4310.95,-748.1,-0.11,0,194.01,0.03,-748.1,-0.11,14184.28,1.42,36
309,Exit long,2025-12-17 19:50,SL,4333.68,1,4337.95,-660.52,-0.10,0,241.31,0.04,-660.52,-0.10,13523.76,1.35,15
309,Entry long,2025-12-17 19:35,M1 scalp up,4337.95,1,4337.95,-660.52,-0.10,0,241.31,0.04,-660.52,-0.10,13523.76,1.35,15
310,Exit long,2025-12-17 20:50,TSL,4345.05,1,4340.22,747.14,0.11,0,901.83,0.13,-267.61,-0.04,14270.9,1.43,18
310,Entry long,2025-12-17 20:32,M1 scalp up,4340.22,1,4340.22,747.14,0.11,0,901.83,0.13,-267.61,-0.04,14270.9,1.43,18
311,Exit long,2025-12-17 21:06,TSL,4344.54,1,4340.02,699.19,0.10,0,853.88,0.13,-57.23,-0.01,14970.09,1.50,12
311,Entry long,2025-12-17 20:54,M1 scalp up,4340.02,1,4340.02,699.19,0.10,0,853.88,0.13,-57.23,-0.01,14970.09,1.50,12
312,Exit long,2025-12-18 21:35,SL,4330.62,1,4334.76,-644.35,-0.10,0,186.77,0.03,-644.35,-0.10,14325.74,1.43,47
312,Entry long,2025-12-18 20:48,M1 scalp up,4334.76,1,4334.76,-644.35,-0.10,0,186.77,0.03,-644.35,-0.10,14325.74,1.43,47
313,Exit long,2025-12-19 14:08,TSL,4333.16,1,4328.7,693.33,0.10,0,848.78,0.13,-385.53,-0.06,15019.07,1.50,13
313,Entry long,2025-12-19 13:55,M1 scalp up,4328.7,1,4328.7,693.33,0.10,0,848.78,0.13,-385.53,-0.06,15019.07,1.50,13
314,Exit long,2025-12-19 17:44,TSL,4352.79,1,4350.71,323.35,0.05,0,478.8,0.07,-65.29,-0.01,15342.42,1.53,5
314,Entry long,2025-12-19 17:39,M1 scalp up,4350.71,1,4350.71,323.35,0.05,0,478.8,0.07,-65.29,-0.01,15342.42,1.53,5
315,Exit long,2025-12-19 20:01,SL,4343.98,1,4346.84,-444.6,-0.07,0,323.35,0.05,-444.6,-0.07,14897.82,1.49,19
315,Entry long,2025-12-19 19:42,M1 scalp up,4346.84,1,4346.84,-444.6,-0.07,0,323.35,0.05,-444.6,-0.07,14897.82,1.49,19
316,Exit long,2025-12-19 20:40,SL,4340.16,1,4343.39,-502.12,-0.07,0,404.18,0.06,-502.12,-0.07,14395.7,1.44,32
316,Entry long,2025-12-19 20:08,M1 scalp up,4343.39,1,4343.39,-502.12,-0.07,0,404.18,0.06,-502.12,-0.07,14395.7,1.44,32
317,Exit long,2025-12-21 23:01,TSL,4338.88,1,4337.69,187.67,0.03,0,667.08,0.10,-212.97,-0.03,14583.36,1.46,66
317,Entry long,2025-12-19 20:55,M1 scalp up,4337.69,1,4337.69,187.67,0.03,0,667.08,0.10,-212.97,-0.03,14583.36,1.46,66
318,Exit long,2025-12-22 17:10,TSL,4438.65,1,4436.09,403.72,0.06,0,561.42,0.08,-130.89,-0.02,14987.08,1.50,3
318,Entry long,2025-12-22 17:07,M1 scalp up,4436.09,1,4436.09,403.72,0.06,0,561.42,0.08,-130.89,-0.02,14987.08,1.50,3
319,Exit long,2025-12-22 17:34,SL,4432.91,1,4437.6,-739.63,-0.11,0,211.32,0.03,-739.63,-0.11,14247.45,1.42,14
319,Entry long,2025-12-22 17:20,M1 scalp up,4437.6,1,4437.6,-739.63,-0.11,0,211.32,0.03,-739.63,-0.11,14247.45,1.42,14
320,Exit long,2025-12-22 20:07,TSL,4435.81,1,4431.62,660.78,0.09,0,818.48,0.12,-12.62,0.00,14908.23,1.49,29
320,Entry long,2025-12-22 19:38,M1 scalp up,4431.62,1,4431.62,660.78,0.09,0,818.48,0.12,-12.62,0.00,14908.23,1.49,29
321,Exit long,2025-12-22 20:20,SL,4432.85,1,4435.52,-421.07,-0.06,0,11.04,0.00,-421.07,-0.06,14487.16,1.45,1
321,Entry long,2025-12-22 20:19,M1 scalp up,4435.52,1,4435.52,-421.07,-0.06,0,11.04,0.00,-421.07,-0.06,14487.16,1.45,1
322,Exit long,2025-12-22 20:41,TSL,4434.51,1,4432.02,392.68,0.06,0,550.38,0.08,-42.58,-0.01,14879.84,1.49,8
322,Entry long,2025-12-22 20:33,M1 scalp up,4432.02,1,4432.02,392.68,0.06,0,550.38,0.08,-42.58,-0.01,14879.84,1.49,8
323,Exit long,2025-12-23 19:36,TSL,4491.01,1,4488.77,351.72,0.05,0,508.74,0.07,-23.55,0.00,15231.57,1.52,2
323,Entry long,2025-12-23 19:34,M1 scalp up,4488.77,1,4488.77,351.72,0.05,0,508.74,0.07,-23.55,0.00,15231.57,1.52,2
324,Exit long,2025-12-23 20:11,TSL,4493.2,1,4490.79,378.42,0.05,0,535.44,0.08,-227.68,-0.03,15609.99,1.56,21
324,Entry long,2025-12-23 19:50,M1 scalp up,4490.79,1,4490.79,378.42,0.05,0,535.44,0.08,-227.68,-0.03,15609.99,1.56,21
325,Exit long,2025-12-23 20:39,SL,4489.66,1,4492.85,-500.89,-0.07,0,235.53,0.03,-500.89,-0.07,15109.09,1.51,16
325,Entry long,2025-12-23 20:23,M1 scalp up,4492.85,1,4492.85,-500.89,-0.07,0,235.53,0.03,-500.89,-0.07,15109.09,1.51,16
326,Exit long,2025-12-24 14:16,SL,4482.43,1,4487.1,-729.52,-0.10,0,68.73,0.01,-729.52,-0.10,14379.57,1.44,4
326,Entry long,2025-12-24 14:12,M1 scalp up,4487.1,1,4487.1,-729.52,-0.10,0,68.73,0.01,-729.52,-0.10,14379.57,1.44,4
327,Exit long,2025-12-26 20:04,TSL,4527.16,1,4522.31,756.44,0.11,0,912.41,0.13,-341.57,-0.05,15136.01,1.51,14
327,Entry long,2025-12-26 19:50,M1 scalp up,4522.31,1,4522.31,756.44,0.11,0,912.41,0.13,-341.57,-0.05,15136.01,1.51,14
328,Exit short,2025-12-29 19:57,SL,4337.63,1,4333.25,-685.47,-0.10,0,140.85,0.02,-685.47,-0.10,14450.54,1.45,3
328,Entry short,2025-12-29 19:54,M1 scalp down,4333.25,1,4333.25,-685.47,-0.10,0,140.85,0.02,-685.47,-0.10,14450.54,1.45,3
329,Exit short,2026-01-02 19:38,SL,4325.45,1,4320.99,-699.56,-0.10,0,111.36,0.02,-699.56,-0.10,13750.98,1.38,4
329,Entry short,2026-01-02 19:34,M1 scalp down,4320.99,1,4320.99,-699.56,-0.10,0,111.36,0.02,-699.56,-0.10,13750.98,1.38,4
330,Exit short,2026-01-02 20:23,SL,4325.48,1,4320.82,-730.93,-0.11,0,305.86,0.05,-730.93,-0.11,13020.05,1.30,12
330,Entry short,2026-01-02 20:11,M1 scalp down,4320.82,1,4320.82,-730.93,-0.11,0,305.86,0.05,-730.93,-0.11,13020.05,1.30,12
331,Exit short,2026-01-04 23:11,SL,4361.63,1,4329.14,-5094.59,-0.75,0,445.46,0.07,-5094.59,-0.75,7925.46,0.79,84
331,Entry short,2026-01-02 20:36,M1 scalp down,4329.14,1,4329.14,-5094.59,-0.75,0,445.46,0.07,-5094.59,-0.75,7925.46,0.79,84
332,Exit long,2026-01-05 16:52,TSL,4453.33,1,4444.11,1445.74,0.21,0,1602.55,0.23,-4.7,0.00,9371.2,0.94,4
332,Entry long,2026-01-05 16:48,M1 scalp up,4444.11,1,4444.11,1445.74,0.21,0,1602.55,0.23,-4.7,0.00,9371.2,0.94,4
333,Exit long,2026-01-05 19:56,SL,4439.06,1,4443.25,-657.01,-0.09,0,119.17,0.02,-657.01,-0.09,8714.19,0.87,12
333,Entry long,2026-01-05 19:44,M1 scalp up,4443.25,1,4443.25,-657.01,-0.09,0,119.17,0.02,-657.01,-0.09,8714.19,0.87,12
334,Exit long,2026-01-05 20:02,TSL,4442.24,1,4439.77,387.31,0.06,0,544.11,0.08,-111.33,-0.02,9101.5,0.91,2
334,Entry long,2026-01-05 20:00,M1 scalp up,4439.77,1,4439.77,387.31,0.06,0,544.11,0.08,-111.33,-0.02,9101.5,0.91,2
335,Exit long,2026-01-05 20:39,SL,4440.02,1,4443.87,-603.7,-0.09,0,340.27,0.05,-603.7,-0.09,8497.8,0.85,13
335,Entry long,2026-01-05 20:26,M1 scalp up,4443.87,1,4443.87,-603.7,-0.09,0,340.27,0.05,-603.7,-0.09,8497.8,0.85,13
336,Exit long,2026-01-05 20:48,TSL,4441.85,1,4438.17,577.04,0.08,0,741.69,0.11,-10.98,0.00,9074.84,0.91,3
336,Entry long,2026-01-05 20:45,M1 scalp up,4438.17,1,4438.17,577.04,0.08,0,741.69,0.11,-10.98,0.00,9074.84,0.91,3
337,Exit long,2026-01-06 17:43,SL,4482.93,1,4487.27,-678.49,-0.10,0,401.78,0.06,-678.49,-0.10,8396.35,0.84,16
337,Entry long,2026-01-06 17:27,M1 scalp up,4487.27,1,4487.27,-678.49,-0.10,0,401.78,0.06,-678.49,-0.10,8396.35,0.84,16
338,Exit long,2026-01-06 20:15,TSL,4485.32,1,4481.38,615.96,0.09,0,844.21,0.12,-340.81,-0.05,9012.31,0.90,23
338,Entry long,2026-01-06 19:52,M1 scalp up,4481.38,1,4481.38,615.96,0.09,0,844.21,0.12,-340.81,-0.05,9012.31,0.90,23
339,Exit long,2026-01-06 20:43,TSL,4489.13,1,4485.79,522.16,0.07,0,678.49,0.10,-347.06,-0.05,9534.46,0.95,15
339,Entry long,2026-01-06 20:28,M1 scalp up,4485.79,1,4485.79,522.16,0.07,0,678.49,0.10,-347.06,-0.05,9534.46,0.95,15
340,Exit long,2026-01-07 17:34,TSL,4460.43,1,4458.26,339.81,0.05,0,496.41,0.07,-172.26,-0.02,9874.28,0.99,8
340,Entry long,2026-01-07 17:26,M1 scalp up,4458.26,1,4458.26,339.81,0.05,0,496.41,0.07,-172.26,-0.02,9874.28,0.99,8
341,Exit long,2026-01-07 19:56,TSL,4456.93,1,4453.49,538.69,0.08,0,695.29,0.10,-222.37,-0.03,10412.97,1.04,12
341,Entry long,2026-01-07 19:44,M1 scalp up,4453.49,1,4453.49,538.69,0.08,0,695.29,0.10,-222.37,-0.03,10412.97,1.04,12
342,Exit long,2026-01-07 20:14,TSL,4458.26,1,4456.15,330.42,0.05,0,518.33,0.07,-120.58,-0.02,10743.39,1.07,5
342,Entry long,2026-01-07 20:09,M1 scalp up,4456.15,1,4456.15,330.42,0.05,0,518.33,0.07,-120.58,-0.02,10743.39,1.07,5
343,Exit long,2026-01-07 20:34,TSL,4459.4,1,4457.31,327.29,0.05,0,483.88,0.07,-212.97,-0.03,11070.67,1.11,8
343,Entry long,2026-01-07 20:26,M1 scalp up,4457.31,1,4457.31,327.29,0.05,0,483.88,0.07,-212.97,-0.03,11070.67,1.11,8
344,Exit long,2026-01-07 20:43,TSL,4458.5,1,4456.42,325.72,0.05,0,584.1,0.08,-17.23,0.00,11396.39,1.14,5
344,Entry long,2026-01-07 20:38,M1 scalp up,4456.42,1,4456.42,325.72,0.05,0,584.1,0.08,-17.23,0.00,11396.39,1.14,5
345,Exit long,2026-01-07 20:53,TSL,4458.85,1,4456.69,338.25,0.05,0,494.84,0.07,-61.07,-0.01,11734.64,1.17,8
345,Entry long,2026-01-07 20:45,M1 scalp up,4456.69,1,4456.69,338.25,0.05,0,494.84,0.07,-61.07,-0.01,11734.64,1.17,8
346,Exit long,2026-01-07 20:59,SL,4450.74,1,4455.71,-778.28,-0.11,0,29.75,0.00,-778.28,-0.11,10956.36,1.10,3
346,Entry long,2026-01-07 20:56,M1 scalp up,4455.71,1,4455.71,-778.28,-0.11,0,29.75,0.00,-778.28,-0.11,10956.36,1.10,3
347,Exit long,2026-01-08 17:53,TSL,4462.45,1,4459.92,396.56,0.06,0,553.31,0.08,-158.31,-0.02,11352.92,1.14,17
347,Entry long,2026-01-08 17:36,M1 scalp up,4459.92,1,4459.92,396.56,0.06,0,553.31,0.08,-158.31,-0.02,11352.92,1.14,17
348,Exit long,2026-01-08 20:06,TSL,4457.35,1,4450.05,1144.23,0.16,0,1300.98,0.19,-73.67,-0.01,12497.15,1.25,15
348,Entry long,2026-01-08 19:51,M1 scalp up,4450.05,1,4450.05,1144.23,0.16,0,1300.98,0.19,-73.67,-0.01,12497.15,1.25,15
349,Exit long,2026-01-09 19:51,TSL,4500.35,1,4497.42,459.51,0.07,0,616.34,0.09,-174.08,-0.02,12956.66,1.30,20
349,Entry long,2026-01-09 19:31,M1 scalp up,4497.42,1,4497.42,459.51,0.07,0,616.34,0.09,-174.08,-0.02,12956.66,1.30,20
350,Exit long,2026-01-09 20:13,TSL,4503.68,1,4498.97,738.66,0.10,0,895.49,0.13,-166.24,-0.02,13695.32,1.37,13
350,Entry long,2026-01-09 20:00,M1 scalp up,4498.97,1,4498.97,738.66,0.10,0,895.49,0.13,-166.24,-0.02,13695.32,1.37,13
351,Exit long,2026-01-09 20:58,TSL,4507.82,1,4505.65,340.32,0.05,0,498.72,0.07,-490.87,-0.07,14035.64,1.40,31
351,Entry long,2026-01-09 20:27,M1 scalp up,4505.65,1,4505.65,340.32,0.05,0,498.72,0.07,-490.87,-0.07,14035.64,1.40,31
352,Exit long,2026-01-12 19:51,SL,4611.46,1,4615.25,-598.51,-0.08,0,281.09,0.04,-598.51,-0.08,13437.13,1.34,8
352,Entry long,2026-01-12 19:43,M1 scalp up,4615.25,1,4615.25,-598.51,-0.08,0,281.09,0.04,-598.51,-0.08,13437.13,1.34,8
353,Exit long,2026-01-12 20:02,SL,4606.72,1,4611.04,-682.21,-0.09,0,110.54,0.02,-682.21,-0.09,12754.93,1.28,6
353,Entry long,2026-01-12 19:56,M1 scalp up,4611.04,1,4611.04,-682.21,-0.09,0,110.54,0.02,-682.21,-0.09,12754.93,1.28,6
354,Exit long,2026-01-14 20:02,SL,4634.51,1,4639.05,-722.15,-0.10,0,338.8,0.05,-722.15,-0.10,12032.78,1.20,7
354,Entry long,2026-01-14 19:55,M1 scalp up,4639.05,1,4639.05,-722.15,-0.10,0,338.8,0.05,-722.15,-0.10,12032.78,1.20,7
355,Exit long,2026-01-15 17:37,TSL,4614.33,1,4610.79,560.83,0.08,0,730.35,0.10,-88.72,-0.01,12593.61,1.26,7
355,Entry long,2026-01-15 17:30,M1 scalp up,4610.79,1,4610.79,560.83,0.08,0,730.35,0.10,-88.72,-0.01,12593.61,1.26,7
356,Exit long,2026-01-15 18:03,TSL,4619.35,1,4613.97,852.34,0.12,0,1010.76,0.14,-47.53,-0.01,13445.95,1.34,8
356,Entry long,2026-01-15 17:55,M1 scalp up,4613.97,1,4613.97,852.34,0.12,0,1010.76,0.14,-47.53,-0.01,13445.95,1.34,8
357,Exit long,2026-01-15 19:55,SL,4615.06,1,4618.19,-495.88,-0.07,0,158.43,0.02,-495.88,-0.07,12950.07,1.30,20
357,Entry long,2026-01-15 19:35,M1 scalp up,4618.19,1,4618.19,-495.88,-0.07,0,158.43,0.02,-495.88,-0.07,12950.07,1.30,20
358,Exit long,2026-01-15 20:09,SL,4610.3,1,4613.98,-583.01,-0.08,0,267.74,0.04,-583.01,-0.08,12367.06,1.24,8
358,Entry long,2026-01-15 20:01,M1 scalp up,4613.98,1,4613.98,-583.01,-0.08,0,267.74,0.04,-583.01,-0.08,12367.06,1.24,8
359,Exit short,2026-01-16 20:06,SL,4595.59,1,4590.68,-778.88,-0.11,0,385.48,0.05,-778.88,-0.11,11588.18,1.16,24
359,Entry short,2026-01-16 19:42,M1 scalp down,4590.68,1,4590.68,-778.88,-0.11,0,385.48,0.05,-778.88,-0.11,11588.18,1.16,24
360,Exit long,2026-01-19 13:55,SL,4664.59,1,4668.84,-671.78,-0.09,0,309.81,0.04,-671.78,-0.09,10916.4,1.09,16
360,Entry long,2026-01-19 13:39,M1 scalp up,4668.84,1,4668.84,-671.78,-0.09,0,309.81,0.04,-671.78,-0.09,10916.4,1.09,16
361,Exit long,2026-01-19 15:09,TSL,4669.9,1,4667.18,429.94,0.06,0,588.01,0.08,-515.3,-0.07,11346.34,1.13,34
361,Entry long,2026-01-19 14:35,M1 scalp up,4667.18,1,4667.18,429.94,0.06,0,588.01,0.08,-515.3,-0.07,11346.34,1.13,34
362,Exit long,2026-01-19 15:41,TSL,4669.9,1,4666.36,559.55,0.08,0,765.04,0.10,-317.71,-0.04,11905.89,1.19,23
362,Entry long,2026-01-19 15:18,M1 scalp up,4666.36,1,4666.36,559.55,0.08,0,765.04,0.10,-317.71,-0.04,11905.89,1.19,23
363,Exit long,2026-01-19 17:45,TSL,4675.23,1,4672.23,474.2,0.06,0,704.97,0.10,-469.46,-0.06,12380.09,1.24,101
363,Entry long,2026-01-19 16:04,M1 scalp up,4672.23,1,4672.23,474.2,0.06,0,704.97,0.10,-469.46,-0.06,12380.09,1.24,101
364,Exit long,2026-01-20 20:06,SL,4756.22,1,4761.16,-781.19,-0.10,0,175.53,0.02,-781.19,-0.10,11598.9,1.16,15
364,Entry long,2026-01-20 19:51,M1 scalp up,4761.16,1,4761.16,-781.19,-0.10,0,175.53,0.02,-781.19,-0.10,11598.9,1.16,15
365,Exit long,2026-01-22 20:34,SL,4920.68,1,4925.63,-783.28,-0.10,0,232.61,0.03,-783.28,-0.10,10815.62,1.08,6
365,Entry long,2026-01-22 20:28,M1 scalp up,4925.63,1,4925.63,-783.28,-0.10,0,232.61,0.03,-783.28,-0.10,10815.62,1.08,6
366,Exit short,2026-02-16 14:19,TSL,4995.21,1,4998.33,476.2,0.06,0,628.83,0.08,-195.37,-0.03,11291.82,1.13,2
366,Entry short,2026-02-16 14:17,M1 scalp down,4998.33,1,4998.33,476.2,0.06,0,628.83,0.08,-195.37,-0.03,11291.82,1.13,2
367,Exit short,2026-02-16 16:48,TSL,4986.14,1,4988.97,431.94,0.06,0,584.57,0.08,-10.68,0.00,11723.76,1.17,3
367,Entry short,2026-02-16 16:45,M1 scalp down,4988.97,1,4988.97,431.94,0.06,0,584.57,0.08,-10.68,0.00,11723.76,1.17,3
368,Exit short,2026-02-16 17:03,SL,4992.55,1,4988.58,-605.94,-0.08,0,100.74,0.01,-605.94,-0.08,11117.83,1.11,6
368,Entry short,2026-02-16 16:57,M1 scalp down,4988.58,1,4988.58,-605.94,-0.08,0,100.74,0.01,-605.94,-0.08,11117.83,1.11,6
369,Exit short,2026-02-16 17:51,TSL,4991.73,1,4993.87,326.63,0.04,0,479.26,0.06,-341.89,-0.04,11444.45,1.14,34
369,Entry short,2026-02-16 17:17,M1 scalp down,4993.87,1,4993.87,326.63,0.04,0,479.26,0.06,-341.89,-0.04,11444.45,1.14,34
370,Exit short,2026-02-16 18:03,TSL,4989.54,1,4992.84,503.68,0.07,0,656.3,0.09,-61.05,-0.01,11948.13,1.19,8
370,Entry short,2026-02-16 17:55,M1 scalp down,4992.84,1,4992.84,503.68,0.07,0,656.3,0.09,-61.05,-0.01,11948.13,1.19,8
371,Exit long,2026-02-18 17:58,TSL,4999.59,1,4997.81,272.79,0.04,0,472.02,0.06,-669.71,-0.09,12220.92,1.22,27
371,Entry long,2026-02-18 17:31,M1 scalp up,4997.81,1,4997.81,272.79,0.04,0,472.02,0.06,-669.71,-0.09,12220.92,1.22,27
372,Exit long,2026-02-19 19:38,SL,4984.09,1,4988.57,-693.34,-0.09,0,61.91,0.01,-693.34,-0.09,11527.58,1.15,4
372,Entry long,2026-02-19 19:34,M1 scalp up,4988.57,1,4988.57,-693.34,-0.09,0,61.91,0.01,-693.34,-0.09,11527.58,1.15,4
373,Exit long,2026-02-19 20:21,TSL,4993.79,1,4989.94,595.84,0.08,0,872.86,0.11,-120.72,-0.02,12123.41,1.21,7
373,Entry long,2026-02-19 20:14,M1 scalp up,4989.94,1,4989.94,595.84,0.08,0,872.86,0.11,-120.72,-0.02,12123.41,1.21,7
374,Exit long,2026-02-19 21:02,TSL,5003.14,1,4999.98,489.05,0.06,0,671.67,0.09,0,0.00,12612.47,1.26,5
374,Entry long,2026-02-19 20:57,M1 scalp up,4999.98,1,4999.98,489.05,0.06,0,671.67,0.09,0,0.00,12612.47,1.26,5
375,Exit long,2026-02-20 20:55,TSL,5087.48,1,5084.42,474.29,0.06,0,629.29,0.08,-206.15,-0.03,13086.76,1.31,13
375,Entry long,2026-02-20 20:42,M1 scalp up,5084.42,1,5084.42,474.29,0.06,0,629.29,0.08,-206.15,-0.03,13086.76,1.31,13
376,Exit long,2026-02-23 20:53,TSL,5234.89,1,5227.18,1195.26,0.15,0,1382.84,0.17,-367.41,-0.05,14282.02,1.43,7
376,Entry long,2026-02-23 20:46,M1 scalp up,5227.18,1,5227.18,1195.26,0.15,0,1382.84,0.17,-367.41,-0.05,14282.02,1.43,7
377,Exit long,2026-02-26 20:04,TSL,5190.64,1,5188.24,375.26,0.05,0,531.61,0.07,-272.06,-0.03,14657.27,1.47,5
377,Entry long,2026-02-26 19:59,M1 scalp up,5188.24,1,5188.24,375.26,0.05,0,531.61,0.07,-272.06,-0.03,14657.27,1.47,5
378,Exit long,2026-03-10 20:47,TSL,5197.81,1,5193.88,619.54,0.08,0,777.19,0.09,-162.37,-0.02,15276.82,1.53,12
378,Entry long,2026-03-10 20:35,M1 scalp up,5193.88,1,5193.88,619.54,0.08,0,777.19,0.09,-162.37,-0.02,15276.82,1.53,12
379,Exit long,2026-03-10 22:01,SL,5189.55,1,5194.39,-764.89,-0.09,0,75.67,0.01,-764.89,-0.09,14511.92,1.45,8
379,Entry long,2026-03-10 20:52,M1 scalp up,5194.39,1,5194.39,-764.89,-0.09,0,75.67,0.01,-764.89,-0.09,14511.92,1.45,8
380,Exit long,2026-03-11 19:55,TSL,5181.17,1,5177.19,628.98,0.08,0,815.47,0.10,-45.83,-0.01,15140.91,1.51,8
380,Entry long,2026-03-11 19:47,M1 scalp up,5177.19,1,5177.19,628.98,0.08,0,815.47,0.10,-45.83,-0.01,15140.91,1.51,8
381,Exit long,2026-03-11 22:01,TSL,5181.76,1,5178.42,530.87,0.06,0,692.99,0.08,-542.06,-0.07,15671.77,1.57,58
381,Entry long,2026-03-11 20:03,M1 scalp up,5178.42,1,5178.42,530.87,0.06,0,692.99,0.08,-542.06,-0.07,15671.77,1.57,58
382,Exit short,2026-03-17 17:30,TSL,5002.82,1,5006.34,559.88,0.07,0,808,0.10,-391.28,-0.05,16231.65,1.62,8
382,Entry short,2026-03-17 17:22,M1 scalp down,5006.34,1,5006.34,559.88,0.07,0,808,0.10,-391.28,-0.05,16231.65,1.62,8
383,Exit short,2026-03-17 20:05,SL,5005.05,1,5000.51,-722.11,-0.09,0,389.69,0.05,-722.11,-0.09,15509.54,1.55,29
383,Entry short,2026-03-17 19:36,M1 scalp down,5000.51,1,5000.51,-722.11,-0.09,0,389.69,0.05,-722.11,-0.09,15509.54,1.55,29
384,Exit short,2026-03-17 20:36,TSL,5003.24,2,10008.64,343.56,0.02,0,502.62,0.03,-194.05,-0.01,15853.1,1.59,4
384,Entry short,2026-03-17 20:32,M1 scalp down,5004.32,2,10008.64,343.56,0.02,0,502.62,0.03,-194.05,-0.01,15853.1,1.59,4
385,Exit short,2026-03-17 20:50,TSL,5003.16,2,10009.8,553.51,0.03,0,779.37,0.05,-124.06,-0.01,16406.61,1.64,4
385,Entry short,2026-03-17 20:46,M1 scalp down,5004.9,2,10009.8,553.51,0.03,0,779.37,0.05,-124.06,-0.01,16406.61,1.64,4
386,Exit short,2026-03-17 22:04,TSL,5000.41,1,5005.13,750.4,0.09,0,909.38,0.11,-119.29,-0.01,17157.01,1.72,5
386,Entry short,2026-03-17 20:59,M1 scalp down,5005.13,1,5005.13,750.4,0.09,0,909.38,0.11,-119.29,-0.01,17157.01,1.72,5
387,Exit long,2026-04-02 20:47,TSL,4670.85,1,4667.81,482.68,0.07,0,812.93,0.11,-77.8,-0.01,17639.69,1.76,4
387,Entry long,2026-04-02 20:43,M1 scalp up,4667.81,1,4667.81,482.68,0.07,0,812.93,0.11,-77.8,-0.01,17639.69,1.76,4
388,Exit short,2026-04-06 20:41,TSL,4651.73,1,4655.18,550.29,0.07,0,709.8,0.10,-457.78,-0.06,18189.98,1.82,29
388,Entry short,2026-04-06 20:12,M1 scalp down,4655.18,1,4655.18,550.29,0.07,0,709.8,0.10,-457.78,-0.06,18189.98,1.82,29
389,Exit short,2026-04-08 20:51,TSL,4719.45,1,4723.82,697.42,0.09,0,857.01,0.11,-49.47,-0.01,18887.4,1.89,4
389,Entry short,2026-04-08 20:47,M1 scalp down,4723.82,1,4723.82,697.42,0.09,0,857.01,0.11,-49.47,-0.01,18887.4,1.89,4
390,Exit long,2026-04-09 20:36,SL,4765.11,1,4769.23,-653.16,-0.09,0,33.29,0.00,-653.16,-0.09,18234.23,1.82,1
390,Entry long,2026-04-09 20:35,M1 scalp up,4769.23,1,4769.23,-653.16,-0.09,0,33.29,0.00,-653.16,-0.09,18234.23,1.82,1
391,Exit long,2026-04-10 20:00,SL,4757.78,1,4762.33,-723.11,-0.10,0,355.99,0.05,-723.11,-0.10,17511.12,1.75,19
391,Entry long,2026-04-10 19:41,M1 scalp up,4762.33,1,4762.33,-723.11,-0.10,0,355.99,0.05,-723.11,-0.10,17511.12,1.75,19
392,Exit short,2026-04-12 22:01,TSL,4673.19,1,4748.14,11935.26,1.58,0,18386.2,2.43,-672.26,-0.09,29446.39,2.94,22
392,Entry short,2026-04-10 20:39,M1 scalp down,4748.14,1,4748.14,11935.26,1.58,0,18386.2,2.43,-672.26,-0.09,29446.39,2.94,22
393,Exit long,2026-04-13 19:51,TSL,4744.8,1,4742.09,431.55,0.06,0,590.79,0.08,-480.91,-0.06,29877.93,2.99,12
393,Entry long,2026-04-13 19:39,M1 scalp up,4742.09,1,4742.09,431.55,0.06,0,590.79,0.08,-480.91,-0.06,29877.93,2.99,12
394,Exit long,2026-04-13 22:01,TSL,4750.86,1,4741.87,1433.2,0.19,0,2158.57,0.29,-636.97,-0.08,31311.14,3.13,45
394,Entry long,2026-04-13 20:16,M1 scalp up,4741.87,1,4741.87,1433.2,0.19,0,2158.57,0.29,-636.97,-0.08,31311.14,3.13,45
395,Exit long,2026-04-14 19:40,TSL,4841.45,1,4838.92,403.34,0.05,0,599.43,0.08,-6.38,0.00,31714.48,3.17,4
395,Entry long,2026-04-14 19:36,M1 scalp up,4838.92,1,4838.92,403.34,0.05,0,599.43,0.08,-6.38,0.00,31714.48,3.17,4
396,Exit long,2026-04-14 22:00,SL,4838.94,1,4843.31,-693.82,-0.09,0,65.36,0.01,-693.82,-0.09,31020.65,3.10,49
396,Entry long,2026-04-14 20:11,M1 scalp up,4843.31,1,4843.31,-693.82,-0.09,0,65.36,0.01,-693.82,-0.09,31020.65,3.10,49
397,Exit long,2026-04-15 19:40,SL,4797.23,1,4800.69,-549.34,-0.07,0,3.18,0.00,-549.34,-0.07,30471.31,3.05,4
397,Entry long,2026-04-15 19:36,M1 scalp up,4800.69,1,4800.69,-549.34,-0.07,0,3.18,0.00,-549.34,-0.07,30471.31,3.05,4
398,Exit long,2026-04-15 19:51,TSL,4800.48,1,4797.05,544.58,0.07,0,709.7,0.09,-120.67,-0.02,31015.89,3.10,6
398,Entry long,2026-04-15 19:45,M1 scalp up,4797.05,1,4797.05,544.58,0.07,0,709.7,0.09,-120.67,-0.02,31015.89,3.10,6
399,Exit long,2026-04-15 20:31,SL,4791.52,1,4796.05,-719.23,-0.09,0,95.26,0.01,-719.23,-0.09,30296.66,3.03,34
399,Entry long,2026-04-15 19:57,M1 scalp up,4796.05,1,4796.05,-719.23,-0.09,0,95.26,0.01,-719.23,-0.09,30296.66,3.03,34
400,Exit short,2026-04-15 20:49,TSL,4788.96,1,4792.19,512.83,0.07,0,693.82,0.09,-88.91,-0.01,30809.48,3.08,3
400,Entry short,2026-04-15 20:46,M1 scalp down,4792.19,1,4792.19,512.83,0.07,0,693.82,0.09,-88.91,-0.01,30809.48,3.08,3
401,Exit short,2026-04-16 19:42,SL,4797.17,1,4793.21,-629.39,-0.08,0,93.77,0.01,-629.39,-0.08,30180.09,3.02,3
401,Entry short,2026-04-16 19:39,M1 scalp down,4793.21,1,4793.21,-629.39,-0.08,0,93.77,0.01,-629.39,-0.08,30180.09,3.02,3
402,Exit short,2026-04-16 20:26,TSL,4789.51,1,4791.52,319.47,0.04,0,478.4,0.06,-20.66,0.00,30499.56,3.05,7
402,Entry short,2026-04-16 20:19,M1 scalp down,4791.52,1,4791.52,319.47,0.04,0,478.4,0.06,-20.66,0.00,30499.56,3.05,7
403,Exit short,2026-04-16 22:00,SL,4792.25,1,4789.19,-486.9,-0.06,0,433.9,0.06,-486.9,-0.06,30012.65,3.00,20
403,Entry short,2026-04-16 20:40,M1 scalp down,4789.19,1,4789.19,-486.9,-0.06,0,433.9,0.06,-486.9,-0.06,30012.65,3.00,20
404,Exit long,2026-04-17 19:55,SL,4853.45,1,4857.8,-692.16,-0.09,0,49.33,0.01,-692.16,-0.09,29320.49,2.93,4
404,Entry long,2026-04-17 19:51,M1 scalp up,4857.8,1,4857.8,-692.16,-0.09,0,49.33,0.01,-692.16,-0.09,29320.49,2.93,4
405,Exit long,2026-04-17 20:05,SL,4849.07,1,4853.74,-743.08,-0.10,0,230.72,0.03,-743.08,-0.10,28577.41,2.86,4
405,Entry long,2026-04-17 20:01,M1 scalp up,4853.74,1,4853.74,-743.08,-0.10,0,230.72,0.03,-743.08,-0.10,28577.41,2.86,4
406,Exit short,2026-04-20 17:07,SL,4809.18,1,4804.4,-758.05,-0.10,0,118.94,0.02,-758.05,-0.10,27819.37,2.78,15
406,Entry short,2026-04-20 16:52,M1 scalp down,4804.4,1,4804.4,-758.05,-0.10,0,118.94,0.02,-758.05,-0.10,27819.37,2.78,15
407,Exit long,2026-04-20 17:24,TSL,4810.31,1,4807.57,434.53,0.06,0,593.12,0.08,-58.68,-0.01,28253.89,2.83,3
407,Entry long,2026-04-20 17:21,M1 scalp up,4807.57,1,4807.57,434.53,0.06,0,593.12,0.08,-58.68,-0.01,28253.89,2.83,3
408,Exit long,2026-04-20 20:02,TSL,4815.32,1,4811.66,580.43,0.08,0,837.34,0.11,-68.19,-0.01,28834.32,2.88,7
408,Entry long,2026-04-20 19:55,M1 scalp up,4811.66,1,4811.66,580.43,0.08,0,837.34,0.11,-68.19,-0.01,28834.32,2.88,7
409,Exit long,2026-04-20 20:28,TSL,4816.07,1,4813.85,352.06,0.05,0,510.65,0.07,-255.33,-0.03,29186.39,2.92,16
409,Entry long,2026-04-20 20:12,M1 scalp up,4813.85,1,4813.85,352.06,0.05,0,510.65,0.07,-255.33,-0.03,29186.39,2.92,16
410,Exit long,2026-04-20 20:44,TSL,4815.92,1,4813.66,358.41,0.05,0,553.47,0.07,-150.66,-0.02,29544.79,2.95,9
410,Entry long,2026-04-20 20:35,M1 scalp up,4813.66,1,4813.66,358.41,0.05,0,553.47,0.07,-150.66,-0.02,29544.79,2.95,9
411,Exit short,2026-04-22 17:47,TSL,4734.58,1,4736.59,320.24,0.04,0,479.56,0.06,-259.7,-0.03,29865.03,2.99,13
411,Entry short,2026-04-22 17:34,M1 scalp down,4736.59,1,4736.59,320.24,0.04,0,479.56,0.06,-259.7,-0.03,29865.03,2.99,13
412,Exit short,2026-04-22 18:18,TSL,4733.24,1,4736.68,548.07,0.07,0,707.39,0.09,-305.9,-0.04,30413.1,3.04,26
412,Entry short,2026-04-22 17:52,M1 scalp down,4736.68,1,4736.68,548.07,0.07,0,707.39,0.09,-305.9,-0.04,30413.1,3.04,26
413,Exit short,2026-04-22 20:14,TSL,4736.75,1,4740.09,532.14,0.07,0,861.94,0.11,-282,-0.04,30945.24,3.09,22
413,Entry short,2026-04-22 19:52,M1 scalp down,4740.09,1,4740.09,532.14,0.07,0,861.94,0.11,-282,-0.04,30945.24,3.09,22
414,Exit short,2026-04-22 22:00,SL,4743.7,1,4737.9,-924.74,-0.12,0,310.68,0.04,-924.74,-0.12,30020.5,3.00,29
414,Entry short,2026-04-22 20:31,M1 scalp down,4737.9,1,4737.9,-924.74,-0.12,0,310.68,0.04,-924.74,-0.12,30020.5,3.00,29
415,Exit short,2026-04-23 22:00,SL,4700.91,1,4690.88,-1601.26,-0.21,0,414.54,0.06,-1601.26,-0.21,28419.24,2.84,15
415,Entry short,2026-04-23 20:45,M1 scalp down,4690.88,1,4690.88,-1601.26,-0.21,0,414.54,0.06,-1601.26,-0.21,28419.24,2.84,15
416,Exit long,2026-04-24 17:30,SL,4721.54,1,4726.51,-793.45,-0.11,0,448.61,0.06,-793.45,-0.11,27625.8,2.76,16
416,Entry long,2026-04-24 17:14,M1 scalp up,4726.51,1,4726.51,-793.45,-0.11,0,448.61,0.06,-793.45,-0.11,27625.8,2.76,16
417,Exit long,2026-04-24 17:55,TSL,4725.02,1,4721.64,539.61,0.07,0,994.6,0.13,-172.42,-0.02,28165.4,2.82,4
417,Entry long,2026-04-24 17:51,M1 scalp up,4721.64,1,4721.64,539.61,0.07,0,994.6,0.13,-172.42,-0.02,28165.4,2.82,4
418,Exit long,2026-04-24 20:02,SL,4712.91,1,4716.32,-544.4,-0.07,0,368.78,0.05,-544.4,-0.07,27621.01,2.76,23
418,Entry long,2026-04-24 19:39,M1 scalp up,4716.32,1,4716.32,-544.4,-0.07,0,368.78,0.05,-544.4,-0.07,27621.01,2.76,23
419,Exit short,2026-04-26 22:02,TSL,4696.03,1,4708,1906.8,0.25,0,2206.28,0.29,-408.7,-0.05,29527.8,2.95,33
419,Entry short,2026-04-24 20:28,M1 scalp down,4708,1,4708,1906.8,0.25,0,2206.28,0.29,-408.7,-0.05,29527.8,2.95,33
420,Exit short,2026-04-27 16:45,TSL,4675.32,1,4678.03,431.7,0.06,0,591,0.08,-237.35,-0.03,29959.5,3.00,13
420,Entry short,2026-04-27 16:32,M1 scalp down,4678.03,1,4678.03,431.7,0.06,0,591,0.08,-237.35,-0.03,29959.5,3.00,13
421,Exit short,2026-04-27 17:05,TSL,4674.91,1,4676.99,331.34,0.04,0,517.72,0.07,-242.13,-0.03,30290.84,3.03,11
421,Entry short,2026-04-27 16:54,M1 scalp down,4676.99,1,4676.99,331.34,0.04,0,517.72,0.07,-242.13,-0.03,30290.84,3.03,11
422,Exit short,2026-04-27 18:06,TSL,4680.38,1,4683.18,446.03,0.06,0,672.24,0.09,-111.51,-0.01,30736.88,3.07,15
422,Entry short,2026-04-27 17:51,M1 scalp down,4683.18,1,4683.18,446.03,0.06,0,672.24,0.09,-111.51,-0.01,30736.88,3.07,15
423,Exit short,2026-04-27 22:00,SL,4685.18,1,4679.88,-844.87,-0.11,0,383.91,0.05,-844.87,-0.11,29892,2.99,75
423,Entry short,2026-04-27 19:45,M1 scalp down,4679.88,1,4679.88,-844.87,-0.11,0,383.91,0.05,-844.87,-0.11,29892,2.99,75
424,Exit short,2026-04-28 19:55,TSL,4595.39,1,4597.23,293.31,0.04,0,615.32,0.08,-427.22,-0.06,30185.32,3.02,19
424,Entry short,2026-04-28 19:36,M1 scalp down,4597.23,1,4597.23,293.31,0.04,0,615.32,0.08,-427.22,-0.06,30185.32,3.02,19
425,Exit short,2026-04-28 20:22,TSL,4592.51,1,4596.88,696.62,0.10,0,865.6,0.12,-277.37,-0.04,30881.94,3.09,17
425,Entry short,2026-04-28 20:05,M1 scalp down,4596.88,1,4596.88,696.62,0.10,0,865.6,0.12,-277.37,-0.04,30881.94,3.09,17
426,Exit short,2026-04-28 22:00,SL,4598.6,1,4594.74,-616.1,-0.08,0,409.68,0.06,-616.1,-0.08,30265.84,3.03,29
426,Entry short,2026-04-28 20:31,M1 scalp down,4594.74,1,4594.74,-616.1,-0.08,0,409.68,0.06,-616.1,-0.08,30265.84,3.03,29
427,Exit short,2026-04-29 22:05,TSL,4540.04,1,4543.21,508.58,0.07,0,669.01,0.09,-200.54,-0.03,30774.42,3.08,6
427,Entry short,2026-04-29 20:59,M1 scalp down,4543.21,1,4543.21,508.58,0.07,0,669.01,0.09,-200.54,-0.03,30774.42,3.08,6
428,Exit long,2026-04-30 19:40,TSL,4620.64,1,4616.56,654.57,0.09,0,815.01,0.11,-213.38,-0.03,31428.99,3.14,9
428,Entry long,2026-04-30 19:31,M1 scalp up,4616.56,1,4616.56,654.57,0.09,0,815.01,0.11,-213.38,-0.03,31428.99,3.14,9
429,Exit long,2026-04-30 20:01,TSL,4618.75,1,4616.08,428.36,0.06,0,691.47,0.09,-240.65,-0.03,31857.35,3.19,10
429,Entry long,2026-04-30 19:51,M1 scalp up,4616.08,1,4616.08,428.36,0.06,0,691.47,0.09,-240.65,-0.03,31857.35,3.19,10
430,Exit long,2026-04-30 20:20,TSL,4618.49,1,4616.25,359.37,0.05,0,519.81,0.07,-40.11,-0.01,32216.73,3.22,5
430,Entry long,2026-04-30 20:15,M1 scalp up,4616.25,1,4616.25,359.37,0.05,0,519.81,0.07,-40.11,-0.01,32216.73,3.22,5
431,Exit long,2026-04-30 20:57,TSL,4620.61,1,4616.24,701.1,0.09,0,861.54,0.12,-152.41,-0.02,32917.83,3.29,30
431,Entry long,2026-04-30 20:27,M1 scalp up,4616.24,1,4616.24,701.1,0.09,0,861.54,0.12,-152.41,-0.02,32917.83,3.29,30
432,Exit long,2026-05-01 19:52,SL,4610.76,1,4615.71,-775.13,-0.11,0,0,0.00,-775.13,-0.11,32142.7,3.21,11
432,Entry long,2026-05-01 19:41,M1 scalp up,4615.71,1,4615.71,-775.13,-0.11,0,0,0.00,-775.13,-0.11,32142.7,3.21,11
433,Exit long,2026-05-01 20:53,TSL,4614.97,1,4612.25,425.93,0.06,0,582.52,0.08,-336.67,-0.05,32568.63,3.26,15
433,Entry long,2026-05-01 20:38,M1 scalp up,4612.25,1,4612.25,425.93,0.06,0,582.52,0.08,-336.67,-0.05,32568.63,3.26,15
434,Exit short,2026-05-04 20:44,SL,4518.32,1,4514.74,-562.12,-0.08,0,83.22,0.01,-562.12,-0.08,32006.51,3.20,17
434,Entry short,2026-05-04 20:27,M1 scalp down,4514.74,1,4514.74,-562.12,-0.08,0,83.22,0.01,-562.12,-0.08,32006.51,3.20,17
435,Exit short,2026-05-04 22:07,TSL,4519.94,1,4521.69,275.13,0.04,0,485.8,0.07,-416.63,-0.06,32281.64,3.23,11
435,Entry short,2026-05-04 20:56,M1 scalp down,4521.69,1,4521.69,275.13,0.04,0,485.8,0.07,-416.63,-0.06,32281.64,3.23,11
436,Exit short,2026-05-05 17:05,TSL,4559.72,1,4562.02,361.6,0.05,0,518.82,0.07,-4.72,0.00,32643.24,3.26,3
436,Entry short,2026-05-05 17:02,M1 scalp down,4562.02,1,4562.02,361.6,0.05,0,518.82,0.07,-4.72,0.00,32643.24,3.26,3
437,Exit short,2026-05-05 17:55,TSL,4559.22,1,4562.08,449.64,0.06,0,606.86,0.08,0,0.00,33092.89,3.31,5
437,Entry short,2026-05-05 17:50,M1 scalp down,4562.08,1,4562.08,449.64,0.06,0,606.86,0.08,0,0.00,33092.89,3.31,5
438,Exit short,2026-05-05 19:55,TSL,4555.26,1,4557.35,328.59,0.05,0,485.8,0.07,-235.83,-0.03,33421.47,3.34,17
438,Entry short,2026-05-05 19:38,M1 scalp down,4557.35,1,4557.35,328.59,0.05,0,485.8,0.07,-235.83,-0.03,33421.47,3.34,17
439,Exit short,2026-05-05 22:02,TSL,4553.83,1,4556.11,359.95,0.05,0,535.19,0.07,-583.28,-0.08,33781.42,3.38,56
439,Entry short,2026-05-05 20:06,M1 scalp down,4556.11,1,4556.11,359.95,0.05,0,535.19,0.07,-583.28,-0.08,33781.42,3.38,56
440,Exit long,2026-05-06 17:58,TSL,4683.63,1,4681.12,396.26,0.05,0,554.13,0.07,-342.58,-0.05,34177.68,3.42,25
440,Entry long,2026-05-06 17:33,M1 scalp up,4681.12,1,4681.12,396.26,0.05,0,554.13,0.07,-342.58,-0.05,34177.68,3.42,25
441,Exit long,2026-05-06 19:33,TSL,4698.11,1,4695.85,356.79,0.05,0,536.76,0.07,-9.47,0.00,34534.47,3.45,2
441,Entry long,2026-05-06 19:31,M1 scalp up,4695.85,1,4695.85,356.79,0.05,0,536.76,0.07,-9.47,0.00,34534.47,3.45,2
442,Exit long,2026-05-06 19:59,SL,4692.8,1,4697.1,-678.85,-0.09,0,274.7,0.04,-678.85,-0.09,33855.62,3.39,24
442,Entry long,2026-05-06 19:35,M1 scalp up,4697.1,1,4697.1,-678.85,-0.09,0,274.7,0.04,-678.85,-0.09,33855.62,3.39,24
443,Exit long,2026-05-06 20:29,SL,4692.57,1,4696.42,-607.81,-0.08,0,17.37,0.00,-607.81,-0.08,33247.81,3.32,6
443,Entry long,2026-05-06 20:23,M1 scalp up,4696.42,1,4696.42,-607.81,-0.08,0,17.37,0.00,-607.81,-0.08,33247.81,3.32,6
444,Exit long,2026-05-06 20:47,SL,4686.2,1,4689.53,-525.71,-0.07,0,121.56,0.02,-525.71,-0.07,32722.1,3.27,6
444,Entry long,2026-05-06 20:41,M1 scalp up,4689.53,1,4689.53,-525.71,-0.07,0,121.56,0.02,-525.71,-0.07,32722.1,3.27,6
445,Exit long,2026-05-08 17:02,TSL,4714.31,1,4711.85,385.91,0.05,0,586.71,0.08,-83.14,-0.01,33108.01,3.31,6
445,Entry long,2026-05-08 16:56,M1 scalp up,4711.85,1,4711.85,385.91,0.05,0,586.71,0.08,-83.14,-0.01,33108.01,3.31,6
446,Exit long,2026-05-08 18:01,TSL,4723.33,1,4720.13,502,0.07,0,952.23,0.13,-112.95,-0.02,33610,3.36,19
446,Entry long,2026-05-08 17:42,M1 scalp up,4720.13,1,4720.13,502,0.07,0,952.23,0.13,-112.95,-0.02,33610,3.36,19
447,Exit long,2026-05-08 19:41,TSL,4725.82,1,4722.29,553.77,0.07,0,713.78,0.10,-69.02,-0.01,34163.77,3.42,5
447,Entry long,2026-05-08 19:36,M1 scalp up,4722.29,1,4722.29,553.77,0.07,0,713.78,0.10,-69.02,-0.01,34163.77,3.42,5
448,Exit long,2026-05-08 20:10,SL,4720.66,1,4723.93,-512.98,-0.07,0,169.42,0.02,-512.98,-0.07,33650.79,3.37,16
448,Entry long,2026-05-08 19:54,M1 scalp up,4723.93,1,4723.93,-512.98,-0.07,0,169.42,0.02,-512.98,-0.07,33650.79,3.37,16
449,Exit long,2026-05-10 22:01,SL,4698.97,1,4717.16,-2849.43,-0.39,0,296.49,0.04,-2849.43,-0.39,30801.37,3.08,42
449,Entry long,2026-05-08 20:18,M1 scalp up,4717.16,1,4717.16,-2849.43,-0.39,0,296.49,0.04,-2849.43,-0.39,30801.37,3.08,42
450,Exit long,2026-05-11 16:15,SL,4725.91,1,4730.87,-776.97,-0.10,0,327.39,0.04,-776.97,-0.10,30024.39,3.00,8
450,Entry long,2026-05-11 16:07,M1 scalp up,4730.87,1,4730.87,-776.97,-0.10,0,327.39,0.04,-776.97,-0.10,30024.39,3.00,8
451,Exit long,2026-05-11 18:09,TSL,4725.94,1,4722.35,562.37,0.08,0,719.01,0.10,-53.26,-0.01,30586.76,3.06,14
451,Entry long,2026-05-11 17:55,M1 scalp up,4722.35,1,4722.35,562.37,0.08,0,719.01,0.10,-53.26,-0.01,30586.76,3.06,14
452,Exit long,2026-05-11 19:39,TSL,4726.64,1,4723.3,523.2,0.07,0,689.25,0.09,-51.69,-0.01,31109.96,3.11,8
452,Entry long,2026-05-11 19:31,M1 scalp up,4723.3,1,4723.3,523.2,0.07,0,689.25,0.09,-51.69,-0.01,31109.96,3.11,8
453,Exit long,2026-05-11 20:35,TSL,4737.13,1,4734.03,485.61,0.07,0,642.26,0.09,-640.69,-0.09,31595.57,3.16,26
453,Entry long,2026-05-11 20:09,M1 scalp up,4734.03,1,4734.03,485.61,0.07,0,642.26,0.09,-640.69,-0.09,31595.57,3.16,26
454,Exit long,2026-05-11 20:50,SL,4734.81,2,9474.26,-726.85,-0.05,0,75.19,0.01,-726.85,-0.05,30868.72,3.09,4
454,Entry long,2026-05-11 20:46,M1 scalp up,4737.13,2,9474.26,-726.85,-0.05,0,75.19,0.01,-726.85,-0.05,30868.72,3.09,4
455,Exit short,2026-05-12 18:20,SL,4683.88,1,4678.98,-769.97,-0.10,0,422.7,0.06,-769.97,-0.10,30098.75,3.01,36
455,Entry short,2026-05-12 17:44,M1 scalp down,4678.98,1,4678.98,-769.97,-0.10,0,422.7,0.06,-769.97,-0.10,30098.75,3.01,36
456,Exit long,2026-05-12 22:01,TSL,4714.85,1,4713.14,269.52,0.04,0,658.83,0.09,-190.14,-0.03,30368.28,3.04,25
456,Entry long,2026-05-12 20:36,M1 scalp up,4713.14,1,4713.14,269.52,0.04,0,658.83,0.09,-190.14,-0.03,30368.28,3.04,25
457,Exit short,2026-05-13 19:54,TSL,4685.32,1,4688.86,557.96,0.08,0,791.23,0.11,-83.54,-0.01,30926.24,3.09,14
457,Entry short,2026-05-13 19:40,M1 scalp down,4688.86,1,4688.86,557.96,0.08,0,791.23,0.11,-83.54,-0.01,30926.24,3.09,14
458,Exit short,2026-05-13 20:21,SL,4691.77,1,4688.01,-592.64,-0.08,0,81.96,0.01,-592.64,-0.08,30333.6,3.03,15
458,Entry short,2026-05-13 20:06,M1 scalp down,4688.01,1,4688.01,-592.64,-0.08,0,81.96,0.01,-592.64,-0.08,30333.6,3.03,15
459,Exit short,2026-05-13 22:02,TSL,4690.61,2,9383.74,397.78,0.03,0,830.28,0.06,-666.12,-0.04,30731.38,3.07,2
459,Entry short,2026-05-13 22:00,M1 scalp down,4691.87,2,9383.74,397.78,0.03,0,830.28,0.06,-666.12,-0.04,30731.38,3.07,2
460,Exit short,2026-05-14 17:21,SL,4682.97,1,4677.97,-789.24,-0.11,0,26.83,0.00,-789.24,-0.11,29942.14,2.99,22
460,Entry short,2026-05-14 16:59,M1 scalp down,4677.97,1,4677.97,-789.24,-0.11,0,26.83,0.00,-789.24,-0.11,29942.14,2.99,22
461,Exit short,2026-05-14 17:55,TSL,4679.03,1,4681.28,355.16,0.05,0,513.01,0.07,-88.39,-0.01,30297.3,3.03,12
461,Entry short,2026-05-14 17:43,M1 scalp down,4681.28,1,4681.28,355.16,0.05,0,513.01,0.07,-88.39,-0.01,30297.3,3.03,12
462,Exit short,2026-05-14 22:01,TSL,4649.65,1,4650.88,194.79,0.03,0,733.22,0.10,-437.08,-0.06,30492.08,3.05,19
462,Entry short,2026-05-14 20:42,M1 scalp down,4650.88,1,4650.88,194.79,0.03,0,733.22,0.10,-437.08,-0.06,30492.08,3.05,19
463,Exit short,2026-05-15 19:54,TSL,4549.69,1,4552.01,367.4,0.05,0,568.52,0.08,-527.35,-0.07,30859.48,3.09,23
463,Entry short,2026-05-15 19:31,M1 scalp down,4552.01,1,4552.01,367.4,0.05,0,568.52,0.08,-527.35,-0.07,30859.48,3.09,23
464,Exit short,2026-05-17 22:02,TSL,4530.61,1,4539.91,1476.08,0.20,0,1684,0.23,-121.94,-0.02,32335.56,3.23,2
464,Entry short,2026-05-15 20:59,M1 scalp down,4539.91,1,4539.91,1476.08,0.20,0,1684,0.23,-121.94,-0.02,32335.56,3.23,2
465,Exit short,2026-05-18 22:00,SL,4569.22,1,4563.45,-916.2,-0.13,0,171.42,0.02,-916.2,-0.13,31419.36,3.14,18
465,Entry short,2026-05-18 20:42,M1 scalp down,4563.45,1,4563.45,-916.2,-0.13,0,171.42,0.02,-916.2,-0.13,31419.36,3.14,18
466,Exit short,2026-05-19 17:25,TSL,4504.41,1,4508.63,670.08,0.09,0,828.86,0.12,-392.2,-0.05,32089.44,3.21,16
466,Entry short,2026-05-19 17:09,M1 scalp down,4508.63,1,4508.63,670.08,0.09,0,828.86,0.12,-392.2,-0.05,32089.44,3.21,16
467,Exit short,2026-05-19 20:43,TSL,4482.7,1,4485.39,427.13,0.06,0,585.92,0.08,-441.43,-0.06,32516.57,3.25,34
467,Entry short,2026-05-19 20:09,M1 scalp down,4485.39,1,4485.39,427.13,0.06,0,585.92,0.08,-441.43,-0.06,32516.57,3.25,34
468,Exit short,2026-05-19 22:01,TSL,4481.59,1,4483.75,343.6,0.05,0,628.35,0.09,-52.4,-0.01,32860.18,3.29,12
468,Entry short,2026-05-19 20:49,M1 scalp down,4483.75,1,4483.75,343.6,0.05,0,628.35,0.09,-52.4,-0.01,32860.18,3.29,12
469,Exit long,2026-05-20 18:20,TSL,4535.62,1,4532.89,434.28,0.06,0,593.35,0.08,-617.21,-0.09,33294.45,3.33,31
469,Entry long,2026-05-20 17:49,M1 scalp up,4532.89,1,4532.89,434.28,0.06,0,593.35,0.08,-617.21,-0.09,33294.45,3.33,31
470,Exit long,2026-05-20 20:11,TSL,4549.43,1,4545.97,550.4,0.08,0,709.48,0.10,-95.45,-0.01,33844.86,3.38,24
470,Entry long,2026-05-20 19:47,M1 scalp up,4545.97,1,4545.97,550.4,0.08,0,709.48,0.10,-95.45,-0.01,33844.86,3.38,24
471,Exit long,2026-05-20 22:09,SL,4540.76,1,4545.57,-764.33,-0.11,0,429.04,0.06,-764.33,-0.11,33080.53,3.31,48
471,Entry long,2026-05-20 20:21,M1 scalp up,4545.57,1,4545.57,-764.33,-0.11,0,429.04,0.06,-764.33,-0.11,33080.53,3.31,48
472,Exit short,2026-05-21 16:51,TSL,4517.3,1,4520.21,462.41,0.06,0,621.31,0.09,-11.12,0.00,33542.94,3.35,5
472,Entry short,2026-05-21 16:46,M1 scalp down,4520.21,1,4520.21,462.41,0.06,0,621.31,0.09,-11.12,0.00,33542.94,3.35,5
473,Exit short,2026-05-21 17:06,TSL,4516.34,1,4519.78,546.63,0.08,0,705.53,0.10,-352.77,-0.05,34089.57,3.41,6
473,Entry short,2026-05-21 17:00,M1 scalp down,4519.78,1,4519.78,546.63,0.08,0,705.53,0.10,-352.77,-0.05,34089.57,3.41,6
474,Exit long,2026-05-21 19:51,TSL,4542.18,1,4539.36,448.11,0.06,0,607.01,0.08,-50.85,-0.01,34537.68,3.45,6
474,Entry long,2026-05-21 19:45,M1 scalp up,4539.36,1,4539.36,448.11,0.06,0,607.01,0.08,-50.85,-0.01,34537.68,3.45,6
475,Exit long,2026-05-21 19:57,TSL,4542.54,1,4538.56,632.44,0.09,0,839.01,0.12,-603.84,-0.08,35170.12,3.52,3
475,Entry long,2026-05-21 19:54,M1 scalp up,4538.56,1,4538.56,632.44,0.09,0,839.01,0.12,-603.84,-0.08,35170.12,3.52,3
476,Exit long,2026-05-21 22:02,TSL,4544.48,1,4541.44,483.14,0.07,0,672.26,0.09,-268.55,-0.04,35653.25,3.57,40
476,Entry long,2026-05-21 20:22,M1 scalp up,4541.44,1,4541.44,483.14,0.07,0,672.26,0.09,-268.55,-0.04,35653.25,3.57,40
477,Exit short,2026-05-22 16:26,SL,4523.97,1,4519.38,-729.47,-0.10,0,198.66,0.03,-729.47,-0.10,34923.78,3.49,4
477,Entry short,2026-05-22 16:22,M1 scalp down,4519.38,1,4519.38,-729.47,-0.10,0,198.66,0.03,-729.47,-0.10,34923.78,3.49,4
478,Exit short,2026-05-22 17:20,TSL,4515.53,1,4518.1,408.44,0.06,0,570.54,0.08,-460.89,-0.06,35332.22,3.53,19
478,Entry short,2026-05-22 17:01,M1 scalp down,4518.1,1,4518.1,408.44,0.06,0,570.54,0.08,-460.89,-0.06,35332.22,3.53,19
479,Exit short,2026-05-22 20:03,TSL,4505.86,1,4508.72,454.53,0.06,0,613.45,0.09,-332.16,-0.05,35786.75,3.58,27
479,Entry short,2026-05-22 19:36,M1 scalp down,4508.72,1,4508.72,454.53,0.06,0,613.45,0.09,-332.16,-0.05,35786.75,3.58,27
480,Exit short,2026-05-22 20:46,TSL,4505.39,1,4508.12,433.87,0.06,0,645.24,0.09,-384.6,-0.05,36220.62,3.62,32
480,Entry short,2026-05-22 20:14,M1 scalp down,4508.12,1,4508.12,433.87,0.06,0,645.24,0.09,-384.6,-0.05,36220.62,3.62,32
481,Exit short,2026-05-24 22:00,SL,4542.59,1,4507.85,-5529.77,-0.77,0,472.01,0.07,-5529.77,-0.77,30690.84,3.07,11
481,Entry short,2026-05-22 20:49,M1 scalp down,4507.85,1,4507.85,-5529.77,-0.77,0,472.01,0.07,-5529.77,-0.77,30690.84,3.07,11
482,Exit long,2026-05-25 13:57,TSL,4564.01,1,4561.83,347,0.05,0,506.18,0.07,-265.82,-0.04,31037.85,3.10,10
482,Entry long,2026-05-25 13:47,M1 scalp up,4561.83,1,4561.83,347,0.05,0,506.18,0.07,-265.82,-0.04,31037.85,3.10,10
483,Exit long,2026-05-25 15:11,TSL,4570.37,1,4567.79,410.67,0.06,0,576.22,0.08,-425,-0.06,31448.52,3.14,50
483,Entry long,2026-05-25 14:21,M1 scalp up,4567.79,1,4567.79,410.67,0.06,0,576.22,0.08,-425,-0.06,31448.52,3.14,50
484,Exit long,2026-05-25 16:51,TSL,4573.34,1,4571.01,370.88,0.05,0,538.01,0.07,-678.09,-0.09,31819.4,3.18,78
484,Entry long,2026-05-25 15:33,M1 scalp up,4571.01,1,4571.01,370.88,0.05,0,538.01,0.07,-678.09,-0.09,31819.4,3.18,78
485,Exit long,2026-05-25 17:04,TSL,4575.6,1,4571.35,676.5,0.09,0,835.67,0.11,-60.49,-0.01,32495.9,3.25,10
485,Entry long,2026-05-25 16:54,M1 scalp up,4571.35,1,4571.35,676.5,0.09,0,835.67,0.11,-60.49,-0.01,32495.9,3.25,10
486,Exit long,2026-05-25 17:33,SL,4570.18,1,4574.17,-635.11,-0.09,0,68.45,0.01,-635.11,-0.09,31860.79,3.19,18
486,Entry long,2026-05-25 17:15,M1 scalp up,4574.17,1,4574.17,-635.11,-0.09,0,68.45,0.01,-635.11,-0.09,31860.79,3.19,18
487,Exit long,2026-05-25 18:06,TSL,4568.16,1,4563.94,671.72,0.09,0,830.9,0.11,-4.78,0.00,32532.51,3.25,14
487,Entry long,2026-05-25 17:52,M1 scalp up,4563.94,1,4563.94,671.72,0.09,0,830.9,0.11,-4.78,0.00,32532.51,3.25,14
488,Exit short,2026-05-26 16:33,SL,4510.17,1,4505.2,-789.62,-0.11,0,433.74,0.06,-789.62,-0.11,31742.89,3.17,13
488,Entry short,2026-05-26 16:20,M1 scalp down,4505.2,1,4505.2,-789.62,-0.11,0,433.74,0.06,-789.62,-0.11,31742.89,3.17,13
489,Exit short,2026-05-26 16:43,TSL,4507.4,1,4509.84,387.66,0.05,0,546.54,0.08,-4.77,0.00,32130.55,3.21,4
489,Entry short,2026-05-26 16:39,M1 scalp down,4509.84,1,4509.84,387.66,0.05,0,546.54,0.08,-4.77,0.00,32130.55,3.21,4
490,Exit short,2026-05-26 17:31,TSL,4498.99,1,4505.65,1058.13,0.15,0,1217.01,0.17,-306.63,-0.04,33188.68,3.32,29
490,Entry short,2026-05-26 17:02,M1 scalp down,4505.65,1,4505.65,1058.13,0.15,0,1217.01,0.17,-306.63,-0.04,33188.68,3.32,29
491,Exit short,2026-05-26 17:57,TSL,4494.18,1,4500.95,1075.6,0.15,0,1390.18,0.19,-55.61,-0.01,34264.28,3.43,5
491,Entry short,2026-05-26 17:52,M1 scalp down,4500.95,1,4500.95,1075.6,0.15,0,1390.18,0.19,-55.61,-0.01,34264.28,3.43,5
492,Exit short,2026-05-26 19:49,SL,4507.51,1,4503.62,-618.04,-0.09,0,79.44,0.01,-618.04,-0.09,33646.25,3.36,14
492,Entry short,2026-05-26 19:35,M1 scalp down,4503.62,1,4503.62,-618.04,-0.09,0,79.44,0.01,-618.04,-0.09,33646.25,3.36,14
493,Exit short,2026-05-26 20:53,TSL,4504.75,1,4508.38,576.73,0.08,0,735.61,0.10,-389.25,-0.05,34222.97,3.42,56
493,Entry short,2026-05-26 19:57,M1 scalp down,4508.38,1,4508.38,576.73,0.08,0,735.61,0.10,-389.25,-0.05,34222.97,3.42,56
494,Exit short,2026-05-27 17:02,TSL,4448.8,1,4452.13,530.44,0.07,0,745.48,0.11,-189.56,-0.03,34753.41,3.48,21
494,Entry short,2026-05-27 16:41,M1 scalp down,4452.13,1,4452.13,530.44,0.07,0,745.48,0.11,-189.56,-0.03,34753.41,3.48,21
495,Exit short,2026-05-27 17:10,TSL,4443.5,1,4451.66,1299.81,0.18,0,1459.11,0.21,0,0.00,36053.23,3.61,4
495,Entry short,2026-05-27 17:06,M1 scalp down,4451.66,1,4451.66,1299.81,0.18,0,1459.11,0.21,0,0.00,36053.23,3.61,4
496,Exit short,2026-05-27 18:01,TSL,4450.48,1,4453.59,495.4,0.07,0,654.69,0.09,-76.46,-0.01,36548.62,3.65,8
496,Entry short,2026-05-27 17:53,M1 scalp down,4453.59,1,4453.59,495.4,0.07,0,654.69,0.09,-76.46,-0.01,36548.62,3.65,8
497,Exit short,2026-05-27 19:59,TSL,4449.97,1,4452.78,447.61,0.06,0,632.39,0.09,-320.17,-0.05,36996.23,3.70,24
497,Entry short,2026-05-27 19:35,M1 scalp down,4452.78,1,4452.78,447.61,0.06,0,632.39,0.09,-320.17,-0.05,36996.23,3.70,24
498,Exit short,2026-05-27 20:15,SL,4456.7,1,4453.22,-554.33,-0.08,0,259.64,0.04,-554.33,-0.08,36441.89,3.64,13
498,Entry short,2026-05-27 20:02,M1 scalp down,4453.22,1,4453.22,-554.33,-0.08,0,259.64,0.04,-554.33,-0.08,36441.89,3.64,13
499,Exit short,2026-05-27 20:58,SL,4456.05,2,8907.5,-732.74,-0.05,0,60.53,0.00,-732.74,-0.05,35709.16,3.57,10
499,Entry short,2026-05-27 20:48,M1 scalp down,4453.75,2,8907.5,-732.74,-0.05,0,60.53,0.00,-732.74,-0.05,35709.16,3.57,10
500,Exit long,2026-05-28 20:02,SL,4496.21,1,4500,-604.5,-0.08,0,274.34,0.04,-604.5,-0.08,35104.66,3.51,26
500,Entry long,2026-05-28 19:36,M1 scalp up,4500,1,4500,-604.5,-0.08,0,274.34,0.04,-604.5,-0.08,35104.66,3.51,26
501,Exit long,2026-05-28 22:08,SL,4494.42,1,4497.42,-477.69,-0.07,0,240.44,0.03,-477.69,-0.07,34626.97,3.46,29
501,Entry long,2026-05-28 20:39,M1 scalp up,4497.42,1,4497.42,-477.69,-0.07,0,240.44,0.03,-477.69,-0.07,34626.97,3.46,29
502,Exit long,2026-05-29 19:49,SL,4548.84,1,4552.56,-592.34,-0.08,0,74.84,0.01,-592.34,-0.08,34034.63,3.40,6
502,Entry long,2026-05-29 19:43,M1 scalp up,4552.56,1,4552.56,-592.34,-0.08,0,74.84,0.01,-592.34,-0.08,34034.63,3.40,6
503,Exit long,2026-05-29 20:16,TSL,4548.16,1,4545.8,375.78,0.05,0,535.01,0.07,-484.06,-0.07,34410.42,3.44,19
503,Entry long,2026-05-29 19:57,M1 scalp up,4545.8,1,4545.8,375.78,0.05,0,535.01,0.07,-484.06,-0.07,34410.42,3.44,19
504,Exit long,2026-05-29 20:41,SL,4541.57,1,4545.24,-584.37,-0.08,0,41.4,0.01,-584.37,-0.08,33826.04,3.38,20
504,Entry long,2026-05-29 20:21,M1 scalp up,4545.24,1,4545.24,-584.37,-0.08,0,41.4,0.01,-584.37,-0.08,33826.04,3.38,20
505,Exit long,2026-05-31 22:00,SL,4524.71,1,4541.88,-2733.98,-0.38,0,199.04,0.03,-2733.98,-0.38,31092.06,3.11,11
505,Entry long,2026-05-29 20:49,M1 scalp up,4541.88,1,4541.88,-2733.98,-0.38,0,199.04,0.03,-2733.98,-0.38,31092.06,3.11,11
506,Exit short,2026-06-01 16:52,SL,4475.18,1,4470.38,-764.3,-0.11,0,17.52,0.00,-764.3,-0.11,30327.76,3.03,4
506,Entry short,2026-06-01 16:48,M1 scalp down,4470.38,1,4470.38,-764.3,-0.11,0,17.52,0.00,-764.3,-0.11,30327.76,3.03,4
507,Exit short,2026-06-01 17:29,SL,4480.53,1,4475.83,-748.38,-0.11,0,554.12,0.08,-748.38,-0.11,29579.38,2.96,9
507,Entry short,2026-06-01 17:20,M1 scalp down,4475.83,1,4475.83,-748.38,-0.11,0,554.12,0.08,-748.38,-0.11,29579.38,2.96,9
508,Exit short,2026-06-01 22:37,TSL,4481.45,1,4483.21,281,0.04,0,542.84,0.08,-546.03,-0.08,29860.38,2.99,94
508,Entry short,2026-06-01 20:03,M1 scalp down,4483.21,1,4483.21,281,0.04,0,542.84,0.08,-546.03,-0.08,29860.38,2.99,94
509,Exit short,2026-06-02 17:11,TSL,4487.81,1,4490.32,400.74,0.06,0,560.4,0.08,-424.69,-0.06,30261.12,3.03,24
509,Entry short,2026-06-02 16:47,M1 scalp down,4490.32,1,4490.32,400.74,0.06,0,560.4,0.08,-424.69,-0.06,30261.12,3.03,24
510,Exit short,2026-06-02 17:37,TSL,4483.5,1,4488.69,828.63,0.12,0,1004.25,0.14,-493.34,-0.07,31089.74,3.11,8
510,Entry short,2026-06-02 17:29,M1 scalp down,4488.69,1,4488.69,828.63,0.12,0,1004.25,0.14,-493.34,-0.07,31089.74,3.11,8
511,Exit short,2026-06-02 17:56,TSL,4483.62,1,4485.94,370.41,0.05,0,530.06,0.07,-108.57,-0.02,31460.15,3.15,6
511,Entry short,2026-06-02 17:50,M1 scalp down,4485.94,1,4485.94,370.41,0.05,0,530.06,0.07,-108.57,-0.02,31460.15,3.15,6
512,Exit short,2026-06-02 20:15,SL,4490.37,1,4487.2,-506.12,-0.07,0,249.07,0.03,-506.12,-0.07,30954.03,3.10,29
512,Entry short,2026-06-02 19:46,M1 scalp down,4487.2,1,4487.2,-506.12,-0.07,0,249.07,0.03,-506.12,-0.07,30954.03,3.10,29
513,Exit short,2026-06-02 20:47,TSL,4488.92,2,8980.86,482.17,0.03,0,641.83,0.04,-47.9,0.00,31436.2,3.14,16
513,Entry short,2026-06-02 20:31,M1 scalp down,4490.43,2,8980.86,482.17,0.03,0,641.83,0.04,-47.9,0.00,31436.2,3.14,16
514,Exit short,2026-06-02 22:06,TSL,4489.49,2,8980.36,220.67,0.02,0,821.93,0.06,-687.6,-0.05,31656.88,3.17,6
514,Entry short,2026-06-02 22:00,M1 scalp down,4490.18,2,8980.36,220.67,0.02,0,821.93,0.06,-687.6,-0.05,31656.88,3.17,6
515,Exit short,2026-06-03 17:14,TSL,4442.64,1,4445.28,422.16,0.06,0,582.07,0.08,-500.51,-0.07,32079.03,3.21,6
515,Entry short,2026-06-03 17:08,M1 scalp down,4445.28,1,4445.28,422.16,0.06,0,582.07,0.08,-500.51,-0.07,32079.03,3.21,6
516,Exit short,2026-06-03 17:51,TSL,4438.71,1,4440.73,323.01,0.05,0,482.92,0.07,-247.86,-0.03,32402.05,3.24,9
516,Entry short,2026-06-03 17:42,M1 scalp down,4440.73,1,4440.73,323.01,0.05,0,482.92,0.07,-247.86,-0.03,32402.05,3.24,9
517,Exit short,2026-06-03 19:48,TSL,4445.85,1,4448.81,473.33,0.07,0,633.24,0.09,-54.37,-0.01,32875.38,3.29,12
517,Entry short,2026-06-03 19:36,M1 scalp down,4448.81,1,4448.81,473.33,0.07,0,633.24,0.09,-54.37,-0.01,32875.38,3.29,12
518,Exit short,2026-06-03 20:34,TSL,4433.94,1,4439.96,962.65,0.14,0,1122.55,0.16,-6.4,0.00,33838.02,3.38,7
518,Entry short,2026-06-03 20:27,M1 scalp down,4439.96,1,4439.96,962.65,0.14,0,1122.55,0.16,-6.4,0.00,33838.02,3.38,7
519,Exit short,2026-06-03 20:51,TSL,4432.44,1,4434.27,292.63,0.04,0,668.42,0.09,-63.96,-0.01,34130.65,3.41,5
519,Entry short,2026-06-03 20:46,M1 scalp down,4434.27,1,4434.27,292.63,0.04,0,668.42,0.09,-63.96,-0.01,34130.65,3.41,5
520,Exit short,2026-06-03 22:00,SL,4438.14,1,4433.91,-677.07,-0.10,0,140.72,0.02,-677.07,-0.10,33453.58,3.35,5
520,Entry short,2026-06-03 20:55,M1 scalp down,4433.91,1,4433.91,-677.07,-0.10,0,140.72,0.02,-677.07,-0.10,33453.58,3.35,5
521,Exit long,2026-06-04 16:09,TSL,4480.98,1,4476.34,742.7,0.10,0,902.76,0.13,-153.66,-0.02,34196.28,3.42,4
521,Entry long,2026-06-04 16:05,M1 scalp up,4476.34,1,4476.34,742.7,0.10,0,902.76,0.13,-153.66,-0.02,34196.28,3.42,4
522,Exit long,2026-06-04 17:12,SL,4477.31,1,4482.22,-785.91,-0.11,0,286.51,0.04,-785.91,-0.11,33410.36,3.34,41
522,Entry long,2026-06-04 16:31,M1 scalp up,4482.22,1,4482.22,-785.91,-0.11,0,286.51,0.04,-785.91,-0.11,33410.36,3.34,41
523,Exit long,2026-06-04 17:28,TSL,4477.74,1,4474.73,481.79,0.07,0,664.27,0.09,-4.8,0.00,33892.16,3.39,5
523,Entry long,2026-06-04 17:23,M1 scalp up,4474.73,1,4474.73,481.79,0.07,0,664.27,0.09,-4.8,0.00,33892.16,3.39,5
524,Exit long,2026-06-04 17:52,TSL,4479.41,1,4476.96,392.16,0.05,0,552.22,0.08,-134.45,-0.02,34284.31,3.43,9
524,Entry long,2026-06-04 17:43,M1 scalp up,4476.96,1,4476.96,392.16,0.05,0,552.22,0.08,-134.45,-0.02,34284.31,3.43,9
525,Exit long,2026-06-04 19:59,TSL,4481.45,1,4478.46,478.59,0.07,0,638.66,0.09,-265.71,-0.04,34762.9,3.48,21
525,Entry long,2026-06-04 19:38,M1 scalp up,4478.46,1,4478.46,478.59,0.07,0,638.66,0.09,-265.71,-0.04,34762.9,3.48,21
526,Exit long,2026-06-04 20:30,SL,4475.99,1,4479.14,-504.2,-0.07,0,11.2,0.00,-504.2,-0.07,34258.7,3.43,19
526,Entry long,2026-06-04 20:11,M1 scalp up,4479.14,1,4479.14,-504.2,-0.07,0,11.2,0.00,-504.2,-0.07,34258.7,3.43,19
527,Exit long,2026-06-04 22:01,SL,4472.52,2,8949.9,-777.66,-0.05,0,252.9,0.02,-777.66,-0.05,33481.04,3.35,13
527,Entry long,2026-06-04 20:48,M1 scalp up,4474.95,2,8949.9,-777.66,-0.05,0,252.9,0.02,-777.66,-0.05,33481.04,3.35,13
528,Exit short,2026-06-08 18:02,SL,4342.93,1,4338.06,-780.56,-0.11,0,379.86,0.05,-780.56,-0.11,32700.48,3.27,8
528,Entry short,2026-06-08 17:54,M1 scalp down,4338.06,1,4338.06,-780.56,-0.11,0,379.86,0.05,-780.56,-0.11,32700.48,3.27,8
529,Exit short,2026-06-08 19:35,TSL,4327.32,1,4329.36,326.97,0.05,0,487.25,0.07,-134.64,-0.02,33027.45,3.30,3
529,Entry short,2026-06-08 19:32,M1 scalp down,4329.36,1,4329.36,326.97,0.05,0,487.25,0.07,-134.64,-0.02,33027.45,3.30,3
530,Exit short,2026-06-08 19:57,TSL,4324.6,1,4328.22,580.21,0.08,0,782.17,0.11,-294.92,-0.04,33607.66,3.36,6
530,Entry short,2026-06-08 19:51,M1 scalp down,4328.22,1,4328.22,580.21,0.08,0,782.17,0.11,-294.92,-0.04,33607.66,3.36,6
531,Exit short,2026-06-08 20:13,TSL,4327.46,1,4329.58,339.79,0.05,0,500.07,0.07,-35.26,-0.01,33947.46,3.39,8
531,Entry short,2026-06-08 20:05,M1 scalp down,4329.58,1,4329.58,339.79,0.05,0,500.07,0.07,-35.26,-0.01,33947.46,3.39,8
532,Exit short,2026-06-08 22:00,SL,4330.96,1,4327.33,-581.43,-0.08,0,351.01,0.05,-581.43,-0.08,33366.03,3.34,28
532,Entry short,2026-06-08 20:32,M1 scalp down,4327.33,1,4327.33,-581.43,-0.08,0,351.01,0.05,-581.43,-0.08,33366.03,3.34,28
533,Exit short,2026-06-09 22:01,TSL,4254.91,1,4259.74,774.49,0.11,0,995.77,0.15,-339.57,-0.05,34140.52,3.41,45
533,Entry short,2026-06-09 20:16,M1 scalp down,4259.74,1,4259.74,774.49,0.11,0,995.77,0.15,-339.57,-0.05,34140.52,3.41,45
534,Exit short,2026-06-10 22:03,TSL,4060.3,1,4070.37,1616.61,0.25,0,1777.14,0.27,-269.39,-0.04,35757.13,3.58,5
534,Entry short,2026-06-10 20:58,M1 scalp down,4070.37,1,4070.37,1616.61,0.25,0,1777.14,0.27,-269.39,-0.04,35757.13,3.58,5
535,Exit long,2026-06-12 20:51,TSL,4215.9,1,4212.7,511.58,0.08,0,677.84,0.10,-41.57,-0.01,36268.7,3.63,19
535,Entry long,2026-06-12 20:32,M1 scalp up,4212.7,1,4212.7,511.58,0.08,0,677.84,0.10,-41.57,-0.01,36268.7,3.63,19
536,Exit long,2026-06-15 20:12,SL,4316.54,1,4320.58,-647.18,-0.09,0,237.09,0.03,-647.18,-0.09,35621.52,3.56,36
536,Entry long,2026-06-15 19:36,M1 scalp up,4320.58,1,4320.58,-647.18,-0.09,0,237.09,0.03,-647.18,-0.09,35621.52,3.56,36
537,Exit long,2026-06-15 20:44,SL,4308.98,1,4313.24,-682.43,-0.10,0,192.23,0.03,-682.43,-0.10,34939.09,3.49,22
537,Entry long,2026-06-15 20:22,M1 scalp up,4313.24,1,4313.24,-682.43,-0.10,0,192.23,0.03,-682.43,-0.10,34939.09,3.49,22
538,Exit long,2026-06-15 22:01,TSL,4311.27,1,4308.2,492.18,0.07,0,702.2,0.10,-321.99,-0.05,35431.28,3.54,10
538,Entry long,2026-06-15 20:51,M1 scalp up,4308.2,1,4308.2,492.18,0.07,0,702.2,0.10,-321.99,-0.05,35431.28,3.54,10
539,Exit long,2026-06-16 17:14,SL,4334.69,1,4339.1,-707.01,-0.10,0,333.47,0.05,-707.01,-0.10,34724.27,3.47,8
539,Entry long,2026-06-16 17:06,M1 scalp up,4339.1,1,4339.1,-707.01,-0.10,0,333.47,0.05,-707.01,-0.10,34724.27,3.47,8
540,Exit long,2026-06-16 17:52,TSL,4338.84,1,4336.55,367.13,0.05,0,573.95,0.08,0,0.00,35091.4,3.51,3
540,Entry long,2026-06-16 17:49,M1 scalp up,4336.55,1,4336.55,367.13,0.05,0,573.95,0.08,0,0.00,35091.4,3.51,3
541,Exit long,2026-06-16 19:52,SL,4335.99,1,4339.13,-503.4,-0.07,0,97.8,0.01,-503.4,-0.07,34587.99,3.46,17
541,Entry long,2026-06-16 19:35,M1 scalp up,4339.13,1,4339.13,-503.4,-0.07,0,97.8,0.01,-503.4,-0.07,34587.99,3.46,17
542,Exit long,2026-06-16 20:42,TSL,4333.77,1,4331.76,322.24,0.05,0,482.56,0.07,-128.26,-0.02,34910.24,3.49,40
542,Entry long,2026-06-16 20:02,M1 scalp up,4331.76,1,4331.76,322.24,0.05,0,482.56,0.07,-128.26,-0.02,34910.24,3.49,40
543,Exit long,2026-06-16 22:01,TSL,4334.04,1,4330.93,498.76,0.07,0,747.34,0.11,-248.5,-0.04,35409,3.54,15
543,Entry long,2026-06-16 20:46,M1 scalp up,4330.93,1,4330.93,498.76,0.07,0,747.34,0.11,-248.5,-0.04,35409,3.54,15
544,Exit long,2026-06-17 16:40,SL,4359.12,1,4363.51,-704.04,-0.10,0,104.24,0.01,-704.04,-0.10,34704.96,3.47,8
544,Entry long,2026-06-17 16:32,M1 scalp up,4363.51,1,4363.51,-704.04,-0.10,0,104.24,0.01,-704.04,-0.10,34704.96,3.47,8
545,Exit long,2026-06-17 17:07,TSL,4358.66,1,4356.63,325.56,0.05,0,485.93,0.07,-197.26,-0.03,35030.52,3.50,5
545,Entry long,2026-06-17 17:02,M1 scalp up,4356.63,1,4356.63,325.56,0.05,0,485.93,0.07,-197.26,-0.03,35030.52,3.50,5
546,Exit short,2026-06-18 20:37,TSL,4215.15,1,4217.24,335.7,0.05,0,517.21,0.08,-382.29,-0.06,35366.22,3.54,24
546,Entry short,2026-06-18 20:13,M1 scalp down,4217.24,1,4217.24,335.7,0.05,0,517.21,0.08,-382.29,-0.06,35366.22,3.54,24
547,Exit short,2026-06-19 16:03,TSL,4148.16,1,4152.28,664.84,0.10,0,826.2,0.12,-209.78,-0.03,36031.06,3.60,14
547,Entry short,2026-06-19 15:49,M1 scalp down,4152.28,1,4152.28,664.84,0.10,0,826.2,0.12,-209.78,-0.03,36031.06,3.60,14
548,Exit short,2026-06-19 16:39,SL,4151.56,1,4147.6,-639.02,-0.10,0,192.03,0.03,-639.02,-0.10,35392.04,3.54,17
548,Entry short,2026-06-19 16:22,M1 scalp down,4147.6,1,4147.6,-639.02,-0.10,0,192.03,0.03,-639.02,-0.10,35392.04,3.54,17
549,Exit short,2026-06-19 16:48,SL,4156.47,1,4152.27,-677.75,-0.10,0,69.39,0.01,-677.75,-0.10,34714.29,3.47,2
549,Entry short,2026-06-19 16:46,M1 scalp down,4152.27,1,4152.27,-677.75,-0.10,0,69.39,0.01,-677.75,-0.10,34714.29,3.47,2
550,Exit short,2026-06-22 16:58,SL,4189.6,1,4184.77,-778.82,-0.12,0,87.07,0.01,-778.82,-0.12,33935.48,3.39,8
550,Entry short,2026-06-22 16:50,M1 scalp down,4184.77,1,4184.77,-778.82,-0.12,0,87.07,0.01,-778.82,-0.12,33935.48,3.39,8
551,Exit short,2026-06-22 17:30,TSL,4184.31,1,4189.41,822.35,0.12,0,983.6,0.15,-356.35,-0.05,34757.83,3.48,13
551,Entry short,2026-06-22 17:17,M1 scalp down,4189.41,1,4189.41,822.35,0.12,0,983.6,0.15,-356.35,-0.05,34757.83,3.48,13
552,Exit short,2026-06-22 18:15,SL,4187.01,1,4182.59,-712.71,-0.11,0,91.91,0.01,-712.71,-0.11,34045.13,3.40,20
552,Entry short,2026-06-22 17:55,M1 scalp down,4182.59,1,4182.59,-712.71,-0.11,0,91.91,0.01,-712.71,-0.11,34045.13,3.40,20
553,Exit short,2026-06-22 19:45,TSL,4185.33,1,4189.92,740.12,0.11,0,901.37,0.13,-54.82,-0.01,34785.24,3.48,7
553,Entry short,2026-06-22 19:38,M1 scalp down,4189.92,1,4189.92,740.12,0.11,0,901.37,0.13,-54.82,-0.01,34785.24,3.48,7
554,Exit short,2026-06-22 19:58,SL,4191.22,1,4187.51,-598.22,-0.09,0,219.29,0.03,-598.22,-0.09,34187.02,3.42,4
554,Entry short,2026-06-22 19:54,M1 scalp down,4187.51,1,4187.51,-598.22,-0.09,0,219.29,0.03,-598.22,-0.09,34187.02,3.42,4
555,Exit short,2026-06-22 22:31,SL,4193.93,1,4191.1,-457.22,-0.07,0,288.63,0.04,-457.22,-0.07,33729.81,3.37,63
555,Entry short,2026-06-22 20:28,M1 scalp down,4191.1,1,4191.1,-457.22,-0.07,0,288.63,0.04,-457.22,-0.07,33729.81,3.37,63
556,Exit short,2026-06-23 16:58,TSL,4133.49,1,4140.16,1077.61,0.16,0,1273.1,0.19,-602.62,-0.09,34807.41,3.48,25
556,Entry short,2026-06-23 16:33,M1 scalp down,4140.16,1,4140.16,1077.61,0.16,0,1273.1,0.19,-602.62,-0.09,34807.41,3.48,25
557,Exit short,2026-06-23 18:05,TSL,4127.52,1,4130.63,502.45,0.08,0,664.02,0.10,-408.75,-0.06,35309.87,3.53,22
557,Entry short,2026-06-23 17:43,M1 scalp down,4130.63,1,4130.63,502.45,0.08,0,664.02,0.10,-408.75,-0.06,35309.87,3.53,22
558,Exit short,2026-06-23 19:49,TSL,4118.87,1,4122.95,659.17,0.10,0,830.42,0.12,-226.19,-0.03,35969.04,3.60,16
558,Entry short,2026-06-23 19:33,M1 scalp down,4122.95,1,4122.95,659.17,0.10,0,830.42,0.12,-226.19,-0.03,35969.04,3.60,16
559,Exit short,2026-06-23 22:15,SL,4114.18,1,4110.39,-612.34,-0.09,0,318.28,0.05,-612.34,-0.09,35356.7,3.54,46
559,Entry short,2026-06-23 20:29,M1 scalp down,4110.39,1,4110.39,-612.34,-0.09,0,318.28,0.05,-612.34,-0.09,35356.7,3.54,46
560,Exit short,2026-06-24 22:00,SL,4005.81,1,4000.98,-781.38,-0.12,0,369.99,0.06,-781.38,-0.12,34575.31,3.46,2
560,Entry short,2026-06-24 20:58,M1 scalp down,4000.98,1,4000.98,-781.38,-0.12,0,369.99,0.06,-781.38,-0.12,34575.31,3.46,2
561,Exit short,2026-06-25 20:36,TSL,4027.17,1,4030.17,485.33,0.07,0,647.11,0.10,-105.16,-0.02,35060.64,3.51,14
561,Entry short,2026-06-25 20:22,M1 scalp down,4030.17,1,4030.17,485.33,0.07,0,647.11,0.10,-105.16,-0.02,35060.64,3.51,14
562,Exit short,2026-06-25 22:00,SL,4028.95,1,4025.97,-482.11,-0.07,0,40.44,0.01,-482.11,-0.07,34578.54,3.46,3
562,Entry short,2026-06-25 20:57,M1 scalp down,4025.97,1,4025.97,-482.11,-0.07,0,40.44,0.01,-482.11,-0.07,34578.54,3.46,3
563,Exit long,2026-06-26 17:31,SL,4077.66,1,4082.58,-795.96,-0.12,0,412.54,0.06,-795.96,-0.12,33782.57,3.38,17
563,Entry long,2026-06-26 17:14,M1 scalp up,4082.58,1,4082.58,-795.96,-0.12,0,412.54,0.06,-795.96,-0.12,33782.57,3.38,17
564,Exit long,2026-06-26 18:10,TSL,4077.42,1,4074.77,428.72,0.07,0,661.68,0.10,-389.89,-0.06,34211.29,3.42,21
564,Entry long,2026-06-26 17:49,M1 scalp up,4074.77,1,4074.77,428.72,0.07,0,661.68,0.10,-389.89,-0.06,34211.29,3.42,21
565,Exit long,2026-06-26 19:51,TSL,4070.61,1,4067.39,520.93,0.08,0,682.72,0.10,-64.71,-0.01,34732.23,3.47,5
565,Entry long,2026-06-26 19:46,M1 scalp up,4067.39,1,4067.39,520.93,0.08,0,682.72,0.10,-64.71,-0.01,34732.23,3.47,5
566,Exit long,2026-06-26 20:09,SL,4067.55,1,4071.56,-648.74,-0.10,0,6.47,0.00,-648.74,-0.10,34083.49,3.41,4
566,Entry long,2026-06-26 20:05,M1 scalp up,4071.56,1,4071.56,-648.74,-0.10,0,6.47,0.00,-648.74,-0.10,34083.49,3.41,4
567,Exit long,2026-06-26 20:47,TSL,4072.84,1,4068.2,750.66,0.11,0,912.44,0.14,-213.55,-0.03,34834.15,3.48,14
567,Entry long,2026-06-26 20:33,M1 scalp up,4068.2,1,4068.2,750.66,0.11,0,912.44,0.14,-213.55,-0.03,34834.15,3.48,14
568,Exit short,2026-06-29 16:49,SL,4025.97,1,4021.91,-656.47,-0.10,0,0,0.00,-656.47,-0.10,34177.68,3.42,2
568,Entry short,2026-06-29 16:47,M1 scalp down,4021.91,1,4021.91,-656.47,-0.10,0,0,0.00,-656.47,-0.10,34177.68,3.42,2
569,Exit short,2026-06-29 17:27,TSL,4024.22,1,4028.15,635.45,0.10,0,797.14,0.12,-640.3,-0.10,34813.13,3.48,21
569,Entry short,2026-06-29 17:06,M1 scalp down,4028.15,1,4028.15,635.45,0.10,0,797.14,0.12,-640.3,-0.10,34813.13,3.48,21
570,Exit short,2026-06-29 17:48,TSL,4021.85,1,4024.41,413.93,0.06,0,575.62,0.09,-12.94,0.00,35227.06,3.52,5
570,Entry short,2026-06-29 17:43,M1 scalp down,4024.41,1,4024.41,413.93,0.06,0,575.62,0.09,-12.94,0.00,35227.06,3.52,5
571,Exit short,2026-06-29 22:01,SL,4019.22,1,4015.36,-625.04,-0.10,0,399.38,0.06,-625.04,-0.10,34602.02,3.46,58
571,Entry short,2026-06-29 20:03,M1 scalp down,4015.36,1,4015.36,-625.04,-0.10,0,399.38,0.06,-625.04,-0.10,34602.02,3.46,58
572,Exit long,2026-06-30 16:44,TSL,4030.87,1,4028.46,390.25,0.06,0,594.28,0.09,-182.98,-0.03,34992.27,3.50,16
572,Entry long,2026-06-30 16:28,M1 scalp up,4028.46,1,4028.46,390.25,0.06,0,594.28,0.09,-182.98,-0.03,34992.27,3.50,16
573,Exit long,2026-06-30 17:05,SL,4024.42,1,4028.8,-709.24,-0.11,0,124.68,0.02,-709.24,-0.11,34283.02,3.43,9
573,Entry long,2026-06-30 16:56,M1 scalp up,4028.8,1,4028.8,-709.24,-0.11,0,124.68,0.02,-709.24,-0.11,34283.02,3.43,9
574,Exit short,2026-06-30 19:54,TSL,4016.91,1,4022.66,931.09,0.14,0,1093.01,0.17,-4.86,0.00,35214.11,3.52,12
574,Entry short,2026-06-30 19:42,M1 scalp down,4022.66,1,4022.66,931.09,0.14,0,1093.01,0.17,-4.86,0.00,35214.11,3.52,12
575,Exit short,2026-06-30 20:27,TSL,4014.58,1,4017.99,552.17,0.08,0,714.1,0.11,-503.6,-0.08,35766.28,3.58,23
575,Entry short,2026-06-30 20:04,M1 scalp down,4017.99,1,4017.99,552.17,0.08,0,714.1,0.11,-503.6,-0.08,35766.28,3.58,23
576,Exit short,2026-06-30 20:56,TSL,4008.3,2,8022.48,952.14,0.07,0,1114.06,0.09,-25.91,0.00,36718.42,3.67,4
576,Entry short,2026-06-30 20:52,M1 scalp down,4011.24,2,8022.48,952.14,0.07,0,1114.06,0.09,-25.91,0.00,36718.42,3.67,4
577,Exit long,2026-07-01 18:18,SL,4065.96,1,4070.19,-687.45,-0.10,0,91.01,0.01,-687.45,-0.10,36030.96,3.60,23
577,Entry long,2026-07-01 17:55,M1 scalp up,4070.19,1,4070.19,-687.45,-0.10,0,91.01,0.01,-687.45,-0.10,36030.96,3.60,23
578,Exit long,2026-07-01 19:44,SL,4053.59,1,4057.65,-659.82,-0.10,0,84.51,0.01,-659.82,-0.10,35371.14,3.54,11
578,Entry long,2026-07-01 19:33,M1 scalp up,4057.65,1,4057.65,-659.82,-0.10,0,84.51,0.01,-659.82,-0.10,35371.14,3.54,11
579,Exit long,2026-07-01 19:50,SL,4049.01,1,4052.77,-611.07,-0.09,0,65.01,0.01,-611.07,-0.09,34760.07,3.48,1
579,Entry long,2026-07-01 19:49,M1 scalp up,4052.77,1,4052.77,-611.07,-0.09,0,65.01,0.01,-611.07,-0.09,34760.07,3.48,1
580,Exit long,2026-07-01 20:46,SL,4032.17,1,4036.28,-667.95,-0.10,0,22.75,0.00,-667.95,-0.10,34092.13,3.41,11
580,Entry long,2026-07-01 20:35,M1 scalp up,4036.28,1,4036.28,-667.95,-0.10,0,22.75,0.00,-667.95,-0.10,34092.13,3.41,11
581,Exit long,2026-07-01 20:52,TSL,4032.79,1,4032.35,71.51,0.01,0,552.56,0.08,-24.38,0.00,34163.63,3.42,3
581,Entry long,2026-07-01 20:49,M1 scalp up,4032.35,1,4032.35,71.51,0.01,0,552.56,0.08,-24.38,0.00,34163.63,3.42,3
582,Exit long,2026-07-01 22:03,TSL,4037.35,1,4032.27,825.85,0.13,0,988.42,0.15,-380.29,-0.06,34989.48,3.50,8
582,Entry long,2026-07-01 20:55,M1 scalp up,4032.27,1,4032.27,825.85,0.13,0,988.42,0.15,-380.29,-0.06,34989.48,3.50,8
583,Exit long,2026-07-02 20:21,TSL,4123.46,1,4119.6,627.52,0.09,0,816.1,0.12,-78.03,-0.01,35617,3.56,3
583,Entry long,2026-07-02 20:18,M1 scalp up,4119.6,1,4119.6,627.52,0.09,0,816.1,0.12,-78.03,-0.01,35617,3.56,3
584,Exit long,2026-07-02 20:47,SL,4119.71,1,4123.11,-552.73,-0.08,0,87.79,0.01,-552.73,-0.08,35064.27,3.51,12
584,Entry long,2026-07-02 20:35,M1 scalp up,4123.11,1,4123.11,-552.73,-0.08,0,87.79,0.01,-552.73,-0.08,35064.27,3.51,12
585,Exit long,2026-07-02 20:58,TSL,4123.16,1,4119.69,564.11,0.08,0,726.68,0.11,-71.53,-0.01,35628.38,3.56,5
585,Entry long,2026-07-02 20:53,M1 scalp up,4119.69,1,4119.69,564.11,0.08,0,726.68,0.11,-71.53,-0.01,35628.38,3.56,5
586,Exit long,2026-07-03 14:48,TSL,4166.96,1,4163.9,492.95,0.07,0,660.49,0.10,-46.72,-0.01,36121.33,3.61,3
586,Entry long,2026-07-03 14:45,M1 scalp up,4163.9,1,4163.9,492.95,0.07,0,660.49,0.10,-46.72,-0.01,36121.33,3.61,3
587,Exit long,2026-07-03 15:30,SL,4166.81,1,4170.87,-654.05,-0.10,0,178.82,0.03,-654.05,-0.10,35467.29,3.55,11
587,Entry long,2026-07-03 15:19,M1 scalp up,4170.87,1,4170.87,-654.05,-0.10,0,178.82,0.03,-654.05,-0.10,35467.29,3.55,11
588,Exit long,2026-07-03 16:35,TSL,4168.77,1,4166.37,386.63,0.06,0,631.5,0.09,-594.44,-0.09,35853.91,3.59,63
588,Entry long,2026-07-03 15:32,M1 scalp up,4166.37,1,4166.37,386.63,0.06,0,631.5,0.09,-594.44,-0.09,35853.91,3.59,63
589,Exit long,2026-07-06 16:33,TSL,4147.31,1,4144.79,406.54,0.06,0,588.84,0.09,-725.96,-0.11,36260.45,3.63,31
589,Entry long,2026-07-06 16:02,M1 scalp up,4144.79,1,4144.79,406.54,0.06,0,588.84,0.09,-725.96,-0.11,36260.45,3.63,31
590,Exit long,2026-07-06 17:25,TSL,4157.18,1,4153.12,654.98,0.10,0,888.9,0.13,-480.75,-0.07,36915.43,3.69,14
590,Entry long,2026-07-06 17:11,M1 scalp up,4153.12,1,4153.12,654.98,0.10,0,888.9,0.13,-480.75,-0.07,36915.43,3.69,14
591,Exit long,2026-07-06 17:52,TSL,4160.23,1,4156.59,587.22,0.09,0,748.55,0.11,-56.46,-0.01,37502.66,3.75,7
591,Entry long,2026-07-06 17:45,M1 scalp up,4156.59,1,4156.59,587.22,0.09,0,748.55,0.11,-56.46,-0.01,37502.66,3.75,7
592,Exit long,2026-07-06 19:50,TSL,4163.04,1,4160.6,393.63,0.06,0,554.96,0.08,-130.67,-0.02,37896.29,3.79,14
592,Entry long,2026-07-06 19:36,M1 scalp up,4160.6,1,4160.6,393.63,0.06,0,554.96,0.08,-130.67,-0.02,37896.29,3.79,14
593,Exit long,2026-07-06 20:39,TSL,4163.67,1,4161.64,327.49,0.05,0,488.81,0.07,-151.65,-0.02,38223.78,3.82,41
593,Entry long,2026-07-06 19:58,M1 scalp up,4161.64,1,4161.64,327.49,0.05,0,488.81,0.07,-151.65,-0.02,38223.78,3.82,41
594,Exit long,2026-07-07 16:53,TSL,4145.69,1,4143.49,356.56,0.05,0,518.63,0.08,-403.56,-0.06,38580.34,3.86,19
594,Entry long,2026-07-07 16:34,M1 scalp up,4143.49,1,4143.49,356.56,0.05,0,518.63,0.08,-403.56,-0.06,38580.34,3.86,19
595,Exit long,2026-07-07 17:32,TSL,4147.21,1,4144.16,494.32,0.07,0,656.39,0.10,-575.36,-0.09,39074.66,3.91,21
595,Entry long,2026-07-07 17:11,M1 scalp up,4144.16,1,4144.16,494.32,0.07,0,656.39,0.10,-575.36,-0.09,39074.66,3.91,21
596,Exit long,2026-07-07 18:02,SL,4141.61,1,4145.33,-602.91,-0.09,0,16.21,0.00,-602.91,-0.09,38471.75,3.85,12
596,Entry long,2026-07-07 17:50,M1 scalp up,4145.33,1,4145.33,-602.91,-0.09,0,16.21,0.00,-602.91,-0.09,38471.75,3.85,12
597,Exit short,2026-07-07 20:38,TSL,4105.23,1,4110.64,876.81,0.13,0,1038.88,0.16,-50.24,-0.01,39348.56,3.93,8
597,Entry short,2026-07-07 20:30,M1 scalp down,4110.64,1,4110.64,876.81,0.13,0,1038.88,0.16,-50.24,-0.01,39348.56,3.93,8
598,Exit short,2026-07-07 22:01,TSL,4095.07,1,4106.25,1812.02,0.27,0,2095.66,0.31,0,0.00,41160.58,4.12,3
598,Entry short,2026-07-07 20:58,M1 scalp down,4106.25,1,4106.25,1812.02,0.27,0,2095.66,0.31,0,0.00,41160.58,4.12,3
599,Exit short,2026-07-08 20:37,TSL,4072.28,1,4076.62,703.41,0.11,0,865.49,0.13,-278.77,-0.04,41863.99,4.19,7
599,Entry short,2026-07-08 20:30,M1 scalp down,4076.62,1,4076.62,703.41,0.11,0,865.49,0.13,-278.77,-0.04,41863.99,4.19,7
600,Exit short,2026-07-08 22:04,TSL,4074.28,1,4076.8,409.69,0.06,0,572.27,0.09,-444.09,-0.07,42273.69,4.23,13
600,Entry short,2026-07-08 20:51,M1 scalp down,4076.8,1,4076.8,409.69,0.06,0,572.27,0.09,-444.09,-0.07,42273.69,4.23,13
601,Exit long,2026-07-09 16:12,TSL,4129.7,1,4126.81,469.85,0.07,0,632.42,0.09,-178.83,-0.03,42743.54,4.27,12
601,Entry long,2026-07-09 16:00,M1 scalp up,4126.81,1,4126.81,469.85,0.07,0,632.42,0.09,-178.83,-0.03,42743.54,4.27,12
602,Exit long,2026-07-09 16:33,TSL,4137.02,1,4129.12,1284.36,0.19,0,1453.44,0.22,-52.02,-0.01,44027.9,4.40,9
602,Entry long,2026-07-09 16:24,M1 scalp up,4129.12,1,4129.12,1284.36,0.19,0,1453.44,0.22,-52.02,-0.01,44027.9,4.40,9
603,Exit long,2026-07-09 17:00,SL,4127.88,1,4132.24,-708.84,-0.11,0,217.85,0.03,-708.84,-0.11,43319.06,4.33,12
603,Entry long,2026-07-09 16:48,M1 scalp up,4132.24,1,4132.24,-708.84,-0.11,0,217.85,0.03,-708.84,-0.11,43319.06,4.33,12
604,Exit long,2026-07-09 17:31,TSL,4132.35,1,4126.28,986.84,0.15,0,1259.97,0.19,-199.97,-0.03,44305.9,4.43,20
604,Entry long,2026-07-09 17:11,M1 scalp up,4126.28,1,4126.28,986.84,0.15,0,1259.97,0.19,-199.97,-0.03,44305.9,4.43,20
605,Exit long,2026-07-09 19:52,TSL,4122.55,1,4120.3,365.8,0.05,0,528.38,0.08,-224.36,-0.03,44671.7,4.47,10
605,Entry long,2026-07-09 19:42,M1 scalp up,4120.3,1,4120.3,365.8,0.05,0,528.38,0.08,-224.36,-0.03,44671.7,4.47,10
606,Exit long,2026-07-09 20:37,TSL,4124.66,1,4121.54,507.24,0.08,0,669.82,0.10,-160.95,-0.02,45178.94,4.52,34
606,Entry long,2026-07-09 20:03,M1 scalp up,4121.54,1,4121.54,507.24,0.08,0,669.82,0.10,-160.95,-0.02,45178.94,4.52,34
607,Exit long,2026-07-09 22:01,TSL,4124.31,2,8245.92,438.34,0.03,0,685.11,0.05,-19.51,0.00,45617.28,4.56,14
607,Entry long,2026-07-09 20:47,M1 scalp up,4122.96,2,8245.92,438.34,0.03,0,685.11,0.05,-19.51,0.00,45617.28,4.56,14
608,Exit long,2026-07-10 16:48,SL,4107.84,1,4112.26,-717.58,-0.11,0,232.16,0.03,-717.58,-0.11,44899.7,4.49,8
608,Entry long,2026-07-10 16:40,M1 scalp up,4112.26,1,4112.26,-717.58,-0.11,0,232.16,0.03,-717.58,-0.11,44899.7,4.49,8
609,Exit short,2026-07-10 18:02,TSL,4101.03,1,4105.2,676.99,0.10,0,839.34,0.13,-275.99,-0.04,45576.69,4.56,50
609,Entry short,2026-07-10 17:12,M1 scalp down,4105.2,1,4105.2,676.99,0.10,0,839.34,0.13,-275.99,-0.04,45576.69,4.56,50
610,Exit short,2026-07-10 19:54,SL,4105.63,1,4102.76,-465.94,-0.07,0,139.62,0.02,-465.94,-0.07,45110.75,4.51,15
610,Entry short,2026-07-10 19:39,M1 scalp down,4102.76,1,4102.76,-465.94,-0.07,0,139.62,0.02,-465.94,-0.07,45110.75,4.51,15
611,Exit long,2026-07-10 20:54,TSL,4119.04,1,4110.98,1308.52,0.20,0,1493.6,0.22,-110.4,-0.02,46419.28,4.64,37
611,Entry long,2026-07-10 20:17,M1 scalp up,4110.98,1,4110.98,1308.52,0.20,0,1493.6,0.22,-110.4,-0.02,46419.28,4.64,37
612,Exit short,2026-07-13 19:36,TSL,3997.18,1,4000.04,462.36,0.07,0,691.92,0.11,-169.75,-0.03,46881.63,4.69,5
612,Entry short,2026-07-13 19:31,M1 scalp down,4000.04,1,4000.04,462.36,0.07,0,691.92,0.11,-169.75,-0.03,46881.63,4.69,5
613,Exit short,2026-07-13 20:03,SL,4003.68,1,3998.93,-767.9,-0.12,0,323.33,0.05,-767.9,-0.12,46113.73,4.61,16
613,Entry short,2026-07-13 19:47,M1 scalp down,3998.93,1,3998.93,-767.9,-0.12,0,323.33,0.05,-767.9,-0.12,46113.73,4.61,16
614,Exit short,2026-07-13 22:00,SL,4003.24,1,3999.67,-579.88,-0.09,0,412.24,0.06,-579.88,-0.09,45533.86,4.55,31
614,Entry short,2026-07-13 20:29,M1 scalp down,3999.67,1,3999.67,-579.88,-0.09,0,412.24,0.06,-579.88,-0.09,45533.86,4.55,31
615,Exit long,2026-07-14 17:25,TSL,4060.52,1,4058.35,352.48,0.05,0,514.91,0.08,-630.23,-0.10,45886.33,4.59,13
615,Entry long,2026-07-14 17:12,M1 scalp up,4058.35,1,4058.35,352.48,0.05,0,514.91,0.08,-630.23,-0.10,45886.33,4.59,13
616,Exit long,2026-07-14 18:25,SL,4056.64,1,4060.9,-691.96,-0.10,0,475.92,0.07,-691.96,-0.10,45194.38,4.52,43
616,Entry long,2026-07-14 17:42,M1 scalp up,4060.9,1,4060.9,-691.96,-0.10,0,475.92,0.07,-691.96,-0.10,45194.38,4.52,43
617,Exit long,2026-07-14 20:33,SL,4051.39,1,4054.48,-501.91,-0.08,0,173.8,0.03,-501.91,-0.08,44692.46,4.47,21
617,Entry long,2026-07-14 20:12,M1 scalp up,4054.48,1,4054.48,-501.91,-0.08,0,173.8,0.03,-501.91,-0.08,44692.46,4.47,21
618,Exit long,2026-07-15 22:01,TSL,4063.81,1,4060.28,572.47,0.09,0,806,0.12,-113.57,-0.02,45264.94,4.53,26
618,Entry long,2026-07-15 20:35,M1 scalp up,4060.28,1,4060.28,572.47,0.09,0,806,0.12,-113.57,-0.02,45264.94,4.53,26
619,Exit short,2026-07-16 17:26,TSL,3983.73,1,3988.4,757.35,0.12,0,922.77,0.14,-45.41,-0.01,46022.29,4.60,4
619,Entry short,2026-07-16 17:22,M1 scalp down,3988.4,1,3988.4,757.35,0.12,0,922.77,0.14,-45.41,-0.01,46022.29,4.60,4
620,Exit short,2026-07-16 22:03,SL,3979.13,1,3975.3,-621.92,-0.10,0,316.24,0.05,-621.92,-0.10,45400.37,4.54,36
620,Entry short,2026-07-16 20:27,M1 scalp down,3975.3,1,3975.3,-621.92,-0.10,0,316.24,0.05,-621.92,-0.10,45400.37,4.54,36
621,Exit long,2026-07-17 17:02,TSL,4018.24,1,4015.85,388.09,0.06,0,550.48,0.08,-185.12,-0.03,45788.46,4.58,4
621,Entry long,2026-07-17 16:58,M1 scalp up,4015.85,1,4015.85,388.09,0.06,0,550.48,0.08,-185.12,-0.03,45788.46,4.58,4
622,Exit long,2026-07-17 17:41,SL,4010.25,1,4014.65,-714.48,-0.11,0,211.1,0.03,-714.48,-0.11,45073.98,4.51,28
622,Entry long,2026-07-17 17:13,M1 scalp up,4014.65,1,4014.65,-714.48,-0.11,0,211.1,0.03,-714.48,-0.11,45073.98,4.51,28
623,Exit long,2026-07-17 18:30,TSL,4014.87,1,4010.55,701.49,0.11,0,893.1,0.14,-470.91,-0.07,45775.47,4.58,47
623,Entry long,2026-07-17 17:43,M1 scalp up,4010.55,1,4010.55,701.49,0.11,0,893.1,0.14,-470.91,-0.07,45775.47,4.58,47
624,Exit short,2026-07-17 19:45,SL,4010.92,1,4007.08,-623.55,-0.10,0,212.72,0.03,-623.55,-0.10,45151.92,4.52,13
624,Entry short,2026-07-17 19:32,M1 scalp down,4007.08,1,4007.08,-623.55,-0.10,0,212.72,0.03,-623.55,-0.10,45151.92,4.52,13
625,Exit long,2026-07-17 20:20,SL,4008.97,1,4013.19,-685.25,-0.11,0,84.44,0.01,-685.25,-0.11,44466.67,4.45,14
625,Entry long,2026-07-17 20:06,M1 scalp up,4013.19,1,4013.19,-685.25,-0.11,0,84.44,0.01,-685.25,-0.11,44466.67,4.45,14
626,Exit long,2026-07-17 20:46,TSL,4014.94,1,4009.87,823.28,0.13,0,1031.13,0.16,-211.1,-0.03,45289.95,4.53,23
626,Entry long,2026-07-17 20:23,M1 scalp up,4009.87,1,4009.87,823.28,0.13,0,1031.13,0.16,-211.1,-0.03,45289.95,4.53,23
627,Exit long,2026-07-20 16:08,TSL,4017.37,1,4012.91,724.11,0.11,0,886.46,0.14,-277.63,-0.04,46014.06,4.60,10
627,Entry long,2026-07-20 15:58,M1 scalp up,4012.91,1,4012.91,724.11,0.11,0,886.46,0.14,-277.63,-0.04,46014.06,4.60,10
628,Exit long,2026-07-20 16:41,SL,4009.02,1,4013.53,-732.23,-0.11,0,144.5,0.02,-732.23,-0.11,45281.83,4.53,27
628,Entry long,2026-07-20 16:14,M1 scalp up,4013.53,1,4013.53,-732.23,-0.11,0,144.5,0.02,-732.23,-0.11,45281.83,4.53,27
629,Exit short,2026-07-20 17:52,TSL,4004.85,1,4009.41,740.34,0.11,0,902.7,0.14,-589.35,-0.09,46022.17,4.60,54
629,Entry short,2026-07-20 16:58,M1 scalp down,4009.41,1,4009.41,740.34,0.11,0,902.7,0.14,-589.35,-0.09,46022.17,4.60,54
630,Exit short,2026-07-20 22:43,TSL,4004.5,1,4008.05,576.81,0.09,0,833.53,0.13,-448.45,-0.07,46598.98,4.66,86
630,Entry short,2026-07-20 20:17,M1 scalp down,4008.05,1,4008.05,576.81,0.09,0,833.53,0.13,-448.45,-0.07,46598.98,4.66,86
631,Exit long,2026-07-21 16:37,SL,4072.56,1,4076.37,-619.05,-0.09,0,289.22,0.04,-619.05,-0.09,45979.93,4.60,16
631,Entry long,2026-07-21 16:21,M1 scalp up,4076.37,1,4076.37,-619.05,-0.09,0,289.22,0.04,-619.05,-0.09,45979.93,4.60,16
632,Exit long,2026-07-21 17:03,SL,4069.53,1,4073.51,-646.67,-0.10,0,86.11,0.01,-646.67,-0.10,45333.25,4.53,21
632,Entry long,2026-07-21 16:42,M1 scalp up,4073.51,1,4073.51,-646.67,-0.10,0,86.11,0.01,-646.67,-0.10,45333.25,4.53,21
633,Exit long,2026-07-21 17:30,TSL,4071.84,1,4069.55,372.08,0.06,0,534.56,0.08,-90.99,-0.01,45705.34,4.57,13
633,Entry long,2026-07-21 17:17,M1 scalp up,4069.55,1,4069.55,372.08,0.06,0,534.56,0.08,-90.99,-0.01,45705.34,4.57,13
634,Exit long,2026-07-21 17:42,SL,4066.99,1,4070,-489.07,-0.07,0,66.62,0.01,-489.07,-0.07,45216.27,4.52,8
634,Entry long,2026-07-21 17:34,M1 scalp up,4070,1,4070,-489.07,-0.07,0,66.62,0.01,-489.07,-0.07,45216.27,4.52,8
635,Exit long,2026-07-21 18:15,TSL,4071.4,1,4066.96,721.42,0.11,0,883.9,0.13,-24.37,0.00,45937.68,4.59,29
635,Entry long,2026-07-21 17:46,M1 scalp up,4066.96,1,4066.96,721.42,0.11,0,883.9,0.13,-24.37,0.00,45937.68,4.59,29
636,Exit long,2026-07-21 20:03,TSL,4084.5,1,4082.73,287.59,0.04,0,602.8,0.09,-118.61,-0.02,46225.27,4.62,27
636,Entry long,2026-07-21 19:36,M1 scalp up,4082.73,1,4082.73,287.59,0.04,0,602.8,0.09,-118.61,-0.02,46225.27,4.62,27
637,Exit long,2026-07-21 20:40,SL,4081.23,1,4084.15,-474.44,-0.07,0,165.73,0.02,-474.44,-0.07,45750.83,4.58,27
637,Entry long,2026-07-21 20:13,M1 scalp up,4084.15,1,4084.15,-474.44,-0.07,0,165.73,0.02,-474.44,-0.07,45750.83,4.58,27
638,Exit long,2026-07-21 22:01,TSL,4079.44,1,4077.36,339.35,0.05,0,513.92,0.08,-164.11,-0.02,46090.18,4.61,6
638,Entry long,2026-07-21 20:55,M1 scalp up,4077.36,1,4077.36,339.35,0.05,0,513.92,0.08,-164.11,-0.02,46090.18,4.61,6
639,Exit long,2026-07-22 16:17,SL,4151.91,1,4156.77,-792.9,-0.12,0,6.53,0.00,-792.9,-0.12,45297.27,4.53,7
639,Entry long,2026-07-22 16:10,M1 scalp up,4156.77,1,4156.77,-792.9,-0.12,0,6.53,0.00,-792.9,-0.12,45297.27,4.53,7
640,Exit long,2026-07-22 16:28,SL,4148.67,1,4153.26,-748.85,-0.11,0,53.84,0.01,-748.85,-0.11,44548.42,4.45,5
640,Entry long,2026-07-22 16:23,M1 scalp up,4153.26,1,4153.26,-748.85,-0.11,0,53.84,0.01,-748.85,-0.11,44548.42,4.45,5
641,Exit long,2026-07-22 16:59,TSL,4148.05,1,4145.28,451.92,0.07,0,615.07,0.09,-70.15,-0.01,45000.34,4.50,7
641,Entry long,2026-07-22 16:52,M1 scalp up,4145.28,1,4145.28,451.92,0.07,0,615.07,0.09,-70.15,-0.01,45000.34,4.50,7
642,Exit long,2026-07-22 17:38,SL,4140.27,1,4145.15,-796.17,-0.12,0,401.35,0.06,-796.17,-0.12,44204.18,4.42,36
642,Entry long,2026-07-22 17:02,M1 scalp up,4145.15,1,4145.15,-796.17,-0.12,0,401.35,0.06,-796.17,-0.12,44204.18,4.42,36
643,Exit long,2026-07-22 19:35,TSL,4135.37,1,4132.9,402.98,0.06,0,566.13,0.08,-29.37,0.00,44607.16,4.46,4
643,Entry long,2026-07-22 19:31,M1 scalp up,4132.9,1,4132.9,402.98,0.06,0,566.13,0.08,-29.37,0.00,44607.16,4.46,4
644,Exit long,2026-07-22 19:54,SL,4130.57,1,4134.04,-566.13,-0.08,0,213.73,0.03,-566.13,-0.08,44041.03,4.40,9
644,Entry long,2026-07-22 19:45,M1 scalp up,4134.04,1,4134.04,-566.13,-0.08,0,213.73,0.03,-566.13,-0.08,44041.03,4.40,9
645,Exit long,2026-07-22 20:42,SL,4132.06,1,4135.5,-561.23,-0.08,0,3.26,0.00,-561.23,-0.08,43479.8,4.35,8
645,Entry long,2026-07-22 20:34,M1 scalp up,4135.5,1,4135.5,-561.23,-0.08,0,3.26,0.00,-561.23,-0.08,43479.8,4.35,8
646,Exit long,2026-07-22 22:00,SL,4121.46,1,4128.77,-1192.54,-0.18,0,233.3,0.03,-1192.54,-0.18,42287.26,4.23,8
646,Entry long,2026-07-22 20:52,M1 scalp up,4128.77,1,4128.77,-1192.54,-0.18,0,233.3,0.03,-1192.54,-0.18,42287.26,4.23,8
647,Exit short,2026-07-23 16:20,TSL,4046.86,1,4049.93,500.83,0.08,0,663.97,0.10,-135.4,-0.02,42788.09,4.28,8
647,Entry short,2026-07-23 16:12,M1 scalp down,4049.93,1,4049.93,500.83,0.08,0,663.97,0.10,-135.4,-0.02,42788.09,4.28,8
648,Exit short,2026-07-23 16:36,TSL,4049.05,1,4050.44,226.76,0.03,0,513.88,0.08,-150.09,-0.02,43014.85,4.30,13
648,Entry short,2026-07-23 16:23,M1 scalp down,4050.44,1,4050.44,226.76,0.03,0,513.88,0.08,-150.09,-0.02,43014.85,4.30,13
649,Exit short,2026-07-23 17:01,SL,4053.98,1,4050.43,-579.14,-0.09,0,396.43,0.06,-579.14,-0.09,42435.71,4.24,15
649,Entry short,2026-07-23 16:46,M1 scalp down,4050.43,1,4050.43,-579.14,-0.09,0,396.43,0.06,-579.14,-0.09,42435.71,4.24,15
650,Exit short,2026-07-23 17:10,TSL,4048.09,1,4052.71,753.7,0.11,0,952.73,0.14,-79.94,-0.01,43189.41,4.32,4
650,Entry short,2026-07-23 17:06,M1 scalp down,4052.71,1,4052.71,753.7,0.11,0,952.73,0.14,-79.94,-0.01,43189.41,4.32,4
651,Exit short,2026-07-23 17:36,TSL,4045.53,1,4049.37,626.45,0.09,0,789.59,0.12,-76.67,-0.01,43815.86,4.38,12
651,Entry short,2026-07-23 17:24,M1 scalp down,4049.37,1,4049.37,626.45,0.09,0,789.59,0.12,-76.67,-0.01,43815.86,4.38,12
652,Exit short,2026-07-24 00:00,TSL,4047.66,1,4049.96,376.81,0.06,0,540.64,0.08,-233.29,-0.04,44192.67,4.42,188
652,Entry short,2026-07-23 19:52,M1 scalp down,4049.96,1,4049.96,376.81,0.06,0,540.64,0.08,-233.29,-0.04,44192.67,4.42,188
653,Exit long,2026-07-24 16:30,SL,4070.65,1,4075.35,-770.01,-0.12,0,457.09,0.07,-770.01,-0.12,43422.66,4.34,17
653,Entry long,2026-07-24 16:13,M1 scalp up,4075.35,1,4075.35,-770.01,-0.12,0,457.09,0.07,-770.01,-0.12,43422.66,4.34,17
654,Exit long,2026-07-24 16:45,SL,4066.67,1,4071.01,-711.03,-0.11,0,132.7,0.02,-711.03,-0.11,42711.64,4.27,9
654,Entry long,2026-07-24 16:36,M1 scalp up,4071.01,1,4071.01,-711.03,-0.11,0,132.7,0.02,-711.03,-0.11,42711.64,4.27,9
655,Exit short,2026-07-24 17:07,TSL,4065.01,1,4067.39,389.92,0.06,0,553.75,0.08,-176.94,-0.03,43101.56,4.31,9
655,Entry short,2026-07-24 16:58,M1 scalp down,4067.39,1,4067.39,389.92,0.06,0,553.75,0.08,-176.94,-0.03,43101.56,4.31,9
656,Exit short,2026-07-24 17:55,TSL,4064.07,1,4066.78,443.98,0.07,0,607.81,0.09,-506.24,-0.08,43545.54,4.35,35
656,Entry short,2026-07-24 17:20,M1 scalp down,4066.78,1,4066.78,443.98,0.07,0,607.81,0.09,-506.24,-0.08,43545.54,4.35,35
657,Exit short,2026-07-24 19:51,TSL,4054.72,1,4057.28,419.41,0.06,0,583.24,0.09,-27.85,0.00,43964.95,4.40,5
657,Entry short,2026-07-24 19:46,M1 scalp down,4057.28,1,4057.28,419.41,0.06,0,583.24,0.09,-27.85,0.00,43964.95,4.40,5
658,Exit short,2026-07-24 20:35,TSL,4052.26,2,8106.4,308,0.02,0,530.81,0.04,-514.43,-0.04,44272.95,4.43,11
658,Entry short,2026-07-24 20:24,M1 scalp down,4053.2,2,8106.4,308,0.02,0,530.81,0.04,-514.43,-0.04,44272.95,4.43,11
659,Exit short,2026-07-24 20:56,TSL,4052.82,2,8108.72,504.6,0.04,0,668.43,0.05,-652.05,-0.05,44777.55,4.48,16
659,Entry short,2026-07-24 20:40,M1 scalp down,4054.36,2,8108.72,504.6,0.04,0,668.43,0.05,-652.05,-0.05,44777.55,4.48,16
660,Exit short,2026-07-27 16:07,SL,4081.04,1,4076.09,-810.93,-0.12,0,245.74,0.04,-810.93,-0.12,43966.62,4.40,22
660,Entry short,2026-07-27 15:45,M1 scalp down,4076.09,1,4076.09,-810.93,-0.12,0,245.74,0.04,-810.93,-0.12,43966.62,4.40,22
661,Exit long,2026-07-27 17:03,SL,4076.38,1,4080.86,-733.93,-0.11,0,13.11,0.00,-733.93,-0.11,43232.69,4.32,2
661,Entry long,2026-07-27 17:01,M1 scalp up,4080.86,1,4080.86,-733.93,-0.11,0,13.11,0.00,-733.93,-0.11,43232.69,4.32,2
662,Exit short,2026-07-27 17:36,TSL,4073.28,1,4075.36,340.75,0.05,0,520.96,0.08,-240.82,-0.04,43573.44,4.36,7
662,Entry short,2026-07-27 17:29,M1 scalp down,4075.36,1,4075.36,340.75,0.05,0,520.96,0.08,-240.82,-0.04,43573.44,4.36,7
663,Exit short,2026-07-27 18:03,SL,4078.76,1,4074.8,-648.74,-0.10,0,103.21,0.02,-648.74,-0.10,42924.7,4.29,16
663,Entry short,2026-07-27 17:47,M1 scalp down,4074.8,1,4074.8,-648.74,-0.10,0,103.21,0.02,-648.74,-0.10,42924.7,4.29,16
664,Exit long,2026-07-27 20:03,SL,4082.37,1,4086,-594.68,-0.09,0,32.76,0.00,-594.68,-0.09,42330.02,4.23,6
664,Entry long,2026-07-27 19:57,M1 scalp up,4086,1,4086,-594.68,-0.09,0,32.76,0.00,-594.68,-0.09,42330.02,4.23,6
665,Exit long,2026-07-27 20:29,SL,4078.98,1,4081.98,-491.47,-0.07,0,63.89,0.01,-491.47,-0.07,41838.54,4.18,16
665,Entry long,2026-07-27 20:13,M1 scalp up,4081.98,1,4081.98,-491.47,-0.07,0,63.89,0.01,-491.47,-0.07,41838.54,4.18,16
666,Exit short,2026-07-28 16:28,TSL,4043.69,1,4045.66,322.52,0.05,0,504.25,0.08,-55.66,-0.01,42161.07,4.22,16
666,Entry short,2026-07-28 16:12,M1 scalp down,4045.66,1,4045.66,322.52,0.05,0,504.25,0.08,-55.66,-0.01,42161.07,4.22,16
667,Exit short,2026-07-28 17:20,TSL,4036.44,1,4038.64,360.18,0.05,0,561.55,0.08,-402.75,-0.06,42521.25,4.25,18
667,Entry short,2026-07-28 17:02,M1 scalp down,4038.64,1,4038.64,360.18,0.05,0,561.55,0.08,-402.75,-0.06,42521.25,4.25,18
668,Exit short,2026-07-28 17:34,TSL,4035.45,1,4039.33,635.23,0.10,0,798.94,0.12,-70.4,-0.01,43156.47,4.32,6
668,Entry short,2026-07-28 17:28,M1 scalp down,4039.33,1,4039.33,635.23,0.10,0,798.94,0.12,-70.4,-0.01,43156.47,4.32,6
669,Exit short,2026-07-28 20:09,TSL,4023.62,1,4025.75,348.72,0.05,0,512.44,0.08,-381.46,-0.06,43505.2,4.35,38
669,Entry short,2026-07-28 19:31,M1 scalp down,4025.75,1,4025.75,348.72,0.05,0,512.44,0.08,-381.46,-0.06,43505.2,4.35,38
670,Exit short,2026-07-28 20:27,SL,4027.21,1,4024.57,-432.22,-0.07,0,13.1,0.00,-432.22,-0.07,43072.98,4.31,11
670,Entry short,2026-07-28 20:16,M1 scalp down,4024.57,1,4024.57,-432.22,-0.07,0,13.1,0.00,-432.22,-0.07,43072.98,4.31,11
671,Exit short,2026-07-28 22:03,TSL,4026.12,1,4028.94,462.04,0.07,0,625.88,0.09,-217.74,-0.03,43535.02,4.35,22
671,Entry short,2026-07-28 20:41,M1 scalp down,4028.94,1,4028.94,462.04,0.07,0,625.88,0.09,-217.74,-0.03,43535.02,4.35,22
672,Exit short,2026-07-29 16:52,SL,4021.24,1,4016.45,-784.81,-0.12,0,257.24,0.04,-784.81,-0.12,42750.21,4.28,22
672,Entry short,2026-07-29 16:30,M1 scalp down,4016.45,1,4016.45,-784.81,-0.12,0,257.24,0.04,-784.81,-0.12,42750.21,4.28,22
673,Exit long,2026-07-30 16:57,TSL,4109.53,1,4107.39,349.66,0.05,0,539.19,0.08,-125.81,-0.02,43099.86,4.31,3
673,Entry long,2026-07-30 16:54,M1 scalp up,4107.39,1,4107.39,349.66,0.05,0,539.19,0.08,-125.81,-0.02,43099.86,4.31,3
674,Exit long,2026-07-30 17:29,SL,4103.47,1,4108.14,-763.04,-0.11,0,99.67,0.01,-763.04,-0.11,42336.83,4.23,26
674,Entry long,2026-07-30 17:03,M1 scalp up,4108.14,1,4108.14,-763.04,-0.11,0,99.67,0.01,-763.04,-0.11,42336.83,4.23,26
675,Exit long,2026-07-30 20:02,TSL,4114.55,1,4112.01,415.01,0.06,0,578.4,0.09,-457.49,-0.07,42751.84,4.28,20
675,Entry long,2026-07-30 19:42,M1 scalp up,4112.01,1,4112.01,415.01,0.06,0,578.4,0.09,-457.49,-0.07,42751.84,4.28,20
676,Exit long,2026-07-30 20:31,SL,4109.1,1,4113.41,-704.22,-0.10,0,93.13,0.01,-704.22,-0.10,42047.63,4.20,11
676,Entry long,2026-07-30 20:20,M1 scalp up,4113.41,1,4113.41,-704.22,-0.10,0,93.13,0.01,-704.22,-0.10,42047.63,4.20,11
677,Exit short,2026-07-31 16:17,TSL,4044.35,1,4046.46,336.54,0.05,0,531.13,0.08,-70.18,-0.01,42384.16,4.24,3
677,Entry short,2026-07-31 16:14,M1 scalp down,4046.46,1,4046.46,336.54,0.05,0,531.13,0.08,-70.18,-0.01,42384.16,4.24,3
678,Exit short,2026-07-31 16:44,TSL,4042.97,1,4046.27,526.34,0.08,0,685.84,0.11,-574.19,-0.09,42910.5,4.29,22
678,Entry short,2026-07-31 16:22,M1 scalp down,4046.27,1,4046.27,526.34,0.08,0,685.84,0.11,-574.19,-0.09,42910.5,4.29,22
679,Exit short,2026-07-31 17:12,TSL,4042.54,1,4045.13,413.1,0.06,0,572.59,0.09,-82.94,-0.01,43323.6,4.33,10
679,Entry short,2026-07-31 17:02,M1 scalp down,4045.13,1,4045.13,413.1,0.06,0,572.59,0.09,-82.94,-0.01,43323.6,4.33,10
680,Exit short,2026-07-31 17:28,SL,4049.56,1,4045.57,-636.39,-0.10,0,119.62,0.02,-636.39,-0.10,42687.21,4.27,13
680,Entry short,2026-07-31 17:15,M1 scalp down,4045.57,1,4045.57,-636.39,-0.10,0,119.62,0.02,-636.39,-0.10,42687.21,4.27,13
681,Exit short,2026-07-31 19:43,SL,4052.81,1,4050.03,-443.4,-0.07,0,41.47,0.01,-443.4,-0.07,42243.81,4.22,9
681,Entry short,2026-07-31 19:34,M1 scalp down,4050.03,1,4050.03,-443.4,-0.07,0,41.47,0.01,-443.4,-0.07,42243.81,4.22,9
682,Exit short,2026-07-31 19:53,TSL,4051.99,1,4054.58,413.1,0.06,0,572.59,0.09,-113.24,-0.02,42656.9,4.27,4
682,Entry short,2026-07-31 19:49,M1 scalp down,4054.58,1,4054.58,413.1,0.06,0,572.59,0.09,-113.24,-0.02,42656.9,4.27,4
683,Exit short,2026-07-31 20:35,SL,4051.76,1,4048.13,-578.97,-0.09,0,239.25,0.04,-578.97,-0.09,42077.93,4.21,16
683,Entry short,2026-07-31 20:19,M1 scalp down,4048.13,1,4048.13,-578.97,-0.09,0,239.25,0.04,-578.97,-0.09,42077.93,4.21,16
684,Exit short,2026-07-31 20:54,TSL,4047.74,1,4052.12,698.6,0.11,0,1114.88,0.17,-14.35,0.00,42776.53,4.28,12
684,Entry short,2026-07-31 20:42,M1 scalp down,4052.12,1,4052.12,698.6,0.11,0,1114.88,0.17,-14.35,0.00,42776.53,4.28,12
685,Exit short,2026-08-03 16:10,TSL,4035.64,1,4038.03,376.35,0.06,0,533.82,0.08,-458.23,-0.07,43152.88,4.32,24
685,Entry short,2026-08-03 15:46,M1 scalp down,4038.03,1,4038.03,376.35,0.06,0,533.82,0.08,-458.23,-0.07,43152.88,4.32,24
686,Exit short,2026-08-03 17:05,TSL,4034.27,1,4036.38,332.26,0.05,0,489.73,0.08,-458.23,-0.07,43485.14,4.35,47
686,Entry short,2026-08-03 16:18,M1 scalp down,4036.38,1,4036.38,332.26,0.05,0,489.73,0.08,-458.23,-0.07,43485.14,4.35,47
687,Exit short,2026-08-03 18:01,TSL,4030.69,1,4035.28,722.78,0.11,0,880.25,0.14,-393.67,-0.06,44207.92,4.42,44
687,Entry short,2026-08-03 17:17,M1 scalp down,4035.28,1,4035.28,722.78,0.11,0,880.25,0.14,-393.67,-0.06,44207.92,4.42,44
688,Exit short,2026-08-03 19:33,TSL,4053.11,1,4055.22,332.26,0.05,0,489.73,0.08,0,0.00,44540.18,4.45,2
688,Entry short,2026-08-03 19:31,M1 scalp down,4055.22,1,4055.22,332.26,0.05,0,489.73,0.08,0,0.00,44540.18,4.45,2
689,Exit short,2026-08-03 19:56,TSL,4052.65,1,4055.01,371.63,0.06,0,529.1,0.08,-92.91,-0.01,44911.81,4.49,8
689,Entry short,2026-08-03 19:48,M1 scalp down,4055.01,1,4055.01,371.63,0.06,0,529.1,0.08,-92.91,-0.01,44911.81,4.49,8
690,Exit short,2026-08-03 20:25,SL,4055.26,1,4052.39,-451.94,-0.07,0,148.02,0.02,-451.94,-0.07,44459.87,4.45,12
690,Entry short,2026-08-03 20:13,M1 scalp down,4052.39,1,4052.39,-451.94,-0.07,0,148.02,0.02,-451.94,-0.07,44459.87,4.45,12
691,Exit short,2026-08-03 20:33,SL,4057.68,1,4054.87,-442.49,-0.07,0,0,0.00,-442.49,-0.07,44017.38,4.40,2
691,Entry short,2026-08-03 20:31,M1 scalp down,4054.87,1,4054.87,-442.49,-0.07,0,0,0.00,-442.49,-0.07,44017.38,4.40,2
692,Exit long,2026-08-03 22:00,SL,4053.38,2,8112.5,-902,-0.07,0,223.61,0.02,-902,-0.07,43115.39,4.31,15
692,Entry long,2026-08-03 20:45,M1 scalp up,4056.25,2,8112.5,-902,-0.07,0,223.61,0.02,-902,-0.07,43115.39,4.31,15
693,Exit long,2026-08-04 16:29,TSL,4088.8,1,4085.12,578.28,0.09,0,735.42,0.11,-312.71,-0.05,43693.67,4.37,17
693,Entry long,2026-08-04 16:12,M1 scalp up,4085.12,1,4085.12,578.28,0.09,0,735.42,0.11,-312.71,-0.05,43693.67,4.37,17
694,Exit long,2026-08-04 16:46,TSL,4090.01,1,4085.87,650.57,0.10,0,807.71,0.13,-139.86,-0.02,44344.24,4.43,9
694,Entry long,2026-08-04 16:37,M1 scalp up,4085.87,1,4085.87,650.57,0.10,0,807.71,0.13,-139.86,-0.02,44344.24,4.43,9
695,Exit long,2026-08-04 17:54,SL,4089.78,1,4093.5,-584.57,-0.09,0,95.86,0.01,-584.57,-0.09,43759.67,4.38,4
695,Entry long,2026-08-04 17:50,M1 scalp up,4093.5,1,4093.5,-584.57,-0.09,0,95.86,0.01,-584.57,-0.09,43759.67,4.38,4
696,Exit long,2026-08-04 19:43,TSL,4081.56,1,4079.11,385,0.06,0,542.14,0.08,-23.57,0.00,44144.67,4.41,10
696,Entry long,2026-08-04 19:33,M1 scalp up,4079.11,1,4079.11,385,0.06,0,542.14,0.08,-23.57,0.00,44144.67,4.41,10
697,Exit long,2026-08-04 19:54,SL,4077.32,1,4080.34,-474.57,-0.07,0,11,0.00,-474.57,-0.07,43670.1,4.37,5
697,Entry long,2026-08-04 19:49,M1 scalp up,4080.34,1,4080.34,-474.57,-0.07,0,11,0.00,-474.57,-0.07,43670.1,4.37,5
698,Exit long,2026-08-04 20:19,SL,4075.16,1,4077.8,-414.85,-0.06,0,1.57,0.00,-414.85,-0.06,43255.24,4.33,2
698,Entry long,2026-08-04 20:17,M1 scalp up,4077.8,1,4077.8,-414.85,-0.06,0,1.57,0.00,-414.85,-0.06,43255.24,4.33,2
699,Exit long,2026-08-04 20:52,TSL,4077.12,2,8152.92,207.43,0.02,0,502.85,0.04,-128.86,-0.01,43462.67,4.35,6
699,Entry long,2026-08-04 20:46,M1 scalp up,4076.46,2,8152.92,207.43,0.02,0,502.85,0.04,-128.86,-0.01,43462.67,4.35,6
700,Exit long,2026-08-05 22:02,TSL,4252.49,1,4246.89,883.35,0.13,0,1056.86,0.16,-659.17,-0.10,44346.02,4.43,63
700,Entry long,2026-08-05 19:59,M1 scalp up,4246.89,1,4246.89,883.35,0.13,0,1056.86,0.16,-659.17,-0.10,44346.02,4.43,63
701,Exit long,2026-08-06 17:54,TSL,4247.09,1,4240.68,1011.12,0.15,0,1184.63,0.18,-4.73,0.00,45357.14,4.54,6
701,Entry long,2026-08-06 17:48,M1 scalp up,4240.68,1,4240.68,1011.12,0.15,0,1184.63,0.18,-4.73,0.00,45357.14,4.54,6
702,Exit long,2026-08-06 20:27,SL,4240.58,1,4245.47,-771.35,-0.12,0,42.59,0.01,-771.35,-0.12,44585.79,4.46,15
702,Entry long,2026-08-06 20:12,M1 scalp up,4245.47,1,4245.47,-771.35,-0.12,0,42.59,0.01,-771.35,-0.12,44585.79,4.46,15
703,Exit long,2026-08-06 20:40,SL,4236.9,1,4240.91,-632.54,-0.09,0,217.68,0.03,-632.54,-0.09,43953.25,4.40,9
703,Entry long,2026-08-06 20:31,M1 scalp up,4240.91,1,4240.91,-632.54,-0.09,0,217.68,0.03,-632.54,-0.09,43953.25,4.40,9
704,Exit long,2026-08-07 20:30,SL,4336.76,1,4341.51,-752.45,-0.11,0,231.28,0.03,-752.45,-0.11,43200.8,4.32,20
704,Entry long,2026-08-07 20:10,M1 scalp up,4341.51,1,4341.51,-752.45,-0.11,0,231.28,0.03,-752.45,-0.11,43200.8,4.32,20
705,Exit long,2026-08-07 20:59,TSL,4341.82,1,4339.65,343.75,0.05,0,529.09,0.08,-12.67,0.00,43544.55,4.35,10
705,Entry long,2026-08-07 20:49,M1 scalp up,4339.65,1,4339.65,343.75,0.05,0,529.09,0.08,-12.67,0.00,43544.55,4.35,10
706,Exit long,2026-08-10 16:31,SL,4356.32,1,4361.02,-741.47,-0.11,0,241.37,0.04,-741.47,-0.11,42803.07,4.28,0
706,Entry long,2026-08-10 16:31,M1 scalp up,4361.02,1,4361.02,-741.47,-0.11,0,241.37,0.04,-741.47,-0.11,42803.07,4.28,0
707,Exit long,2026-08-10 17:10,TSL,4355.66,1,4353.12,400.71,0.06,0,613.69,0.09,-58.37,-0.01,43203.79,4.32,3
707,Entry long,2026-08-10 17:07,M1 scalp up,4353.12,1,4353.12,400.71,0.06,0,613.69,0.09,-58.37,-0.01,43203.79,4.32,3
708,Exit long,2026-08-10 18:02,TSL,4362.85,1,4360.34,395.98,0.06,0,553.74,0.08,-425.95,-0.06,43599.76,4.36,18
708,Entry long,2026-08-10 17:44,M1 scalp up,4360.34,1,4360.34,395.98,0.06,0,553.74,0.08,-425.95,-0.06,43599.76,4.36,18
709,Exit long,2026-08-10 20:19,TSL,4390.25,1,4387.72,399.13,0.06,0,556.89,0.08,-312.36,-0.05,43998.9,4.40,12
709,Entry long,2026-08-10 20:07,M1 scalp up,4387.72,1,4387.72,399.13,0.06,0,556.89,0.08,-312.36,-0.05,43998.9,4.40,12
710,Exit long,2026-08-10 20:29,TSL,4390.76,1,4387.18,564.78,0.08,0,746.2,0.11,-15.78,0.00,44563.68,4.46,6
710,Entry long,2026-08-10 20:23,M1 scalp up,4387.18,1,4387.18,564.78,0.08,0,746.2,0.11,-15.78,0.00,44563.68,4.46,6
711,Exit long,2026-08-10 22:12,TSL,4391.92,1,4390.04,299.45,0.04,0,481.03,0.07,-289.89,-0.04,44863.13,4.49,31
711,Entry long,2026-08-10 20:41,M1 scalp up,4390.04,1,4390.04,299.45,0.04,0,481.03,0.07,-289.89,-0.04,44863.13,4.49,31
712,Exit long,2026-08-11 16:24,TSL,4382.06,1,4378.62,547.93,0.08,0,711.99,0.10,-17.52,0.00,45411.05,4.54,4
712,Entry long,2026-08-11 16:20,M1 scalp up,4378.62,1,4378.62,547.93,0.08,0,711.99,0.10,-17.52,0.00,45411.05,4.54,4
713,Exit long,2026-08-11 16:37,TSL,4383.91,1,4379.52,699.24,0.10,0,858.52,0.12,0,0.00,46110.3,4.61,4
713,Entry long,2026-08-11 16:33,M1 scalp up,4379.52,1,4379.52,699.24,0.10,0,858.52,0.12,0,0.00,46110.3,4.61,4
714,Exit long,2026-08-11 17:28,SL,4378.97,1,4383.01,-643.5,-0.09,0,441.21,0.06,-643.5,-0.09,45466.8,4.55,40
714,Entry long,2026-08-11 16:48,M1 scalp up,4383.01,1,4383.01,-643.5,-0.09,0,441.21,0.06,-643.5,-0.09,45466.8,4.55,40
715,Exit long,2026-08-11 17:57,SL,4370.64,1,4375.36,-751.81,-0.11,0,356.79,0.05,-751.81,-0.11,44714.99,4.47,11
715,Entry long,2026-08-11 17:46,M1 scalp up,4375.36,1,4375.36,-751.81,-0.11,0,356.79,0.05,-751.81,-0.11,44714.99,4.47,11
716,Exit long,2026-08-11 19:57,TSL,4372.07,1,4368.61,551.11,0.08,0,710.39,0.10,-377.5,-0.05,45266.11,4.53,19
716,Entry long,2026-08-11 19:38,M1 scalp up,4368.61,1,4368.61,551.11,0.08,0,710.39,0.10,-377.5,-0.05,45266.11,4.53,19
717,Exit long,2026-08-11 22:01,TSL,4371,1,4368.63,377.45,0.05,0,536.71,0.08,-294.67,-0.04,45643.55,4.56,44
717,Entry long,2026-08-11 20:17,M1 scalp up,4368.63,1,4368.63,377.45,0.05,0,536.71,0.08,-294.67,-0.04,45643.55,4.56,44
718,Exit long,2026-08-12 18:12,TSL,4405.49,1,4400.98,718.26,0.10,0,895.04,0.13,-745.34,-0.11,46361.82,4.64,18
718,Entry long,2026-08-12 17:54,M1 scalp up,4400.98,1,4400.98,718.26,0.10,0,895.04,0.13,-745.34,-0.11,46361.82,4.64,18
719,Exit long,2026-08-12 19:36,SL,4412.85,1,4415.88,-482.56,-0.07,0,71.67,0.01,-482.56,-0.07,45879.26,4.59,5
719,Entry long,2026-08-12 19:31,M1 scalp up,4415.88,1,4415.88,-482.56,-0.07,0,71.67,0.01,-482.56,-0.07,45879.26,4.59,5
720,Exit long,2026-08-12 19:49,SL,4408.89,1,4412.09,-509.63,-0.07,0,235.7,0.03,-509.63,-0.07,45369.63,4.54,7
720,Entry long,2026-08-12 19:42,M1 scalp up,4412.09,1,4412.09,-509.63,-0.07,0,235.7,0.03,-509.63,-0.07,45369.63,4.54,7
721,Exit long,2026-08-12 20:00,TSL,4413.01,1,4410.73,363.11,0.05,0,559,0.08,-1.59,0.00,45732.74,4.57,6
721,Entry long,2026-08-12 19:54,M1 scalp up,4410.73,1,4410.73,363.11,0.05,0,559,0.08,-1.59,0.00,45732.74,4.57,6
722,Exit long,2026-08-12 20:19,SL,4407.19,1,4411.43,-675.26,-0.10,0,108.3,0.02,-675.26,-0.10,45057.48,4.51,14
722,Entry long,2026-08-12 20:05,M1 scalp up,4411.43,1,4411.43,-675.26,-0.10,0,108.3,0.02,-675.26,-0.10,45057.48,4.51,14
723,Exit long,2026-08-12 20:51,TSL,4408.05,2,8814.1,318.52,0.02,0,477.78,0.03,-181.56,-0.01,45376,4.54,16
723,Entry long,2026-08-12 20:35,M1 scalp up,4407.05,2,8814.1,318.52,0.02,0,477.78,0.03,-181.56,-0.01,45376,4.54,16
724,Exit long,2026-08-12 22:01,TSL,4408.35,2,8814.38,369.82,0.03,0,704.57,0.05,-51.01,0.00,45745.81,4.57,6
724,Entry long,2026-08-12 20:55,M1 scalp up,4407.19,2,8814.38,369.82,0.03,0,704.57,0.05,-51.01,0.00,45745.81,4.57,6
725,Exit short,2026-08-13 17:07,SL,4371.3,1,4366.66,-739.63,-0.11,0,235.92,0.03,-739.63,-0.11,45006.18,4.50,11
725,Entry short,2026-08-13 16:56,M1 scalp down,4366.66,1,4366.66,-739.63,-0.11,0,235.92,0.03,-739.63,-0.11,45006.18,4.50,11
726,Exit short,2026-08-13 19:47,TSL,4349,1,4351.76,439.96,0.06,0,637.62,0.09,-393.73,-0.06,45446.13,4.54,13
726,Entry short,2026-08-13 19:34,M1 scalp down,4351.76,1,4351.76,439.96,0.06,0,637.62,0.09,-393.73,-0.06,45446.13,4.54,13
727,Exit short,2026-08-13 20:03,TSL,4347.87,1,4350.2,371.41,0.05,0,530.82,0.08,-68.54,-0.01,45817.54,4.58,3
727,Entry short,2026-08-13 20:00,M1 scalp down,4350.2,1,4350.2,371.41,0.05,0,530.82,0.08,-68.54,-0.01,45817.54,4.58,3
728,Exit short,2026-08-13 22:01,SL,4353.62,1,4349.74,-618.79,-0.09,0,325.18,0.05,-618.79,-0.09,45198.75,4.52,51
728,Entry short,2026-08-13 20:10,M1 scalp down,4349.74,1,4349.74,-618.79,-0.09,0,325.18,0.05,-618.79,-0.09,45198.75,4.52,51
729,Exit long,2026-08-14 16:30,SL,4385.83,1,4389.8,-633.14,-0.09,0,0,0.00,-633.14,-0.09,44565.61,4.46,5
729,Entry long,2026-08-14 16:25,M1 scalp up,4389.8,1,4389.8,-633.14,-0.09,0,0,0.00,-633.14,-0.09,44565.61,4.46,5
730,Exit long,2026-08-14 17:07,SL,4381.93,1,4385.95,-641.12,-0.09,0,247.2,0.04,-641.12,-0.09,43924.49,4.39,16
730,Entry long,2026-08-14 16:51,M1 scalp up,4385.95,1,4385.95,-641.12,-0.09,0,247.2,0.04,-641.12,-0.09,43924.49,4.39,16
731,Exit long,2026-08-14 17:43,SL,4377.57,1,4381.19,-577.32,-0.08,0,247.2,0.04,-577.32,-0.08,43347.17,4.33,16
731,Entry long,2026-08-14 17:27,M1 scalp up,4381.19,1,4381.19,-577.32,-0.08,0,247.2,0.04,-577.32,-0.08,43347.17,4.33,16
732,Exit long,2026-08-14 19:54,TSL,4378.84,1,4376.44,382.76,0.05,0,542.24,0.08,-212.11,-0.03,43729.93,4.37,16
732,Entry long,2026-08-14 19:38,M1 scalp up,4376.44,1,4376.44,382.76,0.05,0,542.24,0.08,-212.11,-0.03,43729.93,4.37,16
733,Exit long,2026-08-16 22:01,TSL,4379.09,1,4374.72,696.21,0.10,0,855.53,0.12,-529.48,-0.08,44426.14,4.44,65
733,Entry long,2026-08-14 19:56,M1 scalp up,4374.72,1,4374.72,696.21,0.10,0,855.53,0.12,-529.48,-0.08,44426.14,4.44,65
734,Exit long,2026-08-17 16:09,TSL,4427.07,1,4424.36,431.75,0.06,0,591.06,0.08,-22.3,0.00,44857.88,4.49,2
734,Entry long,2026-08-17 16:07,M1 scalp up,4424.36,1,4424.36,431.75,0.06,0,591.06,0.08,-22.3,0.00,44857.88,4.49,2
735,Exit long,2026-08-17 17:16,SL,4421.07,1,4425.41,-691.43,-0.10,0,277.21,0.04,-691.43,-0.10,44166.45,4.42,52
735,Entry long,2026-08-17 16:24,M1 scalp up,4425.41,1,4425.41,-691.43,-0.10,0,277.21,0.04,-691.43,-0.10,44166.45,4.42,52
736,Exit long,2026-08-17 17:26,SL,4415.58,1,4419.39,-606.99,-0.09,0,148.16,0.02,-606.99,-0.09,43559.46,4.36,6
736,Entry long,2026-08-17 17:20,M1 scalp up,4419.39,1,4419.39,-606.99,-0.09,0,148.16,0.02,-606.99,-0.09,43559.46,4.36,6
737,Exit long,2026-08-17 17:32,TSL,4414.32,1,4414.32,0,0.00,0,0,0.00,0,0.00,43559.46,4.36,0
737,Entry long,2026-08-17 17:32,M1 scalp up,4414.32,1,4414.32,0,0.00,0,0,0.00,0,0.00,43559.46,4.36,0
738,Exit long,2026-08-17 22:26,SL,4413.84,1,4417.44,-573.96,-0.08,0,157.84,0.02,-573.96,-0.08,42985.5,4.30,80
738,Entry long,2026-08-17 20:06,M1 scalp up,4417.44,1,4417.44,-573.96,-0.08,0,157.84,0.02,-573.96,-0.08,42985.5,4.30,80
739,Exit short,2026-08-18 17:31,TSL,4362.51,1,4365.89,538.88,0.08,0,723.83,0.10,-389.02,-0.06,43524.38,4.35,22
739,Entry short,2026-08-18 17:09,M1 scalp down,4365.89,1,4365.89,538.88,0.08,0,723.83,0.10,-389.02,-0.06,43524.38,4.35,22
740,Exit short,2026-08-18 19:45,TSL,4350.59,1,4356.01,864.13,0.12,0,1192.56,0.17,-269.44,-0.04,44388.51,4.44,12
740,Entry short,2026-08-18 19:33,M1 scalp down,4356.01,1,4356.01,864.13,0.12,0,1192.56,0.17,-269.44,-0.04,44388.51,4.44,12
741,Exit short,2026-08-18 20:43,TSL,4335.86,1,4338.68,449.6,0.06,0,609.03,0.09,-102.04,-0.01,44838.11,4.48,9
741,Entry short,2026-08-18 20:34,M1 scalp down,4338.68,1,4338.68,449.6,0.06,0,609.03,0.09,-102.04,-0.01,44838.11,4.48,9
742,Exit long,2026-08-19 17:00,TSL,4493.26,1,4493.26,0,0.00,0,0,0.00,0,0.00,44838.11,4.48,0
742,Entry long,2026-08-19 17:00,M1 scalp up,4493.26,1,4493.26,0,0.00,0,0,0.00,0,0.00,44838.11,4.48,0
743,Exit long,2026-08-19 18:02,TSL,4490.51,1,4487.34,505.92,0.07,0,665.52,0.09,-466.02,-0.07,45344.03,4.53,9
743,Entry long,2026-08-19 17:53,M1 scalp up,4487.34,1,4487.34,505.92,0.07,0,665.52,0.09,-466.02,-0.07,45344.03,4.53,9
744,Exit long,2026-08-20 20:34,SL,4517.81,1,4522.6,-757.54,-0.11,0,86.98,0.01,-757.54,-0.11,44586.48,4.46,20
744,Entry long,2026-08-20 20:14,M1 scalp up,4522.6,1,4522.6,-757.54,-0.11,0,86.98,0.01,-757.54,-0.11,44586.48,4.46,20
745,Exit long,2026-08-21 20:18,SL,4613.62,1,4618.58,-788.83,-0.11,0,98.6,0.01,-788.83,-0.11,43797.65,4.38,20
745,Entry long,2026-08-21 19:58,M1 scalp up,4618.58,1,4618.58,-788.83,-0.11,0,98.6,0.01,-788.83,-0.11,43797.65,4.38,20
746,Exit long,2026-08-21 20:47,SL,4606.48,1,4610.25,-599.58,-0.08,0,201.98,0.03,-599.58,-0.08,43198.07,4.32,14
746,Entry long,2026-08-21 20:33,M1 scalp up,4610.25,1,4610.25,-599.58,-0.08,0,201.98,0.03,-599.58,-0.08,43198.07,4.32,14
747,Exit long,2026-08-23 22:01,TSL,4622,1,4603.89,2878.98,0.39,0,3101.54,0.42,-214.7,-0.03,46077.06,4.61,5
747,Entry long,2026-08-21 20:56,M1 scalp up,4603.89,1,4603.89,2878.98,0.39,0,3101.54,0.42,-214.7,-0.03,46077.06,4.61,5
748,Exit long,2026-08-24 19:38,TSL,4644.83,1,4641.1,592.97,0.08,0,764.66,0.10,-138.31,-0.02,46670.02,4.67,5
748,Entry long,2026-08-24 19:33,M1 scalp up,4641.1,1,4641.1,592.97,0.08,0,764.66,0.10,-138.31,-0.02,46670.02,4.67,5
749,Exit long,2026-08-24 22:02,TSL,4655.08,1,4651.19,618.82,0.08,0,779.49,0.11,-672.45,-0.09,47288.84,4.73,50
749,Entry long,2026-08-24 20:12,M1 scalp up,4651.19,1,4651.19,618.82,0.08,0,779.49,0.11,-672.45,-0.09,47288.84,4.73,50
750,Exit long,2026-08-25 20:51,SL,4659.57,1,4663.91,-690.41,-0.09,0,139.99,0.02,-690.41,-0.09,46598.44,4.66,25
750,Entry long,2026-08-25 20:26,M1 scalp up,4663.91,1,4663.91,-690.41,-0.09,0,139.99,0.02,-690.41,-0.09,46598.44,4.66,25
751,Exit short,2026-08-26 17:57,TSL,4595.4,1,4598.35,469.59,0.06,0,655.83,0.09,-160.77,-0.02,47068.03,4.71,7
751,Entry short,2026-08-26 17:50,M1 scalp down,4598.35,1,4598.35,469.59,0.06,0,655.83,0.09,-160.77,-0.02,47068.03,4.71,7
752,Exit short,2026-08-26 20:18,TSL,4590.13,1,4595.94,924.85,0.13,0,1084.04,0.15,-128.94,-0.02,47992.88,4.80,12
752,Entry short,2026-08-26 20:06,M1 scalp down,4595.94,1,4595.94,924.85,0.13,0,1084.04,0.15,-128.94,-0.02,47992.88,4.80,12
753,Exit short,2026-08-26 22:00,SL,4596.89,1,4591.42,-871.31,-0.12,0,183.06,0.03,-871.31,-0.12,47121.57,4.71,32
753,Entry short,2026-08-26 20:28,M1 scalp down,4591.42,1,4591.42,-871.31,-0.12,0,183.06,0.03,-871.31,-0.12,47121.57,4.71,32
754,Exit short,2026-08-27 16:37,SL,4612.63,1,4607.82,-766.18,-0.10,0,98.76,0.01,-766.18,-0.10,46355.39,4.64,4
754,Entry short,2026-08-27 16:33,M1 scalp down,4607.82,1,4607.82,-766.18,-0.10,0,98.76,0.01,-766.18,-0.10,46355.39,4.64,4
755,Exit short,2026-08-27 17:49,TSL,4607.66,1,4610.94,522.47,0.07,0,681.76,0.09,-544.77,-0.07,46877.86,4.69,25
755,Entry short,2026-08-27 17:24,M1 scalp down,4610.94,1,4610.94,522.47,0.07,0,681.76,0.09,-544.77,-0.07,46877.86,4.69,25
756,Exit short,2026-08-27 20:10,TSL,4604.88,1,4607.88,477.87,0.07,0,637.16,0.09,-755.03,-0.10,47355.72,4.74,34
756,Entry short,2026-08-27 19:36,M1 scalp down,4607.88,1,4607.88,477.87,0.07,0,637.16,0.09,-755.03,-0.10,47355.72,4.74,34
757,Exit short,2026-08-27 20:37,TSL,4602.76,1,4605.31,406.19,0.06,0,565.48,0.08,-23.89,0.00,47761.91,4.78,17
757,Entry short,2026-08-27 20:20,M1 scalp down,4605.31,1,4605.31,406.19,0.06,0,565.48,0.08,-23.89,0.00,47761.91,4.78,17
758,Exit short,2026-08-27 20:50,TSL,4604.5,2,9209,0,0.00,0,0,0.00,0,0.00,47761.91,4.78,0
758,Entry short,2026-08-27 20:50,M1 scalp down,4604.5,2,9209,0,0.00,0,0,0.00,0,0.00,47761.91,4.78,0
759,Exit short,2026-08-28 20:53,TSL,4454.57,1,4457.04,393.7,0.06,0,553.09,0.08,-462.23,-0.07,48155.61,4.82,8
759,Entry short,2026-08-28 20:45,M1 scalp down,4457.04,1,4457.04,393.7,0.06,0,553.09,0.08,-462.23,-0.07,48155.61,4.82,8