time,bar,sleeve,direction,equity,atr,entry_price,stop_price,stop_distance,raw_lots,rounded_lots,final_lots,minimum_lot,lot_step,override_considered,override_used,price_stop_loss,estimated_entry_cost,estimated_exit_cost,estimated_costs,actual_stop_risk,actual_stop_risk_pct,total_open_risk_before,total_open_risk_after,total_open_risk_pct_before,total_open_risk_pct_after,condition,reason
2022-02-22 00:00:00,218,fast,long,10000.0,11.857422795682968,1909.28,1879.6364430107926,29.64355698920742,0.023613900324271308,0.02,0.02,0.01,0.01,False,False,59.28711397841484,0.1785,0.1785,0.357,59.644113978414836,0.5964411397841484,0.0,59.644113978414836,0.0,0.5964411397841484,NORMAL_SIZE_OK,ORDER_ACCEPTED_NORMAL_SIZE
2022-02-22 00:00:00,218,medium,long,10000.0,11.857422795682968,1909.28,1879.6364430107926,29.64355698920742,0.023613900324271308,0.02,0.02,0.01,0.01,False,False,59.28711397841484,0.1785,0.1785,0.357,59.644113978414836,0.5964411397841484,0.0,59.644113978414836,0.0,0.5964411397841484,NORMAL_SIZE_OK,ORDER_ACCEPTED_NORMAL_SIZE
2022-02-22 00:00:00,218,slow,long,10000.0,11.857422795682968,1909.28,1879.6364430107926,29.64355698920742,0.023613900324271308,0.02,0.02,0.01,0.01,False,False,59.28711397841484,0.1785,0.1785,0.357,59.644113978414836,0.5964411397841484,0.0,59.644113978414836,0.0,0.5964411397841484,NORMAL_SIZE_OK,ORDER_ACCEPTED_NORMAL_SIZE
2022-03-07 00:00:00,272,fast,long,9807.171658064757,18.647023187261777,1997.72,1951.1024420318456,46.61755796815444,0.014726254355354665,0.01,0.01,0.01,0.01,False,False,46.61755796815444,0.08925,0.08925,0.1785,46.79605796815444,0.47716160784921635,0.0,46.79605796815444,0.0,0.47716160784921635,NORMAL_SIZE_OK,ORDER_ACCEPTED_NORMAL_SIZE
2022-03-07 00:00:00,272,medium,long,9807.171658064757,18.647023187261777,1997.72,1951.1024420318456,46.61755796815444,0.014726254355354665,0.01,0.01,0.01,0.01,False,False,46.61755796815444,0.08925,0.08925,0.1785,46.79605796815444,0.47716160784921635,0.0,46.79605796815444,0.0,0.47716160784921635,NORMAL_SIZE_OK,ORDER_ACCEPTED_NORMAL_SIZE
2022-03-07 00:00:00,272,slow,long,9807.171658064757,18.647023187261777,1997.72,1951.1024420318456,46.61755796815444,0.014726254355354665,0.01,0.01,0.01,0.01,False,False,46.61755796815444,0.08925,0.08925,0.1785,46.79605796815444,0.47716160784921635,0.0,46.79605796815444,0.0,0.47716160784921635,NORMAL_SIZE_OK,ORDER_ACCEPTED_NORMAL_SIZE
2022-03-15 00:00:00,308,fast,short,9677.559042128447,21.923640837598388,1940.98,1995.789102093996,54.80910209399597,0.012359792572175704,0.01,0.01,0.01,0.01,False,False,54.809102093995975,0.08925,0.33925,0.4285,55.237602093995974,0.5707803161265675,0.0,55.237602093995974,0.0,0.5707803161265675,NORMAL_SIZE_OK,ORDER_ACCEPTED_NORMAL_SIZE
2022-03-23 20:00:00,349,fast,long,9684.823742128448,12.180491265166806,1943.53,1913.078771837083,30.451228162917015,0.022263064672530097,0.02,0.02,0.01,0.01,False,False,60.90245632583403,0.6185,0.1785,0.797,61.69945632583403,0.6370736109263899,0.0,61.69945632583403,0.0,0.6370736109263899,NORMAL_SIZE_OK,ORDER_ACCEPTED_NORMAL_SIZE
2022-04-18 00:00:00,446,fast,long,9617.824285802613,13.655962814270481,1987.42,1953.2800929643238,34.1399070356762,0.019720255808038347,0.01,0.01,0.01,0.01,False,False,34.1399070356762,0.08925,0.08925,0.1785,34.3184070356762,0.356820898530403,0.0,34.3184070356762,0.0,0.356820898530403,NORMAL_SIZE_OK,ORDER_ACCEPTED_NORMAL_SIZE
2022-04-18 00:00:00,446,medium,long,9617.824285802613,13.655962814270481,1987.42,1953.2800929643238,34.1399070356762,0.019720255808038347,0.01,0.01,0.01,0.01,False,False,34.1399070356762,0.08925,0.08925,0.1785,34.3184070356762,0.356820898530403,0.0,34.3184070356762,0.0,0.356820898530403,NORMAL_SIZE_OK,ORDER_ACCEPTED_NORMAL_SIZE
2022-04-18 00:00:00,446,slow,long,9617.824285802613,13.655962814270481,1987.42,1953.2800929643238,34.1399070356762,0.019720255808038347,0.01,0.01,0.01,0.01,False,False,34.1399070356762,0.08925,0.08925,0.1785,34.3184070356762,0.356820898530403,0.0,34.3184070356762,0.0,0.356820898530403,NORMAL_SIZE_OK,ORDER_ACCEPTED_NORMAL_SIZE
2022-05-11 00:00:00,548,fast,short,9512.697064695585,15.733367672920627,1832.38,1871.7134191823018,39.33341918230157,0.016929339182094643,0.01,0.01,0.01,0.01,False,False,39.33341918230157,0.08925,0.08925,0.1785,39.51191918230157,0.4153597966337214,0.0,39.51191918230157,0.0,0.4153597966337214,NORMAL_SIZE_OK,ORDER_ACCEPTED_NORMAL_SIZE
2022-05-11 00:00:00,548,medium,short,9512.697064695585,15.733367672920627,1832.38,1871.7134191823018,39.33341918230157,0.016929339182094643,0.01,0.01,0.01,0.01,False,False,39.33341918230157,0.08925,0.08925,0.1785,39.51191918230157,0.4153597966337214,0.0,39.51191918230157,0.0,0.4153597966337214,NORMAL_SIZE_OK,ORDER_ACCEPTED_NORMAL_SIZE
2022-05-11 00:00:00,548,slow,short,9512.697064695585,15.733367672920627,1832.38,1871.7134191823018,39.33341918230157,0.016929339182094643,0.01,0.01,0.01,0.01,False,False,39.33341918230157,0.08925,0.08925,0.1785,39.51191918230157,0.4153597966337214,0.0,39.51191918230157,0.0,0.4153597966337214,NORMAL_SIZE_OK,ORDER_ACCEPTED_NORMAL_SIZE
2022-05-23 00:00:00,596,fast,long,9462.452914695587,13.564589822798167,1852.36,1818.4485254430044,33.911474556995415,0.019532376951507523,0.01,0.01,0.01,0.01,False,False,33.911474556995415,0.08925,0.08925,0.1785,34.089974556995415,0.3602657245887296,38.92533836460372,73.01531292159913,0.41136625688410067,0.7716319814728303,NORMAL_SIZE_OK,ORDER_ACCEPTED_NORMAL_SIZE
2022-06-01 00:00:00,638,fast,short,9473.993314695586,11.040060036533532,1834.52,1862.120150091334,27.60015009133383,0.02402811324699726,0.02,0.02,0.01,0.01,False,False,55.20030018266766,0.1785,0.1785,0.357,55.55730018266766,0.5864190351125743,37.30266918230178,92.85996936496943,0.3937375501884695,0.9801565853010439,NORMAL_SIZE_OK,ORDER_ACCEPTED_NORMAL_SIZE
2022-06-03 00:00:00,650,fast,long,9380.539214512919,11.447125326068454,1873.36,1844.7421866848288,28.617813315171134,0.022945070532967717,0.02,0.02,0.01,0.01,False,False,57.23562663034227,0.1785,0.1785,0.357,57.59262663034227,0.6139585935661241,0.0,57.59262663034227,0.0,0.6139585935661241,NORMAL_SIZE_OK,ORDER_ACCEPTED_NORMAL_SIZE
2022-06-03 00:00:00,650,medium,long,9380.539214512919,11.447125326068454,1873.36,1844.7421866848288,28.617813315171134,0.022945070532967717,0.02,0.02,0.01,0.01,False,False,57.23562663034227,0.1785,0.1785,0.357,57.59262663034227,0.6139585935661241,0.0,57.59262663034227,0.0,0.6139585935661241,NORMAL_SIZE_OK,ORDER_ACCEPTED_NORMAL_SIZE
2022-08-02 00:00:00,902,fast,long,9259.803292069932,12.068293706766244,1780.23,1750.0592657330844,30.17073426691561,0.02148393952598224,0.02,0.02,0.01,0.01,False,False,60.341468533831225,0.1785,0.1785,0.357,60.698468533831225,0.6555049456159961,0.0,60.698468533831225,0.0,0.6555049456159961,NORMAL_SIZE_OK,ORDER_ACCEPTED_NORMAL_SIZE
2022-08-02 00:00:00,902,medium,long,9259.803292069932,12.068293706766244,1780.23,1750.0592657330844,30.17073426691561,0.02148393952598224,0.02,0.02,0.01,0.01,False,False,60.341468533831225,0.1785,0.1785,0.357,60.698468533831225,0.6555049456159961,0.0,60.698468533831225,0.0,0.6555049456159961,NORMAL_SIZE_OK,ORDER_ACCEPTED_NORMAL_SIZE
2022-08-22 00:00:00,986,fast,short,9123.239823536102,10.16344579038321,1745.28,1770.688614475958,25.408614475958025,0.02513426256484014,0.02,0.02,0.01,0.01,False,False,50.81722895191605,0.1785,0.1785,0.357,51.17422895191605,0.5609216675407014,0.0,51.17422895191605,0.0,0.5609216675407014,NORMAL_SIZE_OK,ORDER_ACCEPTED_NORMAL_SIZE
2022-08-22 00:00:00,986,medium,short,9123.239823536102,10.16344579038321,1745.28,1770.688614475958,25.408614475958025,0.02513426256484014,0.02,0.02,0.01,0.01,False,False,50.81722895191605,0.1785,0.1785,0.357,51.17422895191605,0.5609216675407014,0.0,51.17422895191605,0.0,0.5609216675407014,NORMAL_SIZE_OK,ORDER_ACCEPTED_NORMAL_SIZE
2022-09-01 00:00:00,1034,slow,short,9293.407623536103,10.860077265390832,1705.95,1733.1001931634771,27.150193163477077,0.023960733160552358,0.02,0.0,0.01,0.01,False,False,54.30038632695416,0.1785,0.1785,0.357,54.65738632695416,0.5881307324616979,259.31145790383204,313.9688442307862,2.7902731528434255,3.378403885305123,NORMAL_SIZE_OK,PORTFOLIO_OPEN_RISK_EXCEEDED
2022-09-06 00:00:00,1052,fast,long,9226.483623536104,9.955305637394211,1723.86,1698.9717359065144,24.888264093485528,0.025950136627511066,0.02,0.02,0.01,0.01,False,False,49.776528186971056,0.1785,0.1785,0.357,50.133528186971056,0.5433654925597439,93.8357289519163,143.96925713888734,1.0170259091182694,1.5603914016780132,NORMAL_SIZE_OK,ORDER_ACCEPTED_NORMAL_SIZE
2022-09-26 00:00:00,1136,fast,short,9171.049095349132,15.2733523124388,1627.83,1666.0133807810969,38.183380781097,0.016812901936442817,0.01,0.01,0.01,0.01,False,False,38.183380781097,0.08925,0.08925,0.1785,38.361880781097,0.4182932659312801,0.0,38.361880781097,0.0,0.4182932659312801,NORMAL_SIZE_OK,ORDER_ACCEPTED_NORMAL_SIZE
2022-09-26 00:00:00,1136,medium,short,9171.049095349132,15.2733523124388,1627.83,1666.0133807810969,38.183380781097,0.016812901936442817,0.01,0.01,0.01,0.01,False,False,38.183380781097,0.08925,0.08925,0.1785,38.361880781097,0.4182932659312801,0.0,38.361880781097,0.0,0.4182932659312801,NORMAL_SIZE_OK,ORDER_ACCEPTED_NORMAL_SIZE
2022-09-26 00:00:00,1136,slow,short,9171.049095349132,15.2733523124388,1627.83,1666.0133807810969,38.183380781097,0.016812901936442817,0.01,0.01,0.01,0.01,False,False,38.183380781097,0.08925,0.08925,0.1785,38.361880781097,0.4182932659312801,0.0,38.361880781097,0.0,0.4182932659312801,NORMAL_SIZE_OK,ORDER_ACCEPTED_NORMAL_SIZE
2022-10-21 04:00:00,1251,fast,short,9060.20785300584,12.097910300212627,1621.75,1651.9947757505315,30.244775750531566,0.020969391703929637,0.02,0.02,0.01,0.01,False,False,60.48955150106313,0.1785,0.7385,0.917,61.406551501063134,0.6777609575556339,0.0,61.406551501063134,0.0,0.6777609575556339,NORMAL_SIZE_OK,ORDER_ACCEPTED_NORMAL_SIZE
2022-10-21 04:00:00,1251,medium,short,9060.20785300584,12.097910300212627,1621.75,1651.9947757505315,30.244775750531566,0.020969391703929637,0.02,0.02,0.01,0.01,False,False,60.48955150106313,0.1785,0.7385,0.917,61.406551501063134,0.6777609575556339,0.0,61.406551501063134,0.0,0.6777609575556339,NORMAL_SIZE_OK,ORDER_ACCEPTED_NORMAL_SIZE
2022-10-26 08:00:00,1270,fast,long,8937.514750003715,10.909046084330692,1672.89,1645.6173847891735,27.27261521082673,0.02293971544950694,0.02,0.02,0.01,0.01,False,False,54.54523042165346,0.6785,0.1785,0.857,55.40223042165346,0.6198840726011717,0.0,55.40223042165346,0.0,0.6198840726011717,NORMAL_SIZE_OK,ORDER_ACCEPTED_NORMAL_SIZE
2022-11-03 08:00:00,1306,fast,short,8889.781750003714,9.507403450667674,1623.99,1647.7585086266693,23.768508626669185,0.026181058823439702,0.02,0.02,0.01,0.01,False,False,47.53701725333837,0.1785,0.6785,0.857,48.39401725333837,0.5443780130296016,0.0,48.39401725333837,0.0,0.5443780130296016,NORMAL_SIZE_OK,ORDER_ACCEPTED_NORMAL_SIZE
2022-11-08 16:00:00,1326,fast,long,8841.799332750375,10.596971528124948,1714.91,1688.4175711796877,26.49242882031237,0.023362371094415517,0.02,0.02,0.01,0.01,False,False,52.98485764062474,0.1785,0.1785,0.357,53.34185764062474,0.603291882490981,0.0,53.34185764062474,0.0,0.603291882490981,NORMAL_SIZE_OK,ORDER_ACCEPTED_NORMAL_SIZE
2022-11-08 16:00:00,1326,medium,long,8841.799332750375,10.596971528124948,1714.91,1688.4175711796877,26.49242882031237,0.023362371094415517,0.02,0.02,0.01,0.01,False,False,52.98485764062474,0.1785,0.1785,0.357,53.34185764062474,0.603291882490981,0.0,53.34185764062474,0.0,0.603291882490981,NORMAL_SIZE_OK,ORDER_ACCEPTED_NORMAL_SIZE
2022-11-08 16:00:00,1326,slow,long,8841.799332750375,10.596971528124948,1714.91,1688.4175711796877,26.49242882031237,0.023362371094415517,0.02,0.02,0.01,0.01,False,False,52.98485764062474,0.1785,0.1785,0.357,53.34185764062474,0.603291882490981,0.0,53.34185764062474,0.0,0.603291882490981,NORMAL_SIZE_OK,ORDER_ACCEPTED_NORMAL_SIZE
2022-11-21 00:00:00,1376,fast,short,9024.694832750376,8.7981304581696,1746.13,1768.1253261454242,21.995326145424002,0.02872103982981647,0.02,0.02,0.01,0.01,False,False,43.990652290848004,0.1785,0.7385,0.917,44.907652290848006,0.4976085410431757,115.74335764062518,160.6510099314732,1.2825182433936229,1.7801267844367987,NORMAL_SIZE_OK,ORDER_ACCEPTED_NORMAL_SIZE
2022-11-30 20:00:00,1423,fast,long,8988.197332750377,9.008107421568264,1768.1,1745.5797314460792,22.52026855392066,0.02793811325056292,0.02,0.02,0.01,0.01,False,False,45.04053710784132,0.6785,0.1785,0.857,45.897537107841316,0.5106422946523886,0.0,45.897537107841316,0.0,0.5106422946523886,NORMAL_SIZE_OK,ORDER_ACCEPTED_NORMAL_SIZE
2022-11-30 20:00:00,1423,medium,long,8988.197332750377,9.008107421568264,1768.1,1745.5797314460792,22.52026855392066,0.02793811325056292,0.02,0.02,0.01,0.01,False,False,45.04053710784132,0.6785,0.1785,0.857,45.897537107841316,0.5106422946523886,0.0,45.897537107841316,0.0,0.5106422946523886,NORMAL_SIZE_OK,ORDER_ACCEPTED_NORMAL_SIZE
2022-12-01 12:00:00,1427,slow,long,9069.040332750375,9.54250748303872,1789.3,1765.443731292403,23.8562687075968,0.026610734104045776,0.02,0.0,0.01,0.01,False,False,47.7125374151936,0.6785,0.1785,0.857,48.5695374151936,0.5355532187876363,172.75807421568246,221.32761163087605,1.9049212251467624,2.4404744439343986,NORMAL_SIZE_OK,PORTFOLIO_OPEN_RISK_EXCEEDED
2022-12-01 16:00:00,1428,slow,long,9117.840332750377,9.80988210888679,1801.5,1776.975294727783,24.524705272216973,0.02602472960258454,0.02,0.0,0.01,0.01,False,False,49.049410544433954,0.6785,0.1785,0.857,49.90641054443395,0.5473490291903346,221.55807421568264,271.4644847601166,2.4299402723676575,2.9772893015579918,NORMAL_SIZE_OK,PORTFOLIO_OPEN_RISK_EXCEEDED
2022-12-05 00:00:00,1436,slow,long,9128.896332750375,10.083962791333475,1806.36,1781.1500930216662,25.209906978333688,0.025348080175056797,0.02,0.0,0.01,0.01,False,False,50.419813956667376,0.7385,0.1785,0.917,51.33681395666738,0.5623550984196629,240.99807421568224,292.3348881723496,2.6399475405486807,3.202302638968344,NORMAL_SIZE_OK,PORTFOLIO_OPEN_RISK_EXCEEDED
2022-12-09 12:00:00,1463,fast,long,9032.089832750376,8.62081490429397,1797.84,1776.287962739265,21.552037260734927,0.029335801559901654,0.02,0.02,0.01,0.01,False,False,43.104074521469855,0.6785,0.1785,0.857,43.961074521469854,0.4867209619867476,103.45903710784116,147.420111629311,1.1454606743690532,1.6321816363558008,NORMAL_SIZE_OK,ORDER_ACCEPTED_NORMAL_SIZE
2022-12-13 12:00:00,1475,fast,long,9020.136832750377,9.106002400613907,1810.9,1788.1349939984652,22.765006001534765,0.027735972406506645,0.02,0.02,0.01,0.01,False,False,45.53001200306954,0.6785,0.1785,0.857,46.387012003069536,0.5142606244580153,129.57903710784151,175.96604911091106,1.4365528983702889,1.9508135228283041,NORMAL_SIZE_OK,ORDER_ACCEPTED_NORMAL_SIZE
2022-12-13 12:00:00,1475,slow,long,9020.136832750377,9.106002400613907,1810.9,1788.1349939984652,22.765006001534765,0.027735972406506645,0.02,0.02,0.01,0.01,False,False,45.53001200306954,0.6785,0.1785,0.857,46.387012003069536,0.5142606244580153,129.57903710784151,175.96604911091106,1.4365528983702889,1.9508135228283041,NORMAL_SIZE_OK,ORDER_ACCEPTED_NORMAL_SIZE
2022-12-20 16:00:00,1506,fast,long,8923.426808744238,9.585484442285905,1817.84,1793.8762888942852,23.96371110571476,0.02606607440126981,0.02,0.0,0.01,0.01,False,False,47.92742221142952,0.6785,0.1785,0.857,48.78442221142952,0.5467005362068384,143.45903710784117,192.2434593192707,1.6076675495031,2.1543680857099385,NORMAL_SIZE_OK,PORTFOLIO_OPEN_RISK_EXCEEDED
2023-01-03 04:00:00,1551,fast,long,8949.402808744237,8.262972913128461,1840.26,1819.6025677171788,20.657432282821155,0.0303260438197376,0.03,0.0,0.01,0.01,False,False,61.972296848463465,1.01775,0.26775000000000004,1.2854999999999999,63.257796848463464,0.7068381902159534,188.29903710784131,251.55683395630479,2.1040402486281997,2.8108784388441532,NORMAL_SIZE_OK,PORTFOLIO_OPEN_RISK_EXCEEDED
2023-01-03 04:00:00,1551,slow,long,8949.402808744237,8.262972913128461,1840.26,1819.6025677171788,20.657432282821155,0.0303260438197376,0.03,0.0,0.01,0.01,False,False,61.972296848463465,1.01775,0.26775000000000004,1.2854999999999999,63.257796848463464,0.7068381902159534,188.29903710784131,251.55683395630479,2.1040402486281997,2.8108784388441532,NORMAL_SIZE_OK,PORTFOLIO_OPEN_RISK_EXCEEDED
2023-01-04 08:00:00,1558,fast,long,8986.558808744237,9.32864962165472,1860.41,1837.0883759458634,23.321624054136798,0.02697321229224231,0.02,0.0,0.01,0.01,False,False,46.643248108273596,0.6785,0.1785,0.857,47.500248108273595,0.528569935602649,228.5990371078415,276.0992852161151,2.543788361852221,3.07235829745487,NORMAL_SIZE_OK,PORTFOLIO_OPEN_RISK_EXCEEDED
2023-01-04 08:00:00,1558,slow,long,8986.558808744237,9.32864962165472,1860.41,1837.0883759458634,23.321624054136798,0.02697321229224231,0.02,0.0,0.01,0.01,False,False,46.643248108273596,0.6785,0.1785,0.857,47.500248108273595,0.528569935602649,228.5990371078415,276.0992852161151,2.543788361852221,3.07235829745487,NORMAL_SIZE_OK,PORTFOLIO_OPEN_RISK_EXCEEDED
2023-01-09 00:00:00,1574,fast,long,9009.118808744239,10.338209879086536,1874.31,1848.4644753022835,25.84552469771634,0.02440029072684366,0.02,0.0,0.01,0.01,False,False,51.69104939543268,0.7385,0.1785,0.917,52.60804939543268,0.5839422313353375,256.3990371078412,309.00708650327385,2.8459946255673825,3.4299368569027195,NORMAL_SIZE_OK,PORTFOLIO_OPEN_RISK_EXCEEDED
2023-01-09 00:00:00,1574,slow,long,9009.118808744239,10.338209879086536,1874.31,1848.4644753022835,25.84552469771634,0.02440029072684366,0.02,0.0,0.01,0.01,False,False,51.69104939543268,0.7385,0.1785,0.917,52.60804939543268,0.5839422313353375,256.3990371078412,309.00708650327385,2.8459946255673825,3.4299368569027195,NORMAL_SIZE_OK,PORTFOLIO_OPEN_RISK_EXCEEDED
2023-01-09 04:00:00,1575,fast,long,9016.258808744238,10.08279938513221,1877.88,1852.6730015371695,25.206998462830526,0.025038209826638177,0.02,0.0,0.01,0.01,False,False,50.41399692566105,0.6785,0.1785,0.857,51.27099692566105,0.5686504570602711,263.5390371078415,314.8100340335026,2.922931148030638,3.4915816050909094,NORMAL_SIZE_OK,PORTFOLIO_OPEN_RISK_EXCEEDED
2023-01-09 04:00:00,1575,slow,long,9016.258808744238,10.08279938513221,1877.88,1852.6730015371695,25.206998462830526,0.025038209826638177,0.02,0.0,0.01,0.01,False,False,50.41399692566105,0.6785,0.1785,0.857,51.27099692566105,0.5686504570602711,263.5390371078415,314.8100340335026,2.922931148030638,3.4915816050909094,NORMAL_SIZE_OK,PORTFOLIO_OPEN_RISK_EXCEEDED
2023-01-11 04:00:00,1587,fast,long,9020.566808744237,9.216471431012753,1882.13,1859.0888214224683,23.04117857753188,0.027404834109824205,0.02,0.0,0.01,0.01,False,False,46.08235715506377,0.6785,0.1785,0.857,46.93935715506377,0.5203592872851661,272.0390371078415,318.9783942629053,3.015764340264471,3.5361236275496375,NORMAL_SIZE_OK,PORTFOLIO_OPEN_RISK_EXCEEDED
2023-01-11 04:00:00,1587,slow,long,9020.566808744237,9.216471431012753,1882.13,1859.0888214224683,23.04117857753188,0.027404834109824205,0.02,0.0,0.01,0.01,False,False,46.08235715506377,0.6785,0.1785,0.857,46.93935715506377,0.5203592872851661,272.0390371078415,318.9783942629053,3.015764340264471,3.5361236275496375,NORMAL_SIZE_OK,PORTFOLIO_OPEN_RISK_EXCEEDED
2023-01-11 08:00:00,1588,fast,long,9025.406808744237,9.07364785946211,1884.55,1861.8658803513447,22.684119648655276,0.02785113490836082,0.02,0.0,0.01,0.01,False,False,45.36823929731056,0.6785,0.1785,0.857,46.22523929731056,0.5121679307854066,276.8790371078412,323.1042764051518,3.067773486283054,3.579941417068461,NORMAL_SIZE_OK,PORTFOLIO_OPEN_RISK_EXCEEDED
2023-01-11 08:00:00,1588,slow,long,9025.406808744237,9.07364785946211,1884.55,1861.8658803513447,22.684119648655276,0.02785113490836082,0.02,0.0,0.01,0.01,False,False,45.36823929731056,0.6785,0.1785,0.857,46.22523929731056,0.5121679307854066,276.8790371078412,323.1042764051518,3.067773486283054,3.579941417068461,NORMAL_SIZE_OK,PORTFOLIO_OPEN_RISK_EXCEEDED
2023-01-12 12:00:00,1595,fast,long,9054.418808744236,9.616468442555474,1899.58,1875.5388288936113,24.041171106388685,0.02636349592984963,0.02,0.0,0.01,0.01,False,False,48.08234221277737,0.6785,0.1785,0.857,48.93934221277737,0.540502303311998,306.93903710784116,355.87837932061854,3.3899363790353623,3.9304386823473605,NORMAL_SIZE_OK,PORTFOLIO_OPEN_RISK_EXCEEDED
2023-01-12 12:00:00,1595,slow,long,9054.418808744236,9.616468442555474,1899.58,1875.5388288936113,24.041171106388685,0.02636349592984963,0.02,0.0,0.01,0.01,False,False,48.08234221277737,0.6785,0.1785,0.857,48.93934221277737,0.540502303311998,306.93903710784116,355.87837932061854,3.3899363790353623,3.9304386823473605,NORMAL_SIZE_OK,PORTFOLIO_OPEN_RISK_EXCEEDED
2023-01-13 08:00:00,1600,fast,long,9062.730808744238,9.972412760669725,1904.26,1879.3289680983257,24.931031901674313,0.025445844324217173,0.02,0.0,0.01,0.01,False,False,49.86206380334863,0.6785,0.1785,0.857,50.71906380334863,0.5596443817399056,316.2990371078413,367.0181009111899,3.4901073835565986,4.049751765296504,NORMAL_SIZE_OK,PORTFOLIO_OPEN_RISK_EXCEEDED
2023-01-13 08:00:00,1600,slow,long,9062.730808744238,9.972412760669725,1904.26,1879.3289680983257,24.931031901674313,0.025445844324217173,0.02,0.0,0.01,0.01,False,False,49.86206380334863,0.6785,0.1785,0.857,50.71906380334863,0.5596443817399056,316.2990371078413,367.0181009111899,3.4901073835565986,4.049751765296504,NORMAL_SIZE_OK,PORTFOLIO_OPEN_RISK_EXCEEDED
2023-01-16 00:00:00,1604,fast,long,9099.266808744238,10.172968021145241,1924.1,1898.6675799471368,25.4324200528631,0.025044752929062723,0.02,0.0,0.01,0.01,False,False,50.8648401057262,0.7385,0.1785,0.917,51.781840105726204,0.5690770607579586,355.9790371078411,407.7608772135673,3.9121727562241766,4.481249816982134,NORMAL_SIZE_OK,PORTFOLIO_OPEN_RISK_EXCEEDED
2023-01-16 00:00:00,1604,slow,long,9099.266808744238,10.172968021145241,1924.1,1898.6675799471368,25.4324200528631,0.025044752929062723,0.02,0.0,0.01,0.01,False,False,50.8648401057262,0.7385,0.1785,0.917,51.781840105726204,0.5690770607579586,355.9790371078411,407.7608772135673,3.9121727562241766,4.481249816982134,NORMAL_SIZE_OK,PORTFOLIO_OPEN_RISK_EXCEEDED
2023-01-19 20:00:00,1627,fast,long,9109.726808744239,10.163016910363922,1931.95,1906.5424577240901,25.407542275909805,0.025098093695458085,0.02,0.0,0.01,0.01,False,False,50.81508455181961,0.6785,0.1785,0.857,51.67208455181961,0.5672188160705395,371.67903710784134,423.351121659661,4.080023966811764,4.647242782882303,NORMAL_SIZE_OK,PORTFOLIO_OPEN_RISK_EXCEEDED
2023-01-19 20:00:00,1627,slow,long,9109.726808744239,10.163016910363922,1931.95,1906.5424577240901,25.407542275909805,0.025098093695458085,0.02,0.0,0.01,0.01,False,False,50.81508455181961,0.6785,0.1785,0.857,51.67208455181961,0.5672188160705395,371.67903710784134,423.351121659661,4.080023966811764,4.647242782882303,NORMAL_SIZE_OK,PORTFOLIO_OPEN_RISK_EXCEEDED
2023-01-25 20:00:00,1651,fast,long,9131.382808744238,9.941597627197565,1946.97,1922.1160059320061,24.853994067993913,0.02571807150446018,0.02,0.0,0.01,0.01,False,False,49.707988135987826,0.6785,0.1785,0.857,50.564988135987825,0.5537495163116658,401.71903710784136,452.2840252438292,4.399323142198726,4.9530726585103935,NORMAL_SIZE_OK,PORTFOLIO_OPEN_RISK_EXCEEDED
2023-01-25 20:00:00,1651,slow,long,9131.382808744238,9.941597627197565,1946.97,1922.1160059320061,24.853994067993913,0.02571807150446018,0.02,0.0,0.01,0.01,False,False,49.707988135987826,0.6785,0.1785,0.857,50.564988135987825,0.5537495163116658,401.71903710784136,452.2840252438292,4.399323142198726,4.9530726585103935,NORMAL_SIZE_OK,PORTFOLIO_OPEN_RISK_EXCEEDED
2023-01-31 08:00:00,1672,fast,short,9038.674808744237,9.560381729237708,1903.76,1927.6609543230943,23.90095432309427,0.026472049109802446,0.02,0.0,0.01,0.01,False,False,47.801908646188544,0.1785,0.6785,0.857,48.65890864618854,0.538341180270306,315.2990371078413,363.9579457540298,3.4883325684293145,4.02667374869962,NORMAL_SIZE_OK,PORTFOLIO_OPEN_RISK_EXCEEDED
2023-02-01 20:00:00,1681,fast,long,9038.496308744237,10.46179584590314,1950.04,1923.885510385242,26.15448961475785,0.024190674371068373,0.02,0.02,0.01,0.01,False,False,52.3089792295157,0.6785,0.1785,0.857,53.1659792295157,0.5882170818400467,0.0,53.1659792295157,0.0,0.5882170818400467,NORMAL_SIZE_OK,ORDER_ACCEPTED_NORMAL_SIZE
2023-02-01 20:00:00,1681,medium,long,9038.496308744237,10.46179584590314,1950.04,1923.885510385242,26.15448961475785,0.024190674371068373,0.02,0.02,0.01,0.01,False,False,52.3089792295157,0.6785,0.1785,0.857,53.1659792295157,0.5882170818400467,0.0,53.1659792295157,0.0,0.5882170818400467,NORMAL_SIZE_OK,ORDER_ACCEPTED_NORMAL_SIZE
2023-02-01 20:00:00,1681,slow,long,9038.496308744237,10.46179584590314,1950.04,1923.885510385242,26.15448961475785,0.024190674371068373,0.02,0.02,0.01,0.01,False,False,52.3089792295157,0.6785,0.1785,0.857,53.1659792295157,0.5882170818400467,0.0,53.1659792295157,0.0,0.5882170818400467,NORMAL_SIZE_OK,ORDER_ACCEPTED_NORMAL_SIZE
2023-02-03 12:00:00,1691,fast,short,8878.818371055691,11.657161069982516,1886.69,1915.8329026749564,29.14290267495629,0.021326540218246485,0.02,0.02,0.01,0.01,False,False,58.28580534991258,0.1785,0.6785,0.857,59.14280534991258,0.6661112197397107,0.0,59.14280534991258,0.0,0.6661112197397107,NORMAL_SIZE_OK,ORDER_ACCEPTED_NORMAL_SIZE
2023-02-03 12:00:00,1691,medium,short,8878.818371055691,11.657161069982516,1886.69,1915.8329026749564,29.14290267495629,0.021326540218246485,0.02,0.02,0.01,0.01,False,False,58.28580534991258,0.1785,0.6785,0.857,59.14280534991258,0.6661112197397107,0.0,59.14280534991258,0.0,0.6661112197397107,NORMAL_SIZE_OK,ORDER_ACCEPTED_NORMAL_SIZE
2023-02-09 12:00:00,1715,fast,long,8880.996871055691,10.131516339836402,1889.44,1864.111209150409,25.328790849591005,0.024543997566466413,0.02,0.02,0.01,0.01,False,False,50.65758169918201,0.6785,0.1785,0.857,51.51458169918201,0.5800540462644981,53.48430534991259,104.9988870490946,0.6022331290783899,1.182287175342888,NORMAL_SIZE_OK,ORDER_ACCEPTED_NORMAL_SIZE
2023-02-09 20:00:00,1717,fast,short,8828.723789356509,10.969268496702348,1861.12,1888.5431712417558,27.42317124175587,0.022536075780832457,0.02,0.02,0.01,0.01,False,False,54.84634248351175,0.1785,0.6785,0.857,55.70334248351175,0.6309331202621273,0.0,55.70334248351175,0.0,0.6309331202621273,NORMAL_SIZE_OK,ORDER_ACCEPTED_NORMAL_SIZE
2023-02-13 16:00:00,1728,medium,short,8850.360089356509,10.11823766848984,1851.48,1876.7755941712246,25.2955941712246,0.02449142732372368,0.02,0.02,0.01,0.01,False,False,50.59118834244921,0.1785,0.6785,0.857,51.44818834244921,0.5813118090451604,75.92484248351185,127.37303082596105,0.8578729194851573,1.4391847285303176,NORMAL_SIZE_OK,ORDER_ACCEPTED_NORMAL_SIZE
2023-02-13 16:00:00,1728,slow,short,8850.360089356509,10.11823766848984,1851.48,1876.7755941712246,25.2955941712246,0.02449142732372368,0.02,0.02,0.01,0.01,False,False,50.59118834244921,0.1785,0.6785,0.857,51.44818834244921,0.5813118090451604,75.92484248351185,127.37303082596105,0.8578729194851573,1.4391847285303176,NORMAL_SIZE_OK,ORDER_ACCEPTED_NORMAL_SIZE
2023-03-03 08:00:00,1810,fast,long,8948.581789356509,7.044449760066041,1845.72,1828.1088755998348,17.611124400165103,0.035568468600964694,0.03,0.03,0.01,0.01,False,False,52.83337320049531,0.26775000000000004,0.26775000000000004,0.5355000000000001,53.36887320049531,0.5963947635140635,124.6193766848983,177.9882498853936,1.39261594315561,1.9890107066696734,NORMAL_SIZE_OK,ORDER_ACCEPTED_NORMAL_SIZE
2023-03-07 16:00:00,1824,fast,short,8908.631289356512,7.552776214357122,1816.99,1835.871940535893,18.881940535892806,0.03302648840936356,0.03,0.03,0.01,0.01,False,False,56.64582160767842,0.26775000000000004,1.01775,1.2854999999999999,57.93132160767842,0.6502830763339731,0.0,57.93132160767842,0.0,0.6502830763339731,NORMAL_SIZE_OK,ORDER_ACCEPTED_NORMAL_SIZE
2023-03-13 00:00:00,1844,fast,long,8885.785389356512,9.136431929447008,1872.88,1850.0389201763826,22.84107982361752,0.02723185515125283,0.02,0.02,0.01,0.01,False,False,45.68215964723504,0.7185,0.1785,0.897,46.57915964723504,0.5241985666571246,0.0,46.57915964723504,0.0,0.5241985666571246,NORMAL_SIZE_OK,ORDER_ACCEPTED_NORMAL_SIZE
2023-03-13 00:00:00,1844,medium,long,8885.785389356512,9.136431929447008,1872.88,1850.0389201763826,22.84107982361752,0.02723185515125283,0.02,0.02,0.01,0.01,False,False,45.68215964723504,0.7185,0.1785,0.897,46.57915964723504,0.5241985666571246,0.0,46.57915964723504,0.0,0.5241985666571246,NORMAL_SIZE_OK,ORDER_ACCEPTED_NORMAL_SIZE
2023-03-13 00:00:00,1844,slow,long,8885.785389356512,9.136431929447008,1872.88,1850.0389201763826,22.84107982361752,0.02723185515125283,0.02,0.02,0.01,0.01,False,False,45.68215964723504,0.7185,0.1785,0.897,46.57915964723504,0.5241985666571246,0.0,46.57915964723504,0.0,0.5241985666571246,NORMAL_SIZE_OK,ORDER_ACCEPTED_NORMAL_SIZE
2023-03-30 16:00:00,1926,fast,long,9425.523389356513,10.862020791094917,1983.06,1955.9049480222627,27.155051977737294,0.02429701249682281,0.02,0.0,0.01,0.01,False,False,54.31010395547459,0.6785,0.1785,0.857,55.16710395547459,0.5852948603126948,532.3613192944695,587.528423249944,5.6480823112233995,6.233377171536095,NORMAL_SIZE_OK,PORTFOLIO_OPEN_RISK_EXCEEDED
2023-04-03 04:00:00,1935,fast,short,9294.619389356512,10.641290718144546,1952.43,1979.0332267953613,26.603226795361365,0.02445655793034854,0.02,0.0,0.01,0.01,False,False,53.20645359072273,0.1785,0.7385,0.917,54.12345359072273,0.5823095204167346,409.84131929447,463.9647728851927,4.4094470373234325,4.991756557740167,NORMAL_SIZE_OK,PORTFOLIO_OPEN_RISK_EXCEEDED
2023-04-04 16:00:00,1944,fast,long,9429.892889356513,11.814501608833142,2020.68,1991.1437459779172,29.536254022082854,0.022348551775097685,0.02,0.0,0.01,0.01,False,False,59.07250804416571,0.6785,0.1785,0.857,59.92950804416571,0.6355269221754144,341.4206596472349,401.3501676914006,3.6206207605241754,4.256147682699589,NORMAL_SIZE_OK,PORTFOLIO_OPEN_RISK_EXCEEDED
2023-04-04 16:00:00,1944,medium,long,9429.892889356513,11.814501608833142,2020.68,1991.1437459779172,29.536254022082854,0.022348551775097685,0.02,0.0,0.01,0.01,False,False,59.07250804416571,0.6785,0.1785,0.857,59.92950804416571,0.6355269221754144,341.4206596472349,401.3501676914006,3.6206207605241754,4.256147682699589,NORMAL_SIZE_OK,PORTFOLIO_OPEN_RISK_EXCEEDED
2023-04-05 12:00:00,1949,fast,long,9448.308889356513,10.56774302785316,2031.46,2005.0406424303671,26.4193575696329,0.025033978230233924,0.02,0.0,0.01,0.01,False,False,52.83871513926581,0.6785,0.1785,0.857,53.69571513926581,0.5683103269385471,362.9806596472349,416.67637478650073,3.84175267656767,4.410063003506218,NORMAL_SIZE_OK,PORTFOLIO_OPEN_RISK_EXCEEDED
2023-04-05 12:00:00,1949,medium,long,9448.308889356513,10.56774302785316,2031.46,2005.0406424303671,26.4193575696329,0.025033978230233924,0.02,0.0,0.01,0.01,False,False,52.83871513926581,0.6785,0.1785,0.857,53.69571513926581,0.5683103269385471,362.9806596472349,416.67637478650073,3.84175267656767,4.410063003506218,NORMAL_SIZE_OK,PORTFOLIO_OPEN_RISK_EXCEEDED
2023-04-12 12:00:00,1973,fast,long,9420.416889356513,10.672180001337143,2022.23,1995.549549996657,26.680450003342855,0.02471581934233997,0.02,0.0,0.01,0.01,False,False,53.36090000668572,0.6785,0.1785,0.857,54.21790000668572,0.5755361004027627,344.5206596472349,398.7385596539206,3.657169992513657,4.23270609291642,NORMAL_SIZE_OK,PORTFOLIO_OPEN_RISK_EXCEEDED
2023-04-13 12:00:00,1979,fast,long,9464.848889356512,11.333381403492004,2044.97,2016.63654649127,28.33345350873001,0.023383645133510336,0.02,0.0,0.01,0.01,False,False,56.66690701746002,0.6785,0.1785,0.857,57.52390701746002,0.6077636071099588,390.00065964723495,447.524566664695,4.120516494307708,4.728280101417667,NORMAL_SIZE_OK,PORTFOLIO_OPEN_RISK_EXCEEDED
2023-04-13 12:00:00,1979,medium,long,9464.848889356512,11.333381403492004,2044.97,2016.63654649127,28.33345350873001,0.023383645133510336,0.02,0.0,0.01,0.01,False,False,56.66690701746002,0.6785,0.1785,0.857,57.52390701746002,0.6077636071099588,390.00065964723495,447.524566664695,4.120516494307708,4.728280101417667,NORMAL_SIZE_OK,PORTFOLIO_OPEN_RISK_EXCEEDED
2023-04-17 16:00:00,1992,fast,short,9353.656889356513,12.698240276560051,1991.47,2023.2156006914001,31.745600691400128,0.02062509349310656,0.02,0.0,0.01,0.01,False,False,63.491201382800256,0.1785,0.6785,0.857,64.34820138280026,0.6879469938225102,283.0006596472349,347.34886103003515,3.0255616920186603,3.713508685841171,NORMAL_SIZE_OK,PORTFOLIO_OPEN_RISK_EXCEEDED
2023-04-19 08:00:00,2002,fast,short,9326.464889356514,11.59145651590294,1979.97,2008.9486412897575,28.978641289757352,0.02252874921660699,0.02,0.0,0.01,0.01,False,False,57.957282579514704,0.1785,0.6785,0.857,58.8142825795147,0.6306171017341667,260.0006596472349,318.8149422267496,2.787772888567362,3.418389990301529,NORMAL_SIZE_OK,PORTFOLIO_OPEN_RISK_EXCEEDED
2023-04-19 08:00:00,2002,medium,short,9326.464889356514,11.59145651590294,1979.97,2008.9486412897575,28.978641289757352,0.02252874921660699,0.02,0.0,0.01,0.01,False,False,57.957282579514704,0.1785,0.6785,0.857,58.8142825795147,0.6306171017341667,260.0006596472349,318.8149422267496,2.787772888567362,3.418389990301529,NORMAL_SIZE_OK,PORTFOLIO_OPEN_RISK_EXCEEDED
2023-05-02 16:00:00,2058,fast,long,9326.206389356514,11.381347436185473,2014.99,1986.5366314095363,28.453368590463683,0.022944012593073333,0.02,0.02,0.01,0.01,False,False,56.906737180927365,0.6785,0.1785,0.857,57.763737180927365,0.6193701358233926,0.0,57.763737180927365,0.0,0.6193701358233926,NORMAL_SIZE_OK,ORDER_ACCEPTED_NORMAL_SIZE
2023-05-02 16:00:00,2058,medium,long,9326.206389356514,11.381347436185473,2014.99,1986.5366314095363,28.453368590463683,0.022944012593073333,0.02,0.02,0.01,0.01,False,False,56.906737180927365,0.6785,0.1785,0.857,57.763737180927365,0.6193701358233926,0.0,57.763737180927365,0.0,0.6193701358233926,NORMAL_SIZE_OK,ORDER_ACCEPTED_NORMAL_SIZE
2023-05-04 00:00:00,2066,slow,long,9473.585389356513,12.679178532818753,2054.27,2022.572053667953,31.697946332046882,0.020920944540325153,0.02,0.0,0.01,0.01,False,False,63.395892664093765,0.7385,0.1785,0.917,64.31289266409377,0.678865392783061,271.2904743618547,335.6033670259485,2.863651544922444,3.5425169377055057,NORMAL_SIZE_OK,PORTFOLIO_OPEN_RISK_EXCEEDED
2023-05-11 16:00:00,2100,fast,short,9297.506889356513,11.882713635492296,2015.61,2045.3167840887306,29.70678408873074,0.021908311593439908,0.02,0.02,0.01,0.01,False,False,59.41356817746148,0.1785,0.6785,0.857,60.27056817746148,0.6482444045990144,58.325237180927175,118.59580535838865,0.6273212579997767,1.275565662598791,NORMAL_SIZE_OK,ORDER_ACCEPTED_NORMAL_SIZE
2023-05-16 16:00:00,2118,medium,short,9355.547889356512,10.50934345227316,1987.51,2013.7833586306829,26.2733586306829,0.024925947286014494,0.02,0.02,0.01,0.01,False,False,52.54671726136581,0.1785,0.6785,0.857,53.403717261365806,0.5708240489273899,116.21206817746135,169.61578543882715,1.2421727679858479,1.8129968169132376,NORMAL_SIZE_OK,ORDER_ACCEPTED_NORMAL_SIZE
2023-05-18 12:00:00,2129,slow,short,9441.622189356513,9.061670737108932,1966.89,1989.5441768427725,22.65417684277233,0.029174026398836737,0.02,0.0,0.01,0.01,False,False,45.30835368554466,0.1785,0.6785,0.857,46.16535368554466,0.4889557404403091,251.9172854388267,298.0826391243713,2.6681568102016584,3.1571125506419673,NORMAL_SIZE_OK,PORTFOLIO_OPEN_RISK_EXCEEDED
2023-05-18 16:00:00,2130,slow,short,9487.062189356513,9.423587200253483,1955.53,1979.0889680006337,23.558968000633705,0.028188601183086318,0.02,0.0,0.01,0.01,False,False,47.11793600126741,0.1785,0.6785,0.857,47.97493600126741,0.5056880100890478,297.3572854388272,345.3322214400946,3.134345274688205,3.6400332847772523,NORMAL_SIZE_OK,PORTFOLIO_OPEN_RISK_EXCEEDED
2023-05-25 12:00:00,2159,slow,short,9543.270989356515,10.11093123177892,1943.6,1968.8773280794471,25.2773280794473,0.02642798982373942,0.02,0.0,0.01,0.01,False,False,50.5546561588946,0.1785,0.6785,0.857,51.4116561588946,0.5387215370519537,345.07728543882746,396.48894159772203,3.615922526182979,4.154644063234932,NORMAL_SIZE_OK,PORTFOLIO_OPEN_RISK_EXCEEDED
2023-06-01 16:00:00,2190,fast,long,9454.114889356513,9.331581097765673,1978.37,1955.0410472555857,23.32895274441418,0.028367670401039005,0.02,0.02,0.01,0.01,False,False,46.65790548882836,0.6785,0.1785,0.857,47.51490548882836,0.5025843883314859,71.50521726136596,119.02012275019432,0.7563396266938417,1.2589240150253276,NORMAL_SIZE_OK,ORDER_ACCEPTED_NORMAL_SIZE
2023-06-05 00:00:00,2198,fast,short,9404.933483867686,9.190477074615895,1946.41,1969.3861926865397,22.97619268653974,0.02865336972284446,0.02,0.02,0.01,0.01,False,False,45.95238537307948,0.1785,0.7385,0.917,46.86938537307948,0.4983489298831799,0.0,46.86938537307948,0.0,0.4983489298831799,NORMAL_SIZE_OK,ORDER_ACCEPTED_NORMAL_SIZE
2023-06-15 00:00:00,2246,fast,short,9360.010498494607,9.005473233527825,1939.17,1961.6836830838197,22.51368308381956,0.02910233445390865,0.02,0.02,0.01,0.01,False,False,45.02736616763912,0.1785,0.7385,0.917,45.944366167639124,0.4908580623390163,0.0,45.944366167639124,0.0,0.4908580623390163,NORMAL_SIZE_OK,ORDER_ACCEPTED_NORMAL_SIZE
2023-06-15 04:00:00,2247,medium,short,9369.291998494606,8.900199571851438,1934.39,1956.6404989296286,22.250498929628595,0.029475763306201504,0.02,0.02,0.01,0.01,False,False,44.50099785925719,0.1785,0.8385,1.017,45.51799785925719,0.48582110437555703,55.325866167638814,100.843864026896,0.5905021017226083,1.0763232060981653,NORMAL_SIZE_OK,ORDER_ACCEPTED_NORMAL_SIZE
2023-06-15 08:00:00,2248,slow,short,9380.393498494606,9.00018959325887,1931.57,1954.0704739831472,22.500473983147174,0.029182831676632038,0.02,0.02,0.01,0.01,False,False,45.000947966294355,0.1785,0.6785,0.857,45.857947966294354,0.488870194770121,111.6253640268965,157.48331199319085,1.1899859429650845,1.6788561377352054,NORMAL_SIZE_OK,ORDER_ACCEPTED_NORMAL_SIZE
2023-06-22 16:00:00,2280,fast,short,9223.221786501417,7.892104839677955,1915.43,1935.160262099195,19.73026209919489,0.032722602558911,0.03,0.03,0.01,0.01,False,False,59.19078629758466,0.26775000000000004,0.9577500000000001,1.2255000000000003,60.416286297584655,0.6550453593776363,0.0,60.416286297584655,0.0,0.6550453593776363,NORMAL_SIZE_OK,ORDER_ACCEPTED_NORMAL_SIZE
2023-06-22 16:00:00,2280,medium,short,9223.221786501417,7.892104839677955,1915.43,1935.160262099195,19.73026209919489,0.032722602558911,0.03,0.03,0.01,0.01,False,False,59.19078629758466,0.26775000000000004,0.9577500000000001,1.2255000000000003,60.416286297584655,0.6550453593776363,0.0,60.416286297584655,0.0,0.6550453593776363,NORMAL_SIZE_OK,ORDER_ACCEPTED_NORMAL_SIZE
2023-06-22 16:00:00,2280,slow,short,9223.221786501417,7.892104839677955,1915.43,1935.160262099195,19.73026209919489,0.032722602558911,0.03,0.03,0.01,0.01,False,False,59.19078629758466,0.26775000000000004,0.9577500000000001,1.2255000000000003,60.416286297584655,0.6550453593776363,0.0,60.416286297584655,0.0,0.6550453593776363,NORMAL_SIZE_OK,ORDER_ACCEPTED_NORMAL_SIZE
2023-06-28 08:00:00,2302,fast,short,9084.041051807053,7.585655885029672,1909.8,1928.7641397125742,18.96413971257418,0.033530805154576626,0.03,0.03,0.01,0.01,False,False,56.89241913772254,0.26775000000000004,0.9577500000000001,1.2255000000000003,58.11791913772254,0.6397804546046317,0.0,58.11791913772254,0.0,0.6397804546046317,NORMAL_SIZE_OK,ORDER_ACCEPTED_NORMAL_SIZE
2023-06-28 08:00:00,2302,medium,short,9084.041051807053,7.585655885029672,1909.8,1928.7641397125742,18.96413971257418,0.033530805154576626,0.03,0.03,0.01,0.01,False,False,56.89241913772254,0.26775000000000004,0.9577500000000001,1.2255000000000003,58.11791913772254,0.6397804546046317,0.0,58.11791913772254,0.0,0.6397804546046317,NORMAL_SIZE_OK,ORDER_ACCEPTED_NORMAL_SIZE
2023-06-28 08:00:00,2302,slow,short,9084.041051807053,7.585655885029672,1909.8,1928.7641397125742,18.96413971257418,0.033530805154576626,0.03,0.03,0.01,0.01,False,False,56.89241913772254,0.26775000000000004,0.9577500000000001,1.2255000000000003,58.11791913772254,0.6397804546046317,0.0,58.11791913772254,0.0,0.6397804546046317,NORMAL_SIZE_OK,ORDER_ACCEPTED_NORMAL_SIZE
2023-07-06 12:00:00,2339,fast,short,8964.572313531608,7.394743323896186,1906.19,1924.6768583097405,18.486858309740466,0.03394411594622224,0.03,0.03,0.01,0.01,False,False,55.4605749292214,0.26775000000000004,1.01775,1.2854999999999999,56.7460749292214,0.6330037055260944,0.0,56.7460749292214,0.0,0.6330037055260944,NORMAL_SIZE_OK,ORDER_ACCEPTED_NORMAL_SIZE
2023-07-11 08:00:00,2356,fast,long,8908.383638602387,7.358015720146054,1936.58,1918.1849606996348,18.395039300365134,0.033899729406383444,0.03,0.03,0.01,0.01,False,False,55.185117901095396,1.01775,0.26775000000000004,1.2854999999999999,56.470617901095395,0.6339041984720241,0.0,56.470617901095395,0.0,0.6339041984720241,NORMAL_SIZE_OK,ORDER_ACCEPTED_NORMAL_SIZE
2023-07-11 08:00:00,2356,medium,long,8908.383638602387,7.358015720146054,1936.58,1918.1849606996348,18.395039300365134,0.033899729406383444,0.03,0.03,0.01,0.01,False,False,55.185117901095396,1.01775,0.26775000000000004,1.2854999999999999,56.470617901095395,0.6339041984720241,0.0,56.470617901095395,0.0,0.6339041984720241,NORMAL_SIZE_OK,ORDER_ACCEPTED_NORMAL_SIZE
2023-07-18 12:00:00,2387,fast,long,9011.566388602389,7.1289152246485274,1968.64,1950.8177119383788,17.822288061621318,0.035394425509290166,0.03,0.0,0.01,0.01,False,False,53.46686418486395,1.07775,0.26775000000000004,1.3455,54.81236418486395,0.6082445805891117,151.63286790109603,206.44523208596,1.6826471821022992,2.2908917626914107,NORMAL_SIZE_OK,PORTFOLIO_OPEN_RISK_EXCEEDED
2023-07-18 12:00:00,2387,slow,long,9011.566388602389,7.1289152246485274,1968.64,1950.8177119383788,17.822288061621318,0.035394425509290166,0.03,0.0,0.01,0.01,False,False,53.46686418486395,1.07775,0.26775000000000004,1.3455,54.81236418486395,0.6082445805891117,151.63286790109603,206.44523208596,1.6826471821022992,2.2908917626914107,NORMAL_SIZE_OK,PORTFOLIO_OPEN_RISK_EXCEEDED
2023-07-18 16:00:00,2388,fast,long,9039.136388602388,7.805969463416093,1977.83,1958.3150763414596,19.514923658540233,0.03242336779141147,0.03,0.0,0.01,0.01,False,False,58.5447709756207,1.07775,0.26775000000000004,1.3455,59.8902709756207,0.6625662939563279,179.20286790109552,239.0931388767162,1.98252200428191,2.645088298238238,NORMAL_SIZE_OK,PORTFOLIO_OPEN_RISK_EXCEEDED
2023-07-18 16:00:00,2388,slow,long,9039.136388602388,7.805969463416093,1977.83,1958.3150763414596,19.514923658540233,0.03242336779141147,0.03,0.0,0.01,0.01,False,False,58.5447709756207,1.07775,0.26775000000000004,1.3455,59.8902709756207,0.6625662939563279,179.20286790109552,239.0931388767162,1.98252200428191,2.645088298238238,NORMAL_SIZE_OK,PORTFOLIO_OPEN_RISK_EXCEEDED
2023-07-20 04:00:00,2397,fast,long,9053.008388602388,7.09927539864544,1984.55,1966.8018115033863,17.7481884966136,0.03570564890738459,0.03,0.0,0.01,0.01,False,False,53.244565489840795,1.1677499999999998,0.26775000000000004,1.4354999999999998,54.68006548984079,0.6039988382058967,199.3628679010956,254.04293339093638,2.202172574501209,2.8061714127071054,NORMAL_SIZE_OK,PORTFOLIO_OPEN_RISK_EXCEEDED
2023-07-20 04:00:00,2397,slow,long,9053.008388602388,7.09927539864544,1984.55,1966.8018115033863,17.7481884966136,0.03570564890738459,0.03,0.0,0.01,0.01,False,False,53.244565489840795,1.1677499999999998,0.26775000000000004,1.4354999999999998,54.68006548984079,0.6039988382058967,199.3628679010956,254.04293339093638,2.202172574501209,2.8061714127071054,NORMAL_SIZE_OK,PORTFOLIO_OPEN_RISK_EXCEEDED
2023-07-24 20:00:00,2413,fast,short,8956.06038860239,7.270681547048182,1954.33,1972.5067038676204,18.176703867620454,0.034490534244712816,0.03,0.03,0.01,0.01,False,False,54.53011160286136,0.26775000000000004,1.07775,1.3455,55.87561160286136,0.6238860523313294,108.70286790109552,164.57847950395688,1.213735316472769,1.8376213688040983,NORMAL_SIZE_OK,ORDER_ACCEPTED_NORMAL_SIZE
2023-07-27 16:00:00,2430,fast,short,8904.597338602389,8.572073496302703,1944.12,1965.5501837407567,21.43018374075676,0.029086162827279424,0.02,0.02,0.01,0.01,False,False,42.86036748151352,0.1785,0.7185,0.897,43.75736748151352,0.4914019782996882,0.0,43.75736748151352,0.0,0.4914019782996882,NORMAL_SIZE_OK,ORDER_ACCEPTED_NORMAL_SIZE
2023-07-27 16:00:00,2430,medium,short,8904.597338602389,8.572073496302703,1944.12,1965.5501837407567,21.43018374075676,0.029086162827279424,0.02,0.02,0.01,0.01,False,False,42.86036748151352,0.1785,0.7185,0.897,43.75736748151352,0.4914019782996882,0.0,43.75736748151352,0.0,0.4914019782996882,NORMAL_SIZE_OK,ORDER_ACCEPTED_NORMAL_SIZE
2023-08-02 16:00:00,2454,fast,short,8820.455403639362,8.199925461152215,1935.59,1956.0898136528804,20.49981365288054,0.030118901991482084,0.03,0.03,0.01,0.01,False,False,61.499440958641614,0.26775000000000004,1.07775,1.3455,62.844940958641615,0.7124908871792662,0.0,62.844940958641615,0.0,0.7124908871792662,NORMAL_SIZE_OK,ORDER_ACCEPTED_NORMAL_SIZE
2023-08-02 16:00:00,2454,medium,short,8820.455403639362,8.199925461152215,1935.59,1956.0898136528804,20.49981365288054,0.030118901991482084,0.03,0.03,0.01,0.01,False,False,61.499440958641614,0.26775000000000004,1.07775,1.3455,62.844940958641615,0.7124908871792662,0.0,62.844940958641615,0.0,0.7124908871792662,NORMAL_SIZE_OK,ORDER_ACCEPTED_NORMAL_SIZE
2023-08-09 16:00:00,2484,slow,short,8948.993103639361,6.7684410992603,1916.2,1933.1211027481509,16.921102748150748,0.03702060832431359,0.03,0.0,0.01,0.01,False,False,50.76330824445224,0.26775000000000004,1.07775,1.3455,52.10880824445224,0.5822868298251422,241.4943819172819,293.6031901617342,2.6985648454581037,3.2808516752832464,NORMAL_SIZE_OK,PORTFOLIO_OPEN_RISK_EXCEEDED
2023-08-09 20:00:00,2485,slow,short,8959.853103639362,6.633519044297281,1914.39,1930.9737976107433,16.583797610743204,0.0378194266461895,0.03,0.0,0.01,0.01,False,False,49.75139283222961,0.26775000000000004,1.07775,1.3455,51.096892832229614,0.570287171465733,252.3543819172816,303.4512747495112,2.816501330973595,3.386788502439328,NORMAL_SIZE_OK,PORTFOLIO_OPEN_RISK_EXCEEDED
2023-08-10 20:00:00,2491,slow,short,8976.447903639362,7.040595959988182,1911.86,1929.4614898999703,17.601489899970456,0.035698759413304554,0.03,0.0,0.01,0.01,False,False,52.804469699911365,0.26775000000000004,1.07775,1.3455,54.14996969991137,0.6032449614948145,267.5343819172828,321.6843516171942,2.9804036606597486,3.583648622154563,NORMAL_SIZE_OK,PORTFOLIO_OPEN_RISK_EXCEEDED
2023-08-16 20:00:00,2515,slow,short,9107.586303639362,6.393696026842432,1891.89,1907.8742400671063,15.984240067106079,0.039884976613103335,0.03,0.0,0.01,0.01,False,False,47.952720201318236,0.26775000000000004,1.07775,1.3455,49.29822020131824,0.541287433989166,387.3543819172816,436.6526021185999,4.253095924685293,4.79438335867446,NORMAL_SIZE_OK,PORTFOLIO_OPEN_RISK_EXCEEDED
2023-08-17 16:00:00,2520,slow,short,9130.661103639362,6.743171330740163,1888.28,1905.1379283268504,16.857928326850406,0.037913690511826255,0.03,0.0,0.01,0.01,False,False,50.57378498055122,0.26775000000000004,1.07775,1.3455,51.91928498055122,0.5686256930492893,409.0143819172824,460.9336668978336,4.479570288226496,5.048195981275786,NORMAL_SIZE_OK,PORTFOLIO_OPEN_RISK_EXCEEDED
2023-08-23 16:00:00,2544,fast,long,9017.862153639362,6.652957650030942,1919.57,1902.9376058749226,16.632394125077354,0.037953065927111056,0.03,0.03,0.01,0.01,False,False,49.897182375232056,1.07775,0.26775000000000004,1.3455,51.24268237523206,0.5682353700045406,110.63719095864128,161.87987333387335,1.2268671784253338,1.7951025484298744,NORMAL_SIZE_OK,ORDER_ACCEPTED_NORMAL_SIZE
2023-08-24 04:00:00,2547,medium,long,9018.034653639364,6.3937270651952876,1920.87,1904.8856823370118,15.984317662988218,0.03949261013602397,0.03,0.03,0.01,0.01,False,False,47.952952988964654,1.2577500000000001,0.26775000000000004,1.5255,49.478452988964655,0.5486611538911849,54.06493237523184,103.5433853641965,0.5995201221966153,1.1481812760878003,NORMAL_SIZE_OK,ORDER_ACCEPTED_NORMAL_SIZE
2023-08-29 16:00:00,2568,fast,long,8932.3544506504,6.788348862789793,1936.2,1919.2291278430255,16.970872156974483,0.036843410625102394,0.03,0.03,0.01,0.01,False,False,50.912616470923446,1.01775,0.26775000000000004,1.2854999999999999,52.198116470923445,0.584371307243889,0.0,52.198116470923445,0.0,0.584371307243889,NORMAL_SIZE_OK,ORDER_ACCEPTED_NORMAL_SIZE
2023-08-29 16:00:00,2568,medium,long,8932.3544506504,6.788348862789793,1936.2,1919.2291278430255,16.970872156974483,0.036843410625102394,0.03,0.03,0.01,0.01,False,False,50.912616470923446,1.01775,0.26775000000000004,1.2854999999999999,52.198116470923445,0.584371307243889,0.0,52.198116470923445,0.0,0.584371307243889,NORMAL_SIZE_OK,ORDER_ACCEPTED_NORMAL_SIZE
2023-09-01 12:00:00,2585,slow,long,8996.1989506504,5.5709995996258455,1949.81,1935.8825010009352,13.927498999064614,0.04521514785876642,0.04,0.0,0.01,0.01,False,False,55.709995996258456,1.357,0.357,1.714,57.423995996258455,0.6383139847313721,184.0207329418468,241.44472893810524,2.0455387208676905,2.683852705599063,NORMAL_SIZE_OK,PORTFOLIO_OPEN_RISK_EXCEEDED
2023-09-05 08:00:00,2596,fast,short,8905.0132006504,5.169062428624182,1933.32,1946.2426560715603,12.922656071560453,0.04823705905300444,0.04,0.04,0.01,0.01,False,False,51.69062428624182,0.357,1.397,1.754,53.44462428624182,0.6001633358874566,42.54036647092337,95.98499075716518,0.47771255934596835,1.0778758952334249,NORMAL_SIZE_OK,ORDER_ACCEPTED_NORMAL_SIZE
2023-09-12 12:00:00,2627,medium,short,9007.5572506504,5.392943268006368,1909.65,1923.132358170016,13.482358170015921,0.04676696758789515,0.04,0.0,0.01,0.01,False,False,53.929432680063684,0.357,1.397,1.754,55.68343268006368,0.6181857203965371,147.76762428624085,203.45105696630452,1.6404849858220012,2.2586707062185383,NORMAL_SIZE_OK,PORTFOLIO_OPEN_RISK_EXCEEDED
2023-09-14 12:00:00,2639,medium,short,9032.490050650398,5.444876887525639,1904.36,1917.972192218814,13.612192218814096,0.046449116599428394,0.04,0.0,0.01,0.01,False,False,54.448768875256384,0.357,1.397,1.754,56.20276887525638,0.6222289596788364,168.9276242862416,225.13039316149798,1.870222090907011,2.4924510505858475,NORMAL_SIZE_OK,PORTFOLIO_OPEN_RISK_EXCEEDED
2023-09-18 16:00:00,2652,fast,long,8985.1962506504,5.623887740089995,1930.99,1916.930280649775,14.059719350224988,0.044735155935773575,0.04,0.04,0.01,0.01,False,False,56.23887740089996,1.397,0.357,1.754,57.99287740089996,0.6454269420848999,0.0,57.99287740089996,0.0,0.6454269420848999,NORMAL_SIZE_OK,ORDER_ACCEPTED_NORMAL_SIZE
2023-09-19 12:00:00,2657,medium,long,9000.7832506504,5.088062502921581,1935.76,1923.0398437426961,12.720156257303952,0.049532003758503244,0.04,0.04,0.01,0.01,False,False,50.88062502921581,1.397,0.357,1.754,52.634625029215805,0.5847782749952611,75.67587740089951,128.31050243011532,0.8407699118344077,1.425548186829669,NORMAL_SIZE_OK,ORDER_ACCEPTED_NORMAL_SIZE
2023-09-21 12:00:00,2669,fast,short,8914.192625621185,6.280342797131718,1916.39,1932.0908569928295,15.700856992829294,0.03974263851192744,0.03,0.03,0.01,0.01,False,False,47.10257097848788,0.26775000000000004,1.01775,1.2854999999999999,48.38807097848788,0.5428205672761751,0.0,48.38807097848788,0.0,0.5428205672761751,NORMAL_SIZE_OK,ORDER_ACCEPTED_NORMAL_SIZE
2023-09-26 20:00:00,2689,medium,short,8965.011875621185,5.488192177304404,1900.56,1914.280480443261,13.72048044326101,0.045738254858394015,0.04,0.04,0.01,0.01,False,False,54.88192177304404,0.357,1.357,1.714,56.59592177304404,0.6312977892081433,95.67032097848849,152.26624275153253,1.0671521946183646,1.698449983826508,NORMAL_SIZE_OK,ORDER_ACCEPTED_NORMAL_SIZE
2023-09-26 20:00:00,2689,slow,short,8965.011875621185,5.488192177304404,1900.56,1914.280480443261,13.72048044326101,0.045738254858394015,0.04,0.04,0.01,0.01,False,False,54.88192177304404,0.357,1.357,1.714,56.59592177304404,0.6312977892081433,95.67032097848849,152.26624275153253,1.0671521946183646,1.698449983826508,NORMAL_SIZE_OK,ORDER_ACCEPTED_NORMAL_SIZE
2023-10-09 00:00:00,2738,fast,long,9326.645475621188,8.59743733890401,1852.24,1830.74640665274,21.493593347260024,0.03037487370052572,0.03,0.0,0.01,0.01,False,False,64.48078004178008,1.28775,0.26775000000000004,1.5554999999999999,66.03628004178009,0.7080389215435664,496.7978435460889,562.834123587869,5.3266508826208,6.034689804164366,NORMAL_SIZE_OK,PORTFOLIO_OPEN_RISK_EXCEEDED
2023-10-09 20:00:00,2743,fast,long,9290.347725621188,8.60446287419465,1861.0,1839.4888428145134,21.511157185486628,0.030231955221462974,0.03,0.0,0.01,0.01,False,False,64.53347155645987,0.6877500000000001,0.26775000000000004,0.9555000000000001,65.48897155645987,0.7049141053768365,212.5589217730445,278.04789332950435,2.2879544237816134,2.9928685291584496,NORMAL_SIZE_OK,PORTFOLIO_OPEN_RISK_EXCEEDED
2023-10-10 00:00:00,2744,fast,long,9279.090925621189,8.422739730484919,1864.05,1842.9931506737876,21.056849326212298,0.030846797387913006,0.03,0.0,0.01,0.01,False,False,63.17054797863688,0.7177500000000001,0.26775000000000004,0.9855000000000002,64.15604797863689,0.6914044543037169,200.39892177304466,264.55496975168154,2.1596827036117117,2.851087157915428,NORMAL_SIZE_OK,PORTFOLIO_OPEN_RISK_EXCEEDED
2023-10-11 08:00:00,2752,fast,long,9259.920525621186,7.648460274014296,1869.55,1850.4288493149643,19.12115068503574,0.03389934253803886,0.03,0.0,0.01,0.01,False,False,57.363452055107224,0.6877500000000001,0.26775000000000004,0.9555000000000001,58.318952055107225,0.6297997039363898,178.35892177304467,236.6778738281519,1.9261387965430703,2.5559385004794604,NORMAL_SIZE_OK,PORTFOLIO_OPEN_RISK_EXCEEDED
2023-10-11 12:00:00,2753,fast,long,9259.20352562119,7.639037260313582,1872.85,1853.752406849216,19.097593150783958,0.033938530456487224,0.03,0.03,0.01,0.01,False,False,57.29277945235187,0.5377500000000001,0.26775000000000004,0.8055000000000001,58.098279452351875,0.6274651949445524,0.0,58.098279452351875,0.0,0.6274651949445524,NORMAL_SIZE_OK,ORDER_ACCEPTED_NORMAL_SIZE
2023-10-12 08:00:00,2758,medium,long,9279.233775621187,7.025202606632861,1880.3,1862.7369934834178,17.563006516582153,0.03698377972360327,0.03,0.03,0.01,0.01,False,False,52.689019549746455,0.6877500000000001,0.26775000000000004,0.9555000000000001,53.644519549746455,0.5781136766990794,79.85052945235205,133.4950490020985,0.8605293430815256,1.438643019780605,NORMAL_SIZE_OK,ORDER_ACCEPTED_NORMAL_SIZE
2023-10-18 12:00:00,2783,slow,long,9664.724025621188,8.882802924542393,1948.83,1926.622992688644,22.20700731135598,0.030464739003689442,0.03,0.0,0.01,0.01,False,False,66.62102193406793,0.6877500000000001,0.26775000000000004,0.9555000000000001,67.57652193406793,0.6992079831242209,543.9872990020983,611.5638209361663,5.62858595403229,6.327793937156512,NORMAL_SIZE_OK,PORTFOLIO_OPEN_RISK_EXCEEDED
2023-10-19 20:00:00,2791,slow,long,9813.740025621188,9.826136143913073,1974.19,1949.6246596402173,24.565340359782684,0.027964676724697345,0.02,0.0,0.01,0.01,False,False,49.13068071956537,0.4585,0.1785,0.637,49.76768071956537,0.5071224690040145,696.1472990020991,745.9149797216645,7.0935983344233176,7.6007208034273335,NORMAL_SIZE_OK,PORTFOLIO_OPEN_RISK_EXCEEDED
2023-10-20 08:00:00,2794,slow,long,9867.776025621188,9.895410976387476,1983.72,1958.9814725590313,24.73852744096869,0.02792180429662776,0.02,0.0,0.01,0.01,False,False,49.47705488193738,0.4585,0.1785,0.637,50.11405488193738,0.5078556176368286,753.3272990020989,803.4413538840363,7.634215623116315,8.142071240753145,NORMAL_SIZE_OK,PORTFOLIO_OPEN_RISK_EXCEEDED
2023-11-07 08:00:00,2866,fast,short,9761.488275621188,7.950749536531365,1966.31,1986.1868738413284,19.87687384132841,0.03437684339841927,0.03,0.0,0.01,0.01,False,False,59.63062152398523,0.26775000000000004,0.7477500000000001,1.0155000000000003,60.64612152398524,0.6212794587424316,310.98676954974644,371.6328910737317,3.185854049801195,3.807133508543626,NORMAL_SIZE_OK,PORTFOLIO_OPEN_RISK_EXCEEDED
2023-11-08 16:00:00,2874,fast,short,9761.22052562119,7.828134032677035,1953.73,1973.3003350816925,19.570335081692587,0.034914345305853994,0.03,0.03,0.01,0.01,False,False,58.71100524507776,0.26775000000000004,0.80775,1.0755,59.786505245077755,0.6124900578585487,0.0,59.786505245077755,0.0,0.6124900578585487,NORMAL_SIZE_OK,ORDER_ACCEPTED_NORMAL_SIZE
2023-11-08 16:00:00,2874,medium,short,9761.22052562119,7.828134032677035,1953.73,1973.3003350816925,19.570335081692587,0.034914345305853994,0.03,0.03,0.01,0.01,False,False,58.71100524507776,0.26775000000000004,0.80775,1.0755,59.786505245077755,0.6124900578585487,0.0,59.786505245077755,0.0,0.6124900578585487,NORMAL_SIZE_OK,ORDER_ACCEPTED_NORMAL_SIZE
2023-11-15 08:00:00,2902,fast,long,9715.768275621189,7.394713621030792,1971.45,1952.9632159474231,18.48678405257698,0.03678864735798542,0.03,0.03,0.01,0.01,False,False,55.46035215773094,0.86775,0.26775000000000004,1.1355,56.59585215773094,0.5825154589137462,6.4187552450774765,63.014607402808416,0.06606533897255887,0.6485807978863051,NORMAL_SIZE_OK,ORDER_ACCEPTED_NORMAL_SIZE
2023-11-21 12:00:00,2927,fast,long,9696.93502562119,8.367658064148907,1997.59,1976.6708548396277,20.919145160372267,0.03244804921949324,0.03,0.03,0.01,0.01,False,False,62.7574354811168,0.5677500000000001,0.26775000000000004,0.8355000000000001,63.5929354811168,0.655804491966708,0.0,63.5929354811168,0.0,0.655804491966708,NORMAL_SIZE_OK,ORDER_ACCEPTED_NORMAL_SIZE
2023-11-21 12:00:00,2927,medium,long,9696.93502562119,8.367658064148907,1997.59,1976.6708548396277,20.919145160372267,0.03244804921949324,0.03,0.03,0.01,0.01,False,False,62.7574354811168,0.5677500000000001,0.26775000000000004,0.8355000000000001,63.5929354811168,0.655804491966708,0.0,63.5929354811168,0.0,0.655804491966708,NORMAL_SIZE_OK,ORDER_ACCEPTED_NORMAL_SIZE
2023-11-27 00:00:00,2948,slow,long,9756.80752562119,6.823736372441949,2012.0,1994.9406590688952,17.05934093110487,0.04003534072926517,0.04,0.0,0.01,0.01,False,False,68.23736372441948,0.917,0.357,1.274,69.51136372441948,0.7124396329627695,212.2103709622325,281.721734686652,2.17499802476345,2.887437657726219,NORMAL_SIZE_OK,PORTFOLIO_OPEN_RISK_EXCEEDED
2023-11-28 12:00:00,2957,slow,long,9809.88352562119,6.650036338942582,2021.37,2004.7449091526435,16.625090847356454,0.041304547030651194,0.04,0.0,0.01,0.01,False,False,66.50036338942581,0.7570000000000001,0.357,1.114,67.61436338942582,0.6892473617330159,268.43037096223185,336.04473435165767,2.736325770445211,3.425573132178227,NORMAL_SIZE_OK,PORTFOLIO_OPEN_RISK_EXCEEDED
2023-11-28 16:00:00,2958,slow,long,9925.863525621191,7.435534521995447,2040.7,2022.1111636950113,18.588836304988618,0.03737783449128656,0.03,0.0,0.01,0.01,False,False,55.76650891496585,0.5677500000000001,0.26775000000000004,0.8355000000000001,56.60200891496584,0.5702477045837029,384.4103709622328,441.0123798771986,3.8728153975719226,4.443063102155626,NORMAL_SIZE_OK,PORTFOLIO_OPEN_RISK_EXCEEDED
2023-11-29 00:00:00,2960,slow,long,9964.73152562119,7.48776990610089,2048.75,2030.0305752347479,18.719424765252228,0.03726242742716483,0.03,0.0,0.01,0.01,False,False,56.158274295756684,0.6877500000000001,0.26775000000000004,0.9555000000000001,57.113774295756684,0.5731591879711609,432.7103709622325,489.8241452579892,4.342418758093514,4.915577946064675,NORMAL_SIZE_OK,PORTFOLIO_OPEN_RISK_EXCEEDED
2023-12-04 00:00:00,2978,slow,long,10182.53152562119,12.233057837087948,2087.67,2057.08735540728,30.58264459271987,0.023306591574593857,0.02,0.0,0.01,0.01,False,False,61.16528918543975,0.4585,0.1785,0.637,61.80228918543975,0.6069442459366161,666.2303709622329,728.0326601476727,6.5428756030449815,7.149819848981599,NORMAL_SIZE_OK,PORTFOLIO_OPEN_RISK_EXCEEDED
2023-12-04 16:00:00,2982,fast,short,9812.09152562119,14.353992814919593,2025.93,2061.814982037299,35.88498203729898,0.019140218771172092,0.01,0.01,0.01,0.01,False,False,35.88498203729898,0.08925,0.18925000000000003,0.2785,36.163482037298984,0.36856038228821475,147.89518548111644,184.05866751841543,1.5072748261156623,1.8758352084038772,NORMAL_SIZE_OK,ORDER_ACCEPTED_NORMAL_SIZE
2023-12-11 08:00:00,3010,fast,short,9801.77652562119,10.813546324030623,1993.46,2020.4938658100766,27.03386581007656,0.02538017912842263,0.02,0.02,0.01,0.01,False,False,54.06773162015312,0.1785,0.37850000000000006,0.557,54.62473162015312,0.5572941953672145,0.0,54.62473162015312,0.0,0.5572941953672145,NORMAL_SIZE_OK,ORDER_ACCEPTED_NORMAL_SIZE
2023-12-11 08:00:00,3010,medium,short,9801.77652562119,10.813546324030623,1993.46,2020.4938658100766,27.03386581007656,0.02538017912842263,0.02,0.02,0.01,0.01,False,False,54.06773162015312,0.1785,0.37850000000000006,0.557,54.62473162015312,0.5572941953672145,0.0,54.62473162015312,0.0,0.5572941953672145,NORMAL_SIZE_OK,ORDER_ACCEPTED_NORMAL_SIZE
2023-12-14 00:00:00,3026,fast,long,9695.715325621191,11.45100710540633,2032.43,2003.8024822364841,28.627517763515826,0.023707960934651794,0.02,0.02,0.01,0.01,False,False,57.25503552703165,0.4585,0.1785,0.637,57.89203552703165,0.5970888540224605,0.0,57.89203552703165,0.0,0.5970888540224605,NORMAL_SIZE_OK,ORDER_ACCEPTED_NORMAL_SIZE
2023-12-22 00:00:00,3062,fast,long,9665.466325621192,8.665729587017339,2048.62,2026.9556760324565,21.664323967543346,0.031230267965301546,0.03,0.03,0.01,0.01,False,False,64.99297190263003,0.6877500000000001,0.26775000000000004,0.9555000000000001,65.94847190263003,0.6823102960672887,0.0,65.94847190263003,0.0,0.6823102960672887,NORMAL_SIZE_OK,ORDER_ACCEPTED_NORMAL_SIZE
2023-12-22 00:00:00,3062,medium,long,9665.466325621192,8.665729587017339,2048.62,2026.9556760324565,21.664323967543346,0.031230267965301546,0.03,0.03,0.01,0.01,False,False,64.99297190263003,0.6877500000000001,0.26775000000000004,0.9555000000000001,65.94847190263003,0.6823102960672887,0.0,65.94847190263003,0.0,0.6823102960672887,NORMAL_SIZE_OK,ORDER_ACCEPTED_NORMAL_SIZE
2024-01-03 12:00:00,3100,fast,short,9633.40307562119,9.181374945139844,2040.98,2063.9334373628494,22.95343736284961,0.02937852856779121,0.02,0.02,0.01,0.01,False,False,45.90687472569922,0.1785,0.37850000000000006,0.557,46.46387472569922,0.482320467242601,42.34072190263057,88.80459662832979,0.4395198827481877,0.9218403499907887,NORMAL_SIZE_OK,ORDER_ACCEPTED_NORMAL_SIZE
2024-01-08 12:00:00,3118,fast,short,9587.614650895492,9.913121686383027,2019.01,2043.7928042159576,24.78280421595757,0.02708059264457829,0.02,0.02,0.01,0.01,False,False,49.56560843191514,0.1785,0.37850000000000006,0.557,50.12260843191514,0.522784970579034,0.0,50.12260843191514,0.0,0.522784970579034,NORMAL_SIZE_OK,ORDER_ACCEPTED_NORMAL_SIZE
2024-01-08 12:00:00,3118,medium,short,9587.614650895492,9.913121686383027,2019.01,2043.7928042159576,24.78280421595757,0.02708059264457829,0.02,0.02,0.01,0.01,False,False,49.56560843191514,0.1785,0.37850000000000006,0.557,50.12260843191514,0.522784970579034,0.0,50.12260843191514,0.0,0.522784970579034,NORMAL_SIZE_OK,ORDER_ACCEPTED_NORMAL_SIZE
2024-01-11 16:00:00,3137,fast,short,9491.485434031661,10.048214570485364,2014.36,2039.4805364262133,25.12053642621341,0.026448638242012514,0.02,0.02,0.01,0.01,False,False,50.24107285242682,0.1785,0.37850000000000006,0.557,50.79807285242682,0.535196236726979,0.0,50.79807285242682,0.0,0.535196236726979,NORMAL_SIZE_OK,ORDER_ACCEPTED_NORMAL_SIZE
2024-01-11 16:00:00,3137,medium,short,9491.485434031661,10.048214570485364,2014.36,2039.4805364262133,25.12053642621341,0.026448638242012514,0.02,0.02,0.01,0.01,False,False,50.24107285242682,0.1785,0.37850000000000006,0.557,50.79807285242682,0.535196236726979,0.0,50.79807285242682,0.0,0.535196236726979,NORMAL_SIZE_OK,ORDER_ACCEPTED_NORMAL_SIZE
2024-01-12 12:00:00,3142,fast,long,9390.832488326809,10.126913056176328,2056.15,2030.8327173595592,25.31728264044082,0.025964803708153048,0.02,0.02,0.01,0.01,False,False,50.63456528088164,0.37850000000000006,0.1785,0.557,51.19156528088164,0.545122760357134,0.0,51.19156528088164,0.0,0.545122760357134,NORMAL_SIZE_OK,ORDER_ACCEPTED_NORMAL_SIZE
2024-01-17 16:00:00,3161,fast,short,9356.463488326808,9.862535168292538,2007.05,2031.7063379207314,24.656337920731346,0.02656324902296965,0.02,0.02,0.01,0.01,False,False,49.3126758414627,0.1785,0.37850000000000006,0.557,49.8696758414627,0.532997065650718,0.0,49.8696758414627,0.0,0.532997065650718,NORMAL_SIZE_OK,ORDER_ACCEPTED_NORMAL_SIZE
2024-01-17 16:00:00,3161,medium,short,9356.463488326808,9.862535168292538,2007.05,2031.7063379207314,24.656337920731346,0.02656324902296965,0.02,0.02,0.01,0.01,False,False,49.3126758414627,0.1785,0.37850000000000006,0.557,49.8696758414627,0.532997065650718,0.0,49.8696758414627,0.0,0.532997065650718,NORMAL_SIZE_OK,ORDER_ACCEPTED_NORMAL_SIZE
2024-01-17 16:00:00,3161,slow,short,9356.463488326808,9.862535168292538,2007.05,2031.7063379207314,24.656337920731346,0.02656324902296965,0.02,0.02,0.01,0.01,False,False,49.3126758414627,0.1785,0.37850000000000006,0.557,49.8696758414627,0.532997065650718,0.0,49.8696758414627,0.0,0.532997065650718,NORMAL_SIZE_OK,ORDER_ACCEPTED_NORMAL_SIZE
2024-01-29 12:00:00,3208,fast,long,9213.496736643883,8.02256567136976,2036.88,2016.8235858215758,20.0564141784244,0.03215653435492315,0.03,0.03,0.01,0.01,False,False,60.1692425352732,0.5677500000000001,0.26775000000000004,0.8355000000000001,61.004742535273195,0.6621236679082478,0.0,61.004742535273195,0.0,0.6621236679082478,NORMAL_SIZE_OK,ORDER_ACCEPTED_NORMAL_SIZE
2024-01-31 16:00:00,3221,medium,long,9244.920986643885,8.2313280386755,2049.63,2029.0516799033114,20.57832009668875,0.03144787650422465,0.03,0.03,0.01,0.01,False,False,61.73496029006625,0.5677500000000001,0.26775000000000004,0.8355000000000001,62.570460290066244,0.6768090325537842,98.7169925352737,161.28745282533995,1.0677970388053064,1.7446060713590905,NORMAL_SIZE_OK,ORDER_ACCEPTED_NORMAL_SIZE
2024-02-05 08:00:00,3237,fast,short,9090.526526353819,9.440739452554798,2022.69,2046.291848631387,23.601848631386993,0.02696131420818167,0.02,0.02,0.01,0.01,False,False,47.203697262773986,0.1785,0.37850000000000006,0.557,47.76069726277399,0.5253897793963168,0.0,47.76069726277399,0.0,0.5253897793963168,NORMAL_SIZE_OK,ORDER_ACCEPTED_NORMAL_SIZE
2024-02-13 12:00:00,3274,medium,short,9131.376276353818,7.851744562040166,2004.4,2024.0293614051004,19.629361405100415,0.03256327733507831,0.03,0.03,0.01,0.01,False,False,58.88808421530124,0.26775000000000004,0.5677500000000001,0.8355000000000001,59.72358421530124,0.6540480033656987,84.16219726277379,143.88578147807502,0.9216814061284087,1.5757294094941074,NORMAL_SIZE_OK,ORDER_ACCEPTED_NORMAL_SIZE
2024-02-13 16:00:00,3275,slow,short,9184.708526353817,8.250657333938165,1993.68,2014.3066433348454,20.62664333484541,0.031169860573418678,0.03,0.0,0.01,0.01,False,False,61.879930004536234,0.26775000000000004,0.5677500000000001,0.8355000000000001,62.71543000453623,0.6828243903939459,197.21803147807492,259.93346148261116,2.147243224019514,2.83006761441346,NORMAL_SIZE_OK,PORTFOLIO_OPEN_RISK_EXCEEDED
2024-02-19 00:00:00,3295,fast,long,9093.19562635382,7.380804003482671,2019.8,2001.3479899912932,18.45201000870668,0.03449617106994957,0.03,0.03,0.01,0.01,False,False,55.35603002612004,0.6877500000000001,0.26775000000000004,0.9555000000000001,56.31153002612004,0.6192710719091807,13.375834215301387,69.68736424142142,0.14709717864790747,0.7663682505570881,NORMAL_SIZE_OK,ORDER_ACCEPTED_NORMAL_SIZE
2024-02-29 12:00:00,3346,fast,long,9073.30037635382,6.562903627219281,2047.65,2031.2427409319519,16.407259068048205,0.038710367387422624,0.03,0.03,0.01,0.01,False,False,49.221777204144615,0.5677500000000001,0.26775000000000004,0.8355000000000001,50.05727720414461,0.5516986667233047,0.0,50.05727720414461,0.0,0.5516986667233047,NORMAL_SIZE_OK,ORDER_ACCEPTED_NORMAL_SIZE
2024-02-29 12:00:00,3346,medium,long,9073.30037635382,6.562903627219281,2047.65,2031.2427409319519,16.407259068048205,0.038710367387422624,0.03,0.03,0.01,0.01,False,False,49.221777204144615,0.5677500000000001,0.26775000000000004,0.8355000000000001,50.05727720414461,0.5516986667233047,0.0,50.05727720414461,0.0,0.5516986667233047,NORMAL_SIZE_OK,ORDER_ACCEPTED_NORMAL_SIZE
2024-03-04 12:00:00,3358,slow,long,9323.228876353822,8.012417470353515,2091.59,2071.5589563241165,20.031043675883787,0.03258072978646097,0.03,0.0,0.01,0.01,False,False,60.09313102765136,0.7477500000000001,0.26775000000000004,1.0155000000000003,61.10863102765136,0.6554449304858218,362.61905440828974,423.7276854359411,3.889414914268465,4.544859844754287,NORMAL_SIZE_OK,PORTFOLIO_OPEN_RISK_EXCEEDED
2024-03-04 16:00:00,3359,slow,long,9472.508876353819,9.082296596835832,2116.47,2093.76425850791,22.70574149208958,0.029202993506103964,0.02,0.0,0.01,0.01,False,False,45.41148298417916,0.49850000000000005,0.1785,0.677,46.08848298417916,0.48654990547678056,511.8990544082876,557.9875373924667,5.404049350496138,5.890599255972918,NORMAL_SIZE_OK,PORTFOLIO_OPEN_RISK_EXCEEDED
2024-03-05 08:00:00,3363,slow,long,9517.724876353821,8.875992467476529,2124.53,2102.340018831309,22.18998116869132,0.030024394175006852,0.03,0.0,0.01,0.01,False,False,66.56994350607395,0.7477500000000001,0.26775000000000004,1.0155000000000003,67.58544350607396,0.7101008317017617,560.2590544082899,627.8444979143638,5.886480873178186,6.596581704879948,NORMAL_SIZE_OK,PORTFOLIO_OPEN_RISK_EXCEEDED
2024-03-05 12:00:00,3364,slow,long,9536.864876353819,9.464192844102694,2127.72,2104.059517889743,23.660482110256737,0.028215001631575944,0.02,0.0,0.01,0.01,False,False,47.32096422051347,0.49850000000000005,0.1785,0.677,47.99796422051347,0.5032887101034852,579.3990544082875,627.397018628801,6.075361892196654,6.57865060230014,NORMAL_SIZE_OK,PORTFOLIO_OPEN_RISK_EXCEEDED
2024-03-06 16:00:00,3371,slow,long,9629.61287635382,9.753822402632366,2144.75,2120.365443993419,24.384556006580915,0.02764343550741085,0.02,0.0,0.01,0.01,False,False,48.76911201316183,0.49850000000000005,0.1785,0.677,49.44611201316183,0.5134797488544962,681.5790544082888,731.0251664214506,7.0779486481949165,7.591428397049413,NORMAL_SIZE_OK,PORTFOLIO_OPEN_RISK_EXCEEDED
2024-03-07 04:00:00,3374,slow,long,9685.028876353823,10.065855982456906,2154.51,2129.345360043858,25.164639956142267,0.026940660487347477,0.02,0.0,0.01,0.01,False,False,50.32927991228454,0.49850000000000005,0.1785,0.677,51.00627991228454,0.5266507778496905,740.1390544082901,791.1453343205746,7.642094451730064,8.168745229579754,NORMAL_SIZE_OK,PORTFOLIO_OPEN_RISK_EXCEEDED
2024-03-08 08:00:00,3381,slow,long,9769.364876353822,9.710887580001799,2169.09,2144.8127810499955,24.277218950004496,0.028168611188665038,0.02,0.0,0.01,0.01,False,False,48.55443790000899,0.49850000000000005,0.1785,0.677,49.23143790000899,0.5039369347251101,827.6190544082897,876.8504923082987,8.471574814566434,8.975511749291545,NORMAL_SIZE_OK,PORTFOLIO_OPEN_RISK_EXCEEDED
2024-03-08 12:00:00,3382,slow,long,9781.30487635382,10.665843201001707,2171.08,2144.4153919974956,26.664608002504266,0.025677907632486598,0.02,0.0,0.01,0.01,False,False,53.32921600500853,0.49850000000000005,0.1785,0.677,54.00621600500853,0.5521371298380431,839.5590544082884,893.565270413297,8.583303199534365,9.13544032937241,NORMAL_SIZE_OK,PORTFOLIO_OPEN_RISK_EXCEEDED
2024-03-18 04:00:00,3416,fast,short,9651.96512635382,9.191206978801816,2147.09,2170.068017447005,22.97801744700454,0.029403648961579355,0.02,0.0,0.01,0.01,False,False,45.95603489400908,0.1785,0.37850000000000006,0.557,46.51303489400908,0.4819022270087719,347.80952720414484,394.3225620981539,3.6035099863185613,4.085412213327333,NORMAL_SIZE_OK,PORTFOLIO_OPEN_RISK_EXCEEDED
2024-03-20 20:00:00,3432,fast,long,9651.667376353818,9.194560808530984,2186.11,2163.1235979786725,22.986402021327457,0.029392016885370326,0.02,0.02,0.01,0.01,False,False,45.972804042654914,0.37850000000000006,0.1785,0.557,46.529804042654916,0.48209083703662425,0.0,46.529804042654916,0.0,0.48209083703662425,NORMAL_SIZE_OK,ORDER_ACCEPTED_NORMAL_SIZE
2024-03-21 00:00:00,3433,medium,long,9687.508876353819,10.567832768104427,2204.84,2178.420418079739,26.419581920261066,0.025667537941798983,0.02,0.02,0.01,0.01,False,False,52.83916384052213,0.4585,0.1785,0.637,53.47616384052213,0.552011508046736,82.45130404265548,135.9274678831776,0.8511094554340009,1.4031209634807367,NORMAL_SIZE_OK,ORDER_ACCEPTED_NORMAL_SIZE
2024-03-21 00:00:00,3433,slow,long,9687.508876353819,10.567832768104427,2204.84,2178.420418079739,26.419581920261066,0.025667537941798983,0.02,0.02,0.01,0.01,False,False,52.83916384052213,0.4585,0.1785,0.637,53.47616384052213,0.552011508046736,82.45130404265548,135.9274678831776,0.8511094554340009,1.4031209634807367,NORMAL_SIZE_OK,ORDER_ACCEPTED_NORMAL_SIZE
2024-03-28 12:00:00,3466,fast,long,9497.21724463012,11.186598807612404,2206.68,2178.7135029809688,27.96649701903101,0.02377148652803077,0.02,0.02,0.01,0.01,False,False,55.93299403806203,0.37850000000000006,0.1785,0.557,56.48999403806203,0.5948057476520545,0.0,56.48999403806203,0.0,0.5948057476520545,NORMAL_SIZE_OK,ORDER_ACCEPTED_NORMAL_SIZE
2024-03-28 20:00:00,3468,medium,long,9548.218744630118,12.004430423870216,2232.64,2202.6289239403245,30.011076059675542,0.02227095459006791,0.02,0.02,0.01,0.01,False,False,60.022152119351084,0.37850000000000006,0.1785,0.557,60.579152119351086,0.6344550092489301,107.49149403806224,168.07064615741334,1.1257753609647356,1.7602303702136655,NORMAL_SIZE_OK,ORDER_ACCEPTED_NORMAL_SIZE
2024-03-28 20:00:00,3468,slow,long,9548.218744630118,12.004430423870216,2232.64,2202.6289239403245,30.011076059675542,0.02227095459006791,0.02,0.02,0.01,0.01,False,False,60.022152119351084,0.37850000000000006,0.1785,0.557,60.579152119351086,0.6344550092489301,107.49149403806224,168.07064615741334,1.1257753609647356,1.7602303702136655,NORMAL_SIZE_OK,ORDER_ACCEPTED_NORMAL_SIZE
2024-04-22 12:00:00,3562,fast,short,10094.563244630115,19.123572129720408,2336.85,2384.658930324301,47.808930324301016,0.014780071888890123,0.01,0.0,0.01,0.01,False,False,47.808930324301016,0.08925,0.18925000000000003,0.2785,48.08743032430102,0.476369597762256,503.1213042387008,551.2087345630018,4.984081946352065,5.4604515441143215,NORMAL_SIZE_OK,PORTFOLIO_OPEN_RISK_EXCEEDED
2024-04-22 16:00:00,3563,fast,short,10080.404744630116,18.910393523234394,2329.86,2377.135983808086,47.27598380808598,0.01492572497250536,0.01,0.0,0.01,0.01,False,False,47.27598380808598,0.08925,0.18925000000000003,0.2785,47.55448380808598,0.4717517303401781,237.58065211935084,285.1351359274368,2.356856278473454,2.828608008813632,NORMAL_SIZE_OK,PORTFOLIO_OPEN_RISK_EXCEEDED
2024-04-22 20:00:00,3564,fast,short,10074.804744630115,18.460873847072676,2327.06,2373.2121846176815,46.15218461768169,0.015280670632737935,0.01,0.0,0.01,0.01,False,False,46.15218461768169,0.08925,0.18925000000000003,0.2785,46.43068461768169,0.46085939920998775,231.98065211935048,278.4113367370322,2.3025821144870973,2.7634415136970847,NORMAL_SIZE_OK,PORTFOLIO_OPEN_RISK_EXCEEDED
2024-04-23 04:00:00,3566,fast,short,10030.576744630114,18.931063646983066,2305.47,2352.7976591174574,47.327659117457664,0.014835729998425189,0.01,0.0,0.01,0.01,False,False,47.327659117457664,0.08925,0.25925000000000004,0.34850000000000003,47.676159117457665,0.4753082532665051,188.8006521193502,236.47681123680786,1.8822512097365183,2.357559463003023,NORMAL_SIZE_OK,PORTFOLIO_OPEN_RISK_EXCEEDED
2024-04-23 04:00:00,3566,medium,short,10030.576744630114,18.931063646983066,2305.47,2352.7976591174574,47.327659117457664,0.014835729998425189,0.01,0.0,0.01,0.01,False,False,47.327659117457664,0.08925,0.25925000000000004,0.34850000000000003,47.676159117457665,0.4753082532665051,188.8006521193502,236.47681123680786,1.8822512097365183,2.357559463003023,NORMAL_SIZE_OK,PORTFOLIO_OPEN_RISK_EXCEEDED
2024-04-26 08:00:00,3585,fast,long,10030.478244630114,16.10293869939782,2347.0,2306.7426532515055,40.257346748494555,0.017441126498242573,0.01,0.01,0.01,0.01,False,False,40.257346748494555,0.18925000000000003,0.08925,0.2785,40.535846748494556,0.40412676005947873,0.0,40.535846748494556,0.0,0.40412676005947873,NORMAL_SIZE_OK,ORDER_ACCEPTED_NORMAL_SIZE
2024-04-30 16:00:00,3599,fast,short,9993.873744630115,15.036005500032113,2294.71,2332.3000137500803,37.59001375008028,0.018610558824885076,0.01,0.01,0.01,0.01,False,False,37.59001375008028,0.08925,0.18925000000000003,0.2785,37.86851375008028,0.37891727189797353,0.0,37.86851375008028,0.0,0.37891727189797353,NORMAL_SIZE_OK,ORDER_ACCEPTED_NORMAL_SIZE
2024-04-30 20:00:00,3600,medium,short,10002.384494630114,14.911705225030515,2286.11,2323.3892630625764,37.279263062576284,0.01878167262718742,0.01,0.01,0.01,0.01,False,False,37.279263062576284,0.08925,0.18925000000000003,0.2785,37.557763062576285,0.3754880956909782,46.3792637500802,83.93702681265648,0.4636820727595445,0.8391701684505225,NORMAL_SIZE_OK,ORDER_ACCEPTED_NORMAL_SIZE
2024-05-09 20:00:00,3642,fast,long,9927.112881567538,13.468895285499448,2345.78,2312.1077617862516,33.67223821374862,0.020637116466644494,0.02,0.02,0.01,0.01,False,False,67.34447642749724,0.37850000000000006,0.1785,0.557,67.90147642749724,0.6840002449612045,0.0,67.90147642749724,0.0,0.6840002449612045,NORMAL_SIZE_OK,ORDER_ACCEPTED_NORMAL_SIZE
2024-05-10 00:00:00,3643,medium,long,9929.634381567535,12.982950521224476,2347.55,2315.092623696939,32.45737630306119,0.021414990546976903,0.02,0.02,0.01,0.01,False,False,64.91475260612238,0.5185000000000001,0.1785,0.6970000000000001,65.61175260612238,0.6607670543028052,70.56297642749725,136.17472903361963,0.7106301573246635,1.3713972116274686,NORMAL_SIZE_OK,ORDER_ACCEPTED_NORMAL_SIZE
2024-05-15 16:00:00,3665,fast,long,9968.897381567536,12.971064120019308,2383.67,2351.242339699952,32.427660300048274,0.021519369891409918,0.02,0.0,0.01,0.01,False,False,64.85532060009655,0.37850000000000006,0.1785,0.557,65.41232060009655,0.6561640480023774,137.15325260612283,202.56557320621937,1.3758116605726007,2.031975708574978,NORMAL_SIZE_OK,PORTFOLIO_OPEN_RISK_EXCEEDED
2024-05-16 00:00:00,3667,fast,long,9990.469381567535,12.537760368317405,2394.98,2363.6355990792067,31.344400920793515,0.02231125292446722,0.02,0.0,0.01,0.01,False,False,62.68880184158703,0.5185000000000001,0.1785,0.6970000000000001,63.38580184158703,0.6344627006067818,159.77325260612272,223.15905444770976,1.5992567166153893,2.233719417222171,NORMAL_SIZE_OK,PORTFOLIO_OPEN_RISK_EXCEEDED
2024-05-20 00:00:00,3679,fast,long,10047.117381567536,12.199399610066296,2425.4,2394.9015009748346,30.49849902516574,0.02306009276487355,0.02,0.0,0.01,0.01,False,False,60.99699805033148,0.5185000000000001,0.1785,0.6970000000000001,61.69399805033148,0.6140467529872342,220.61325260612287,282.30725065645436,2.1957865547670465,2.8098333077542805,NORMAL_SIZE_OK,PORTFOLIO_OPEN_RISK_EXCEEDED
2024-05-20 00:00:00,3679,slow,long,10047.117381567536,12.199399610066296,2425.4,2394.9015009748346,30.49849902516574,0.02306009276487355,0.02,0.0,0.01,0.01,False,False,60.99699805033148,0.5185000000000001,0.1785,0.6970000000000001,61.69399805033148,0.6140467529872342,220.61325260612287,282.30725065645436,2.1957865547670465,2.8098333077542805,NORMAL_SIZE_OK,PORTFOLIO_OPEN_RISK_EXCEEDED
2024-05-20 04:00:00,3680,fast,long,10070.897381567536,12.349429629562971,2437.29,2406.4164259260924,30.873574073907427,0.02283385833535618,0.02,0.0,0.01,0.01,False,False,61.747148147814855,0.47850000000000004,0.1785,0.657,62.40414814781485,0.619648337019413,244.39325260612262,306.7974007539375,2.426727662357362,3.046375999376775,NORMAL_SIZE_OK,PORTFOLIO_OPEN_RISK_EXCEEDED
2024-05-20 04:00:00,3680,slow,long,10070.897381567536,12.349429629562971,2437.29,2406.4164259260924,30.873574073907427,0.02283385833535618,0.02,0.0,0.01,0.01,False,False,61.747148147814855,0.47850000000000004,0.1785,0.657,62.40414814781485,0.619648337019413,244.39325260612262,306.7974007539375,2.426727662357362,3.046375999376775,NORMAL_SIZE_OK,PORTFOLIO_OPEN_RISK_EXCEEDED
2024-05-22 20:00:00,3696,fast,short,9949.165381567534,14.638663509964099,2378.52,2415.1166587749103,36.596658774910246,0.019030195652374425,0.01,0.01,0.01,0.01,False,False,36.596658774910246,0.08925,0.18925000000000003,0.2785,36.87515877491025,0.37063570018875697,126.85325260612264,163.72841138103288,1.2750140111364432,1.6456497113252002,NORMAL_SIZE_OK,ORDER_ACCEPTED_NORMAL_SIZE
2024-05-23 20:00:00,3702,medium,short,10000.269631567535,15.071020260606453,2328.47,2366.1475506515158,37.67755065151613,0.018579203321475966,0.01,0.01,0.01,0.01,False,False,37.67755065151613,0.08925,0.18925000000000003,0.2785,37.95605065151613,0.37955027264166424,87.62590877491049,125.58195942642661,0.8762354616749987,1.255785734316663,NORMAL_SIZE_OK,ORDER_ACCEPTED_NORMAL_SIZE
2024-06-06 04:00:00,3758,fast,long,9937.782931567535,12.100787465188304,2369.42,2339.1680313370293,30.25196866297076,0.0229950259753249,0.02,0.02,0.01,0.01,False,False,60.50393732594153,0.5185000000000001,0.1785,0.6970000000000001,61.20093732594153,0.6158409551443886,0.0,61.20093732594153,0.0,0.6158409551443886,NORMAL_SIZE_OK,ORDER_ACCEPTED_NORMAL_SIZE
2024-06-06 04:00:00,3758,medium,long,9937.782931567535,12.100787465188304,2369.42,2339.1680313370293,30.25196866297076,0.0229950259753249,0.02,0.02,0.01,0.01,False,False,60.50393732594153,0.5185000000000001,0.1785,0.6970000000000001,61.20093732594153,0.6158409551443886,0.0,61.20093732594153,0.0,0.6158409551443886,NORMAL_SIZE_OK,ORDER_ACCEPTED_NORMAL_SIZE
2024-06-20 04:00:00,3818,fast,long,9816.278256264135,10.08467890517133,2340.43,2315.2183027370716,25.211697262928325,0.02725478855201352,0.02,0.02,0.01,0.01,False,False,50.42339452585665,0.5185000000000001,0.1785,0.6970000000000001,51.12039452585665,0.5207716528739883,0.0,51.12039452585665,0.0,0.5207716528739883,NORMAL_SIZE_OK,ORDER_ACCEPTED_NORMAL_SIZE
2024-06-20 16:00:00,3821,medium,long,9847.699756264134,11.261817826321279,2356.36,2328.205455434197,28.154544565803196,0.024484110596332206,0.02,0.02,0.01,0.01,False,False,56.30908913160639,0.37850000000000006,0.1785,0.557,56.866089131606394,0.5774555534700762,82.40189452585675,139.26798365746313,0.8367628640733162,1.4142184175433923,NORMAL_SIZE_OK,ORDER_ACCEPTED_NORMAL_SIZE
2024-06-26 16:00:00,3845,fast,short,9725.179167132528,10.606232720054129,2299.77,2326.2855818001353,26.515581800135323,0.025674056365446323,0.02,0.02,0.01,0.01,False,False,53.031163600270645,0.1785,0.37850000000000006,0.557,53.58816360027065,0.5510249495595785,0.0,53.58816360027065,0.0,0.5510249495595785,NORMAL_SIZE_OK,ORDER_ACCEPTED_NORMAL_SIZE
2024-07-03 08:00:00,3873,fast,long,9672.062603532257,9.940486157960898,2344.65,2319.798784605098,24.851215394902244,0.027243914291054785,0.02,0.02,0.01,0.01,False,False,49.70243078980449,0.37850000000000006,0.1785,0.557,50.25943078980449,0.5196350856067624,0.0,50.25943078980449,0.0,0.5196350856067624,NORMAL_SIZE_OK,ORDER_ACCEPTED_NORMAL_SIZE
2024-07-05 08:00:00,3885,medium,long,9713.128103532255,8.601764565414959,2366.47,2344.965588586462,21.504411413537397,0.03161765063791689,0.03,0.03,0.01,0.01,False,False,64.51323424061218,0.5677500000000001,0.26775000000000004,0.8355000000000001,65.34873424061219,0.6727877316561655,93.42093078980453,158.76966503041672,0.961800666006158,1.6345883976623234,NORMAL_SIZE_OK,ORDER_ACCEPTED_NORMAL_SIZE
2024-07-05 12:00:00,3886,slow,long,9741.010353532256,9.530176337144216,2372.16,2348.334559157139,23.825440842860537,0.028619437904402314,0.02,0.0,0.01,0.01,False,False,47.65088168572108,0.37850000000000006,0.1785,0.557,48.207881685721084,0.4948961138126713,186.65191503041757,234.85979671613865,1.9161453304762623,2.4110414442889336,NORMAL_SIZE_OK,PORTFOLIO_OPEN_RISK_EXCEEDED
2024-07-11 12:00:00,3910,slow,long,9891.200353532255,10.622356555502527,2406.39,2379.8341086112437,26.55589138875632,0.026072708861899135,0.02,0.0,0.01,0.01,False,False,53.11178277751264,0.37850000000000006,0.1785,0.557,53.66878277751264,0.5425912008581136,357.80191503041766,411.4706978079303,3.6173760741045218,4.159967274962636,NORMAL_SIZE_OK,PORTFOLIO_OPEN_RISK_EXCEEDED
2024-07-11 16:00:00,3911,slow,long,9917.650353532255,11.528238727727413,2411.68,2382.8594031806815,28.82059681931853,0.024088173090222396,0.02,0.0,0.01,0.01,False,False,57.64119363863706,0.37850000000000006,0.1785,0.557,58.198193638637065,0.5868143316618264,384.2519150304175,442.45010866905454,3.8744249024020383,4.461239234063864,NORMAL_SIZE_OK,PORTFOLIO_OPEN_RISK_EXCEEDED
2024-07-15 16:00:00,3923,slow,long,9999.770353532256,12.147209255796389,2430.2,2399.831976860509,30.368023139490973,0.02305003264558863,0.02,0.0,0.01,0.01,False,False,60.73604627898195,0.37850000000000006,0.1785,0.557,61.293046278981954,0.6129445388446464,476.8519150304174,538.1449613093994,4.768628660176953,5.3815731990216,NORMAL_SIZE_OK,PORTFOLIO_OPEN_RISK_EXCEEDED
2024-07-16 16:00:00,3929,slow,long,10141.750353532258,12.817500603442138,2459.12,2427.0762484913944,32.04375150860535,0.022154788104526663,0.02,0.0,0.01,0.01,False,False,64.0875030172107,0.37850000000000006,0.1785,0.557,64.6445030172107,0.6374097247887368,621.4519150304177,686.0964180476284,6.1276593622122935,6.76506908700103,NORMAL_SIZE_OK,PORTFOLIO_OPEN_RISK_EXCEEDED
2024-07-16 20:00:00,3930,slow,long,10189.000353532258,12.723125573270044,2468.57,2436.762186066825,31.80781393317511,0.02242310729827833,0.02,0.0,0.01,0.01,False,False,63.61562786635022,0.37850000000000006,0.1785,0.557,64.17262786635023,0.6298226090855249,668.7019150304191,732.8745428967693,6.562978622319879,7.192801231405404,NORMAL_SIZE_OK,PORTFOLIO_OPEN_RISK_EXCEEDED
2024-07-19 12:00:00,3946,fast,short,9935.271853532257,13.531422832150364,2403.7,2437.528557080376,33.82855708037591,0.020558637132965466,0.02,0.0,0.01,0.01,False,False,67.65711416075182,0.1785,0.37850000000000006,0.557,68.21411416075182,0.6865852808697919,176.4709842406128,244.68509840136463,1.7762069004470435,2.462792181316835,NORMAL_SIZE_OK,PORTFOLIO_OPEN_RISK_EXCEEDED
2024-07-25 04:00:00,3968,fast,short,9935.154103532255,13.228994969315695,2377.58,2410.652487423289,33.07248742328924,0.021028378614108202,0.02,0.02,0.01,0.01,False,False,66.14497484657848,0.1785,0.5185000000000001,0.6970000000000001,66.84197484657848,0.6727824666837737,0.0,66.84197484657848,0.0,0.6727824666837737,NORMAL_SIZE_OK,ORDER_ACCEPTED_NORMAL_SIZE
2024-07-25 04:00:00,3968,medium,short,9935.154103532255,13.228994969315695,2377.58,2410.652487423289,33.07248742328924,0.021028378614108202,0.02,0.02,0.01,0.01,False,False,66.14497484657848,0.1785,0.5185000000000001,0.6970000000000001,66.84197484657848,0.6727824666837737,0.0,66.84197484657848,0.0,0.6727824666837737,NORMAL_SIZE_OK,ORDER_ACCEPTED_NORMAL_SIZE
2024-07-30 20:00:00,3990,fast,long,9827.363003532255,12.568606660060238,2410.72,2379.298483349849,31.421516650150597,0.02189313195497713,0.02,0.02,0.01,0.01,False,False,62.843033300301194,0.37850000000000006,0.1785,0.557,63.400033300301196,0.6451377981816006,0.0,63.400033300301196,0.0,0.6451377981816006,NORMAL_SIZE_OK,ORDER_ACCEPTED_NORMAL_SIZE
2024-08-02 12:00:00,4006,medium,long,9949.005028685675,14.37940370630864,2472.94,2436.9914907342286,35.9485092657716,0.019372996717588617,0.01,0.0,0.01,0.01,False,False,35.9485092657716,0.18925000000000003,0.08925,0.2785,36.2270092657716,0.36412695703057063,187.78153330030185,224.00854256607346,1.8874403295493052,2.251567286579876,NORMAL_SIZE_OK,PORTFOLIO_OPEN_RISK_EXCEEDED
2024-08-05 12:00:00,4012,fast,short,9748.981028685677,21.681077228874297,2374.5,2428.702693072186,54.202693072185745,0.012590309324652126,0.01,0.01,0.01,0.01,False,False,54.20269307218575,0.08925,0.18925000000000003,0.2785,54.481193072185754,0.5588398716940647,0.0,54.481193072185754,0.0,0.5588398716940647,NORMAL_SIZE_OK,ORDER_ACCEPTED_NORMAL_SIZE
2024-08-09 12:00:00,4036,fast,long,9725.459995385374,15.94903191548067,2429.64,2389.767420211298,39.87257978870168,0.017073944131146566,0.01,0.01,0.01,0.01,False,False,39.87257978870168,0.18925000000000003,0.08925,0.2785,40.15107978870168,0.41284504596957816,0.0,40.15107978870168,0.0,0.41284504596957816,NORMAL_SIZE_OK,ORDER_ACCEPTED_NORMAL_SIZE
2024-08-16 12:00:00,4066,fast,long,9736.083495385374,14.822680078246602,2491.63,2454.5732998043836,37.05670019561651,0.018391433696991588,0.01,0.01,0.01,0.01,False,False,37.05670019561651,0.18925000000000003,0.08925,0.2785,37.33520019561651,0.38347247343669894,0.0,37.33520019561651,0.0,0.38347247343669894,NORMAL_SIZE_OK,ORDER_ACCEPTED_NORMAL_SIZE
2024-08-16 12:00:00,4066,medium,long,9736.083495385374,14.822680078246602,2491.63,2454.5732998043836,37.05670019561651,0.018391433696991588,0.01,0.01,0.01,0.01,False,False,37.05670019561651,0.18925000000000003,0.08925,0.2785,37.33520019561651,0.38347247343669894,0.0,37.33520019561651,0.0,0.38347247343669894,NORMAL_SIZE_OK,ORDER_ACCEPTED_NORMAL_SIZE
2024-08-16 12:00:00,4066,slow,long,9736.083495385374,14.822680078246602,2491.63,2454.5732998043836,37.05670019561651,0.018391433696991588,0.01,0.01,0.01,0.01,False,False,37.05670019561651,0.18925000000000003,0.08925,0.2785,37.33520019561651,0.38347247343669894,0.0,37.33520019561651,0.0,0.38347247343669894,NORMAL_SIZE_OK,ORDER_ACCEPTED_NORMAL_SIZE
2024-08-22 16:00:00,4091,fast,short,9700.829745385374,14.109631942119883,2484.31,2519.5840798552995,35.2740798552997,0.01925090845636763,0.01,0.01,0.01,0.01,False,False,35.2740798552997,0.08925,0.18925000000000003,0.2785,35.552579855299705,0.3664900919657089,59.55190039123319,95.10448024653289,0.6138846052788595,0.9803746972445684,NORMAL_SIZE_OK,ORDER_ACCEPTED_NORMAL_SIZE
2024-08-26 08:00:00,4101,fast,long,9700.621995385372,12.426105350328928,2524.25,2493.1847366241777,31.06526337582232,0.021858612027911103,0.02,0.02,0.01,0.01,False,False,62.13052675164464,0.37850000000000006,0.1785,0.557,62.68752675164464,0.6462217245601918,69.71595019561666,132.4034769472613,0.7186750522675849,1.3648967768277769,NORMAL_SIZE_OK,ORDER_ACCEPTED_NORMAL_SIZE
2024-09-04 08:00:00,4143,fast,short,9595.317665530074,11.512933895070027,2473.27,2502.052334737675,28.78233473767507,0.023336266592296616,0.02,0.02,0.01,0.01,False,False,57.56466947535014,0.1785,0.37850000000000006,0.557,58.12166947535014,0.6057294974625451,18.73595019561663,76.85761967096677,0.19526138527881245,0.8009908827413577,NORMAL_SIZE_OK,ORDER_ACCEPTED_NORMAL_SIZE
2024-09-05 08:00:00,4149,fast,long,9512.601515530072,11.705871903723923,2514.73,2485.4653202406903,29.264679759309807,0.022753780720093875,0.02,0.02,0.01,0.01,False,False,58.529359518619614,0.37850000000000006,0.1785,0.557,59.086359518619616,0.6211377552413657,0.0,59.086359518619616,0.0,0.6211377552413657,NORMAL_SIZE_OK,ORDER_ACCEPTED_NORMAL_SIZE
2024-09-12 16:00:00,4181,fast,long,9477.443986536102,12.10726343952369,2550.74,2520.4718414011904,30.268158598809226,0.02191811823939718,0.02,0.02,0.01,0.01,False,False,60.53631719761846,0.37850000000000006,0.1785,0.557,61.09331719761846,0.6446180772411758,0.0,61.09331719761846,0.0,0.6446180772411758,NORMAL_SIZE_OK,ORDER_ACCEPTED_NORMAL_SIZE
2024-09-12 16:00:00,4181,medium,long,9477.443986536102,12.10726343952369,2550.74,2520.4718414011904,30.268158598809226,0.02191811823939718,0.02,0.02,0.01,0.01,False,False,60.53631719761846,0.37850000000000006,0.1785,0.557,61.09331719761846,0.6446180772411758,0.0,61.09331719761846,0.0,0.6446180772411758,NORMAL_SIZE_OK,ORDER_ACCEPTED_NORMAL_SIZE
2024-09-12 16:00:00,4181,slow,long,9477.443986536102,12.10726343952369,2550.74,2520.4718414011904,30.268158598809226,0.02191811823939718,0.02,0.02,0.01,0.01,False,False,60.53631719761846,0.37850000000000006,0.1785,0.557,61.09331719761846,0.6446180772411758,0.0,61.09331719761846,0.0,0.6446180772411758,NORMAL_SIZE_OK,ORDER_ACCEPTED_NORMAL_SIZE
2024-09-18 20:00:00,4206,fast,short,9503.0004865361,12.800095799994565,2559.16,2591.1602394999863,32.000239499986414,0.020787657981678836,0.02,0.0,0.01,0.01,False,False,64.00047899997283,0.1785,0.37850000000000006,0.557,64.55747899997283,0.6793378479927281,155.06963439523682,219.62711339520965,1.6317965532564191,2.311134401249147,NORMAL_SIZE_OK,PORTFOLIO_OPEN_RISK_EXCEEDED
2024-09-20 08:00:00,4215,fast,long,9599.5979865361,13.27677480864415,2609.74,2576.548062978389,33.19193702161038,0.020245032961469654,0.02,0.0,0.01,0.01,False,False,66.38387404322076,0.37850000000000006,0.1785,0.557,66.94087404322076,0.697329972954165,178.69481719761828,245.63569124083904,1.8614822979904615,2.5588122709446264,NORMAL_SIZE_OK,PORTFOLIO_OPEN_RISK_EXCEEDED
2024-09-20 08:00:00,4215,medium,long,9599.5979865361,13.27677480864415,2609.74,2576.548062978389,33.19193702161038,0.020245032961469654,0.02,0.0,0.01,0.01,False,False,66.38387404322076,0.37850000000000006,0.1785,0.557,66.94087404322076,0.697329972954165,178.69481719761828,245.63569124083904,1.8614822979904615,2.5588122709446264,NORMAL_SIZE_OK,PORTFOLIO_OPEN_RISK_EXCEEDED
2024-09-20 12:00:00,4216,fast,long,9611.2579865361,13.447436068211923,2615.57,2581.9514098294703,33.61859017052981,0.02001238171038165,0.02,0.0,0.01,0.01,False,False,67.23718034105961,0.37850000000000006,0.1785,0.557,67.79418034105962,0.7053621954173832,190.35481719761904,258.14899753867866,1.980540086056133,2.6859022814735165,NORMAL_SIZE_OK,PORTFOLIO_OPEN_RISK_EXCEEDED
2024-09-20 12:00:00,4216,medium,long,9611.2579865361,13.447436068211923,2615.57,2581.9514098294703,33.61859017052981,0.02001238171038165,0.02,0.0,0.01,0.01,False,False,67.23718034105961,0.37850000000000006,0.1785,0.557,67.79418034105962,0.7053621954173832,190.35481719761904,258.14899753867866,1.980540086056133,2.6859022814735165,NORMAL_SIZE_OK,PORTFOLIO_OPEN_RISK_EXCEEDED
2024-09-23 04:00:00,4220,fast,long,9635.8539865361,13.228575974034037,2629.44,2596.368560064915,33.071439935085095,0.020395537067073623,0.02,0.0,0.01,0.01,False,False,66.14287987017019,0.5185000000000001,0.1785,0.6970000000000001,66.8398798701702,0.6936580811992753,218.09481719761882,284.934697067789,2.2633678084200572,2.957025889619332,NORMAL_SIZE_OK,PORTFOLIO_OPEN_RISK_EXCEEDED
2024-09-23 04:00:00,4220,medium,long,9635.8539865361,13.228575974034037,2629.44,2596.368560064915,33.071439935085095,0.020395537067073623,0.02,0.0,0.01,0.01,False,False,66.14287987017019,0.5185000000000001,0.1785,0.6970000000000001,66.8398798701702,0.6936580811992753,218.09481719761882,284.934697067789,2.2633678084200572,2.957025889619332,NORMAL_SIZE_OK,PORTFOLIO_OPEN_RISK_EXCEEDED
2024-09-24 04:00:00,4226,fast,long,9652.1859865361,12.367252352091647,2638.13,2607.211869119771,30.918130880229118,0.02185297105038065,0.02,0.0,0.01,0.01,False,False,61.836261760458235,0.5185000000000001,0.1785,0.6970000000000001,62.53326176045824,0.6478663159587508,235.47481719761893,298.0080789580772,2.439600910364599,3.08746722632335,NORMAL_SIZE_OK,PORTFOLIO_OPEN_RISK_EXCEEDED
2024-09-24 04:00:00,4226,medium,long,9652.1859865361,12.367252352091647,2638.13,2607.211869119771,30.918130880229118,0.02185297105038065,0.02,0.0,0.01,0.01,False,False,61.836261760458235,0.5185000000000001,0.1785,0.6970000000000001,62.53326176045824,0.6478663159587508,235.47481719761893,298.0080789580772,2.439600910364599,3.08746722632335,NORMAL_SIZE_OK,PORTFOLIO_OPEN_RISK_EXCEEDED
2024-09-24 16:00:00,4229,fast,long,9682.9659865361,13.209561735374585,2653.52,2620.4960956615637,33.023904338436466,0.02052475722165377,0.02,0.0,0.01,0.01,False,False,66.04780867687293,0.37850000000000006,0.1785,0.557,66.60480867687293,0.6878554439774456,266.25481719761865,332.8596258744916,2.7497237681908486,3.4375792121682944,NORMAL_SIZE_OK,PORTFOLIO_OPEN_RISK_EXCEEDED
2024-09-24 16:00:00,4229,medium,long,9682.9659865361,13.209561735374585,2653.52,2620.4960956615637,33.023904338436466,0.02052475722165377,0.02,0.0,0.01,0.01,False,False,66.04780867687293,0.37850000000000006,0.1785,0.557,66.60480867687293,0.6878554439774456,266.25481719761865,332.8596258744916,2.7497237681908486,3.4375792121682944,NORMAL_SIZE_OK,PORTFOLIO_OPEN_RISK_EXCEEDED
2024-09-24 20:00:00,4230,fast,long,9689.945986536102,13.276083648605853,2657.01,2623.8197908784855,33.190209121514634,0.020436635893861854,0.02,0.0,0.01,0.01,False,False,66.38041824302927,0.37850000000000006,0.1785,0.557,66.93741824302927,0.6907924805363916,273.2348171976191,340.17223544064836,2.8197764732359802,3.510568953772372,NORMAL_SIZE_OK,PORTFOLIO_OPEN_RISK_EXCEEDED
2024-09-24 20:00:00,4230,medium,long,9689.945986536102,13.276083648605853,2657.01,2623.8197908784855,33.190209121514634,0.020436635893861854,0.02,0.0,0.01,0.01,False,False,66.38041824302927,0.37850000000000006,0.1785,0.557,66.93741824302927,0.6907924805363916,273.2348171976191,340.17223544064836,2.8197764732359802,3.510568953772372,NORMAL_SIZE_OK,PORTFOLIO_OPEN_RISK_EXCEEDED
2024-09-26 12:00:00,4240,fast,long,9726.3139865361,12.257913594542899,2677.29,2646.6452160136428,30.644783986357247,0.022217222329275713,0.02,0.0,0.01,0.01,False,False,61.289567972714494,0.37850000000000006,0.1785,0.557,61.846567972714496,0.6358685115278736,313.7948171976186,375.64138517033314,3.2262460129499946,3.8621145244778687,NORMAL_SIZE_OK,PORTFOLIO_OPEN_RISK_EXCEEDED
2024-09-26 12:00:00,4240,medium,long,9726.3139865361,12.257913594542899,2677.29,2646.6452160136428,30.644783986357247,0.022217222329275713,0.02,0.0,0.01,0.01,False,False,61.289567972714494,0.37850000000000006,0.1785,0.557,61.846567972714496,0.6358685115278736,313.7948171976186,375.64138517033314,3.2262460129499946,3.8621145244778687,NORMAL_SIZE_OK,PORTFOLIO_OPEN_RISK_EXCEEDED
2024-09-30 12:00:00,4252,fast,short,9645.441986536101,13.22437139611269,2638.95,2672.0109284902815,33.060928490281725,0.020422322357219847,0.02,0.0,0.01,0.01,False,False,66.12185698056345,0.1785,0.37850000000000006,0.557,66.67885698056345,0.6912991345926839,237.11481719761835,303.7936741781818,2.4583095054493374,3.149608640042021,NORMAL_SIZE_OK,PORTFOLIO_OPEN_RISK_EXCEEDED
2024-10-08 16:00:00,4289,fast,short,9575.0219865361,15.121258968256209,2608.98,2646.7831474206405,37.80314742064052,0.01773004590330935,0.01,0.0,0.01,0.01,False,False,37.80314742064052,0.08925,0.18925000000000003,0.2785,38.08164742064052,0.39771864204791346,177.17481719761875,215.25646461825926,1.8503854868088325,2.248104128856746,NORMAL_SIZE_OK,PORTFOLIO_OPEN_RISK_EXCEEDED
2024-10-08 16:00:00,4289,medium,short,9575.0219865361,15.121258968256209,2608.98,2646.7831474206405,37.80314742064052,0.01773004590330935,0.01,0.0,0.01,0.01,False,False,37.80314742064052,0.08925,0.18925000000000003,0.2785,38.08164742064052,0.39771864204791346,177.17481719761875,215.25646461825926,1.8503854868088325,2.248104128856746,NORMAL_SIZE_OK,PORTFOLIO_OPEN_RISK_EXCEEDED
2024-10-16 08:00:00,4323,fast,long,9574.9034865361,12.378567635208015,2679.49,2648.54358091198,30.946419088020036,0.021658184171524753,0.02,0.02,0.01,0.01,False,False,61.89283817604008,0.37850000000000006,0.1785,0.557,62.44983817604008,0.6522242053285957,0.0,62.44983817604008,0.0,0.6522242053285957,NORMAL_SIZE_OK,ORDER_ACCEPTED_NORMAL_SIZE
2024-10-16 08:00:00,4323,medium,long,9574.9034865361,12.378567635208015,2679.49,2648.54358091198,30.946419088020036,0.021658184171524753,0.02,0.02,0.01,0.01,False,False,61.89283817604008,0.37850000000000006,0.1785,0.557,62.44983817604008,0.6522242053285957,0.0,62.44983817604008,0.0,0.6522242053285957,NORMAL_SIZE_OK,ORDER_ACCEPTED_NORMAL_SIZE
2024-10-17 16:00:00,4331,slow,long,9622.7704865361,12.072850382266703,2692.24,2662.057874044333,30.182125955666756,0.022317643728839393,0.02,0.0,0.01,0.01,False,False,60.36425191133351,0.37850000000000006,0.1785,0.557,60.92125191133351,0.6330947204505475,174.8626763520788,235.78392826341232,1.8171760055666046,2.450270726017152,NORMAL_SIZE_OK,PORTFOLIO_OPEN_RISK_EXCEEDED
2024-10-18 04:00:00,4334,slow,long,9692.5544865361,11.715718846495921,2710.21,2680.9207028837604,29.2892971162398,0.023164735273941972,0.02,0.0,0.01,0.01,False,False,58.5785942324796,0.5185000000000001,0.1785,0.6970000000000001,59.275594232479605,0.6115580192488901,246.74267635207983,306.01827058455945,2.545692951170193,3.157250970419083,NORMAL_SIZE_OK,PORTFOLIO_OPEN_RISK_EXCEEDED
2024-10-21 04:00:00,4340,slow,long,9766.7464865361,11.459815523932932,2730.33,2701.6804611901675,28.64953880983233,0.023863290037426193,0.02,0.0,0.01,0.01,False,False,57.29907761966466,0.5185000000000001,0.1785,0.6970000000000001,57.99607761966466,0.5938116413650633,327.2226763520794,385.2187539717441,3.3503754479874197,3.944187089352483,NORMAL_SIZE_OK,PORTFOLIO_OPEN_RISK_EXCEEDED
2024-10-21 12:00:00,4342,slow,long,9800.0664865361,11.399183510349475,2738.66,2710.1620412241264,28.497958775873688,0.02407206282571708,0.02,0.0,0.01,0.01,False,False,56.99591755174738,0.37850000000000006,0.1785,0.557,57.552917551747385,0.5872706846511391,360.5426763520791,418.0955939038265,3.67898194208594,4.266252626737079,NORMAL_SIZE_OK,PORTFOLIO_OPEN_RISK_EXCEEDED
2024-10-22 16:00:00,4349,slow,long,9824.610486536101,11.518491952043918,2745.32,2716.5237701198903,28.796229880109795,0.02388238796956377,0.02,0.0,0.01,0.01,False,False,57.59245976021959,0.37850000000000006,0.1785,0.557,58.14945976021959,0.5918754727213776,387.18267635208036,445.33213611229996,3.9409468383778212,4.532822311099199,NORMAL_SIZE_OK,PORTFOLIO_OPEN_RISK_EXCEEDED
2024-10-22 20:00:00,4350,slow,long,9838.930486536101,11.210067354441717,2748.9,2720.874831613896,28.025168386104294,0.02457523625082008,0.02,0.0,0.01,0.01,False,False,56.05033677220859,0.37850000000000006,0.1785,0.557,56.60733677220859,0.5753403466938997,401.5026763520801,458.1100131242887,4.0807552904404485,4.656095637134348,NORMAL_SIZE_OK,PORTFOLIO_OPEN_RISK_EXCEEDED
2024-10-23 04:00:00,4352,slow,long,9837.0024865361,10.950760787383654,2749.99,2722.6130980315406,27.376901968459137,0.025152231426727904,0.02,0.0,0.01,0.01,False,False,54.753803936918274,0.5185000000000001,0.1785,0.6970000000000001,55.45080393691828,0.5636961463902623,405.86267635207884,461.3134802889971,4.1258775415334386,4.6895736879237,NORMAL_SIZE_OK,PORTFOLIO_OPEN_RISK_EXCEEDED
2024-10-23 08:00:00,4353,slow,long,9864.9224865361,10.921722748014465,2756.97,2729.6656931299635,27.304306870036164,0.025290683163810054,0.02,0.0,0.01,0.01,False,False,54.608613740072336,0.37850000000000006,0.1785,0.557,55.16561374007234,0.5592098043888717,433.7826763520789,488.94829009215124,4.397223363327149,4.95643316771602,NORMAL_SIZE_OK,PORTFOLIO_OPEN_RISK_EXCEEDED
2024-10-29 12:00:00,4378,slow,long,9866.0264865361,11.922360099816075,2760.39,2730.5840997504597,29.805900249540187,0.023170642331737025,0.02,0.0,0.01,0.01,False,False,59.611800499080374,0.37850000000000006,0.1785,0.557,60.168800499080376,0.6098584934998007,447.4626763520792,507.63147685115956,4.535388962949972,5.1452474564497725,NORMAL_SIZE_OK,PORTFOLIO_OPEN_RISK_EXCEEDED
2024-10-29 16:00:00,4379,slow,long,9903.7864865361,11.93724209482526,2769.83,2739.9868947629366,29.84310523706315,0.02323032568328506,0.02,0.0,0.01,0.01,False,False,59.686210474126305,0.37850000000000006,0.1785,0.557,60.24321047412631,0.6082846248354116,485.2226763520794,545.4658868262057,4.899365278237016,5.507649903072428,NORMAL_SIZE_OK,PORTFOLIO_OPEN_RISK_EXCEEDED
2024-10-29 20:00:00,4380,slow,long,9921.986486536101,11.668879990084005,2774.38,2745.2078000247902,29.172199975210013,0.02380825082262336,0.02,0.0,0.01,0.01,False,False,58.34439995042003,0.37850000000000006,0.1785,0.557,58.901399950420036,0.5936452345540667,503.42267635208015,562.3240763025002,5.073809332790492,5.667454567344558,NORMAL_SIZE_OK,PORTFOLIO_OPEN_RISK_EXCEEDED
2024-10-30 00:00:00,4381,slow,long,9944.8584865361,11.545935990579805,2781.67,2752.8051600235503,28.864839976449513,0.024117233791197172,0.02,0.0,0.01,0.01,False,False,57.729679952899026,0.47850000000000004,0.1785,0.657,58.38667995289902,0.5871041808382305,532.58267635208,590.969356304979,5.355357012602239,5.94246119344047,NORMAL_SIZE_OK,PORTFOLIO_OPEN_RISK_EXCEEDED
2024-10-30 04:00:00,4382,slow,long,9950.6584865361,11.412639191050797,2783.12,2754.588402022373,28.531597977626994,0.024413146946894542,0.02,0.0,0.01,0.01,False,False,57.06319595525399,0.37850000000000006,0.1785,0.557,57.62019595525399,0.5790591249133706,538.3826763520792,596.0028723073332,5.410523103375989,5.989582228289359,NORMAL_SIZE_OK,PORTFOLIO_OPEN_RISK_EXCEEDED
2024-11-06 08:00:00,4413,fast,short,9767.6199865361,13.36288579053015,2724.66,2758.0672144763253,33.40721447632538,0.020466639011225158,0.02,0.0,0.01,0.01,False,False,66.81442895265076,0.1785,0.37850000000000006,0.557,67.37142895265076,0.6897425273046761,152.27133817603956,219.6427671286903,1.5589400323306364,2.2486825596353124,NORMAL_SIZE_OK,PORTFOLIO_OPEN_RISK_EXCEEDED
2024-11-06 12:00:00,4414,fast,short,9767.3614865361,16.09774150100364,2664.13,2704.3743537525093,40.2443537525091,0.016989098850044265,0.01,0.01,0.01,0.01,False,False,40.2443537525091,0.08925,0.18925000000000003,0.2785,40.5228537525091,0.41488024998734985,0.0,40.5228537525091,0.0,0.41488024998734985,NORMAL_SIZE_OK,ORDER_ACCEPTED_NORMAL_SIZE
2024-11-06 12:00:00,4414,medium,short,9767.3614865361,16.09774150100364,2664.13,2704.3743537525093,40.2443537525091,0.016989098850044265,0.01,0.01,0.01,0.01,False,False,40.2443537525091,0.08925,0.18925000000000003,0.2785,40.5228537525091,0.41488024998734985,0.0,40.5228537525091,0.0,0.41488024998734985,NORMAL_SIZE_OK,ORDER_ACCEPTED_NORMAL_SIZE
2024-11-11 12:00:00,4432,fast,short,9686.56737903108,16.668956652346978,2635.52,2677.1923916308674,41.672391630867445,0.016271197548209,0.01,0.01,0.01,0.01,False,False,41.672391630867445,0.08925,0.18925000000000003,0.2785,41.950891630867446,0.43308315515029927,0.0,41.950891630867446,0.0,0.43308315515029927,NORMAL_SIZE_OK,ORDER_ACCEPTED_NORMAL_SIZE
2024-11-11 12:00:00,4432,medium,short,9686.56737903108,16.668956652346978,2635.52,2677.1923916308674,41.672391630867445,0.016271197548209,0.01,0.01,0.01,0.01,False,False,41.672391630867445,0.08925,0.18925000000000003,0.2785,41.950891630867446,0.43308315515029927,0.0,41.950891630867446,0.0,0.43308315515029927,NORMAL_SIZE_OK,ORDER_ACCEPTED_NORMAL_SIZE
2024-11-11 12:00:00,4432,slow,short,9686.56737903108,16.668956652346978,2635.52,2677.1923916308674,41.672391630867445,0.016271197548209,0.01,0.01,0.01,0.01,False,False,41.672391630867445,0.08925,0.18925000000000003,0.2785,41.950891630867446,0.43308315515029927,0.0,41.950891630867446,0.0,0.43308315515029927,NORMAL_SIZE_OK,ORDER_ACCEPTED_NORMAL_SIZE
2024-11-19 04:00:00,4466,fast,long,9767.548579031078,15.08916872786979,2622.57,2584.8470781803258,37.722921819674475,0.018125011731609172,0.01,0.01,0.01,0.01,False,False,37.722921819674475,0.18925000000000003,0.08925,0.2785,38.001421819674476,0.38905792494603747,109.76328326173481,147.7647050814093,1.1237546695941094,1.5128125945401467,NORMAL_SIZE_OK,ORDER_ACCEPTED_NORMAL_SIZE
2024-11-22 04:00:00,4484,medium,long,9800.67282903108,13.475000826921619,2686.65,2652.962497932696,33.687502067304045,0.020365033200191767,0.02,0.02,0.01,0.01,False,False,67.37500413460809,0.37850000000000006,0.1785,0.557,67.93200413460809,0.6931361276889398,101.88217181967458,169.8141759542827,1.0395426272968131,1.732678754985753,NORMAL_SIZE_OK,ORDER_ACCEPTED_NORMAL_SIZE
2024-11-29 04:00:00,4514,fast,long,9669.12557489647,15.283100938756894,2662.37,2624.1622476531074,38.207752346892235,0.017714697899464536,0.01,0.01,0.01,0.01,False,False,38.207752346892235,0.18925000000000003,0.08925,0.2785,38.486252346892236,0.3980323975397777,0.0,38.486252346892236,0.0,0.3980323975397777,NORMAL_SIZE_OK,ORDER_ACCEPTED_NORMAL_SIZE
2024-12-06 00:00:00,4543,fast,short,9629.06732254958,13.697015772336902,2617.57,2651.812539430842,34.24253943084226,0.019684133355231455,0.01,0.01,0.01,0.01,False,False,34.24253943084226,0.08925,0.25925000000000004,0.34850000000000003,34.59103943084226,0.3592356172423484,0.0,34.59103943084226,0.0,0.3592356172423484,NORMAL_SIZE_OK,ORDER_ACCEPTED_NORMAL_SIZE
2024-12-09 12:00:00,4552,fast,long,9595.253683118735,14.511844591562193,2665.5,2629.2203885210947,36.27961147890548,0.018513642523676085,0.01,0.01,0.01,0.01,False,False,36.27961147890548,0.18925000000000003,0.08925,0.2785,36.55811147890548,0.38100203169430985,0.0,36.55811147890548,0.0,0.38100203169430985,NORMAL_SIZE_OK,ORDER_ACCEPTED_NORMAL_SIZE
2024-12-10 12:00:00,4558,medium,long,9609.430433118736,13.692616666017637,2680.38,2646.148458334956,34.23154166504409,0.01965030196128168,0.01,0.01,0.01,0.01,False,False,34.23154166504409,0.18925000000000003,0.08925,0.2785,34.51004166504409,0.35912681719517764,51.25886147890561,85.7689031439497,0.5334224732221675,0.8925492904173452,NORMAL_SIZE_OK,ORDER_ACCEPTED_NORMAL_SIZE
2024-12-17 08:00:00,4587,fast,short,9568.212683118736,12.680644448050057,2639.74,2671.441611120125,31.701611120125143,0.021127471574878987,0.02,0.02,0.01,0.01,False,False,63.40322224025029,0.1785,0.37850000000000006,0.557,63.96022224025029,0.6684657245662583,0.0,63.96022224025029,0.0,0.6684657245662583,NORMAL_SIZE_OK,ORDER_ACCEPTED_NORMAL_SIZE
2024-12-18 20:00:00,4596,medium,short,9677.828983118734,13.730946450061392,2585.51,2619.8373661251535,34.32736612515348,0.01973492595815294,0.01,0.0,0.01,0.01,False,False,34.32736612515348,0.08925,0.18925000000000003,0.2785,34.60586612515348,0.3575788142724708,172.16172224024942,206.7675883654029,1.7789291641808835,2.1365079784533547,NORMAL_SIZE_OK,PORTFOLIO_OPEN_RISK_EXCEEDED
2024-12-18 20:00:00,4596,slow,short,9677.828983118734,13.730946450061392,2585.51,2619.8373661251535,34.32736612515348,0.01973492595815294,0.01,0.0,0.01,0.01,False,False,34.32736612515348,0.08925,0.18925000000000003,0.2785,34.60586612515348,0.3575788142724708,172.16172224024942,206.7675883654029,1.7789291641808835,2.1365079784533547,NORMAL_SIZE_OK,PORTFOLIO_OPEN_RISK_EXCEEDED
2025-01-02 12:00:00,4646,fast,long,9591.650883118735,10.909546969199413,2642.99,2615.716132577001,27.27386742299853,0.024617541451130764,0.02,0.02,0.01,0.01,False,False,54.54773484599707,0.37850000000000006,0.1785,0.557,55.10473484599707,0.5745073034609837,0.0,55.10473484599707,0.0,0.5745073034609837,NORMAL_SIZE_OK,ORDER_ACCEPTED_NORMAL_SIZE
2025-01-02 16:00:00,4647,medium,long,9618.412383118735,11.369069620739436,2656.53,2628.107325948152,28.422674051848592,0.02368844203716016,0.02,0.02,0.01,0.01,False,False,56.84534810369719,0.37850000000000006,0.1785,0.557,57.40234810369719,0.5967964963162111,81.86623484599751,139.2685829496947,0.8511408284976516,1.4479373248138623,NORMAL_SIZE_OK,ORDER_ACCEPTED_NORMAL_SIZE
2025-01-09 12:00:00,4676,fast,long,9488.107535015037,11.402487429701413,2672.67,2644.1637814257465,28.50621857425353,0.023299040022478484,0.02,0.02,0.01,0.01,False,False,57.01243714850706,0.37850000000000006,0.1785,0.557,57.56943714850706,0.6067536327560796,0.0,57.56943714850706,0.0,0.6067536327560796,NORMAL_SIZE_OK,ORDER_ACCEPTED_NORMAL_SIZE
2025-01-09 12:00:00,4676,medium,long,9488.107535015037,11.402487429701413,2672.67,2644.1637814257465,28.50621857425353,0.023299040022478484,0.02,0.02,0.01,0.01,False,False,57.01243714850706,0.37850000000000006,0.1785,0.557,57.56943714850706,0.6067536327560796,0.0,57.56943714850706,0.0,0.6067536327560796,NORMAL_SIZE_OK,ORDER_ACCEPTED_NORMAL_SIZE
2025-01-16 08:00:00,4705,fast,long,9515.608035015037,11.25653839932842,2705.27,2677.128654001679,28.14134599832105,0.02366953458767724,0.02,0.02,0.01,0.01,False,False,56.2826919966421,0.37850000000000006,0.1785,0.557,56.8396919966421,0.5973311614716199,122.61093714850723,179.45062914514932,1.2885244610468394,1.885855622518459,NORMAL_SIZE_OK,ORDER_ACCEPTED_NORMAL_SIZE
2025-01-16 08:00:00,4705,slow,long,9515.608035015037,11.25653839932842,2705.27,2677.128654001679,28.14134599832105,0.02366953458767724,0.02,0.02,0.01,0.01,False,False,56.2826919966421,0.37850000000000006,0.1785,0.557,56.8396919966421,0.5973311614716199,122.61093714850723,179.45062914514932,1.2885244610468394,1.885855622518459,NORMAL_SIZE_OK,ORDER_ACCEPTED_NORMAL_SIZE
2025-01-27 16:00:00,4749,fast,short,9623.500285015038,12.78724900087187,2733.78,2765.7481225021797,31.968122502179675,0.02107239860286201,0.02,0.0,0.01,0.01,False,False,63.93624500435936,0.1785,0.37850000000000006,0.557,64.49324500435937,0.670164109672062,293.0921291451496,357.585374149509,3.045587576918658,3.71575168659072,NORMAL_SIZE_OK,PORTFOLIO_OPEN_RISK_EXCEEDED
2025-01-30 08:00:00,4765,fast,long,9699.012535015034,10.698352220346518,2774.38,2747.634119449134,26.745880550866296,0.025384502714720373,0.02,0.0,0.01,0.01,False,False,53.49176110173259,0.37850000000000006,0.1785,0.557,54.048761101732595,0.5572604520986818,194.66119199664175,248.70995309837434,2.0070207280780674,2.5642811801767493,NORMAL_SIZE_OK,PORTFOLIO_OPEN_RISK_EXCEEDED
2025-01-30 12:00:00,4766,fast,long,9721.972535015035,10.771934609329195,2785.86,2758.930163476677,26.929836523322987,0.02527078383345039,0.02,0.0,0.01,0.01,False,False,53.85967304664598,0.37850000000000006,0.1785,0.557,54.41667304664598,0.5597287263531837,217.62119199664178,272.03786504328775,2.2384468914394566,2.7981756177926402,NORMAL_SIZE_OK,PORTFOLIO_OPEN_RISK_EXCEEDED
2025-01-30 16:00:00,4767,fast,long,9741.372535015034,11.155337878862737,2795.56,2767.671655302843,27.888344697156842,0.024450934067828348,0.02,0.0,0.01,0.01,False,False,55.77668939431369,0.37850000000000006,0.1785,0.557,56.333689394313694,0.5782931428997726,237.02119199664142,293.35488139095514,2.433139592441176,3.0114327353409482,NORMAL_SIZE_OK,PORTFOLIO_OPEN_RISK_EXCEEDED
2025-01-30 16:00:00,4767,medium,long,9741.372535015034,11.155337878862737,2795.56,2767.671655302843,27.888344697156842,0.024450934067828348,0.02,0.0,0.01,0.01,False,False,55.77668939431369,0.37850000000000006,0.1785,0.557,56.333689394313694,0.5782931428997726,237.02119199664142,293.35488139095514,2.433139592441176,3.0114327353409482,NORMAL_SIZE_OK,PORTFOLIO_OPEN_RISK_EXCEEDED
2025-01-31 12:00:00,4772,fast,long,9761.884535015037,10.762486630160689,2806.34,2779.4337834245985,26.90621657540172,0.025396804323494896,0.02,0.0,0.01,0.01,False,False,53.81243315080344,0.37850000000000006,0.1785,0.557,54.369433150803445,0.5569563228881164,258.5811919966418,312.95062514744524,2.648885991932535,3.2058423148206514,NORMAL_SIZE_OK,PORTFOLIO_OPEN_RISK_EXCEEDED
2025-01-31 12:00:00,4772,medium,long,9761.884535015037,10.762486630160689,2806.34,2779.4337834245985,26.90621657540172,0.025396804323494896,0.02,0.0,0.01,0.01,False,False,53.81243315080344,0.37850000000000006,0.1785,0.557,54.369433150803445,0.5569563228881164,258.5811919966418,312.95062514744524,2.648885991932535,3.2058423148206514,NORMAL_SIZE_OK,PORTFOLIO_OPEN_RISK_EXCEEDED
2025-02-04 12:00:00,4784,fast,long,9808.232535015035,13.35344318069984,2831.61,2798.2263920482505,33.383607951749596,0.02056626948301643,0.02,0.0,0.01,0.01,False,False,66.76721590349919,0.37850000000000006,0.1785,0.557,67.3242159034992,0.686405177111719,309.12119199664176,376.44540790014094,3.1516503191894185,3.8380554963011373,NORMAL_SIZE_OK,PORTFOLIO_OPEN_RISK_EXCEEDED
2025-02-04 12:00:00,4784,medium,long,9808.232535015035,13.35344318069984,2831.61,2798.2263920482505,33.383607951749596,0.02056626948301643,0.02,0.0,0.01,0.01,False,False,66.76721590349919,0.37850000000000006,0.1785,0.557,67.3242159034992,0.686405177111719,309.12119199664176,376.44540790014094,3.1516503191894185,3.8380554963011373,NORMAL_SIZE_OK,PORTFOLIO_OPEN_RISK_EXCEEDED
2025-02-04 16:00:00,4785,fast,long,9832.832535015033,13.50827102166486,2843.91,2810.139322445838,33.77067755416215,0.02038153591520764,0.02,0.0,0.01,0.01,False,False,67.5413551083243,0.37850000000000006,0.1785,0.557,68.0983551083243,0.6925609163567452,333.7211919966412,401.8195471049655,3.393947683012492,4.086508599369237,NORMAL_SIZE_OK,PORTFOLIO_OPEN_RISK_EXCEEDED
2025-02-04 16:00:00,4785,medium,long,9832.832535015033,13.50827102166486,2843.91,2810.139322445838,33.77067755416215,0.02038153591520764,0.02,0.0,0.01,0.01,False,False,67.5413551083243,0.37850000000000006,0.1785,0.557,68.0983551083243,0.6925609163567452,333.7211919966412,401.8195471049655,3.393947683012492,4.086508599369237,NORMAL_SIZE_OK,PORTFOLIO_OPEN_RISK_EXCEEDED
2025-02-05 04:00:00,4788,fast,long,9860.448535015035,13.036605117199919,2859.29,2826.698487207,32.591512792999794,0.02117825588014143,0.02,0.0,0.01,0.01,False,False,65.18302558599959,0.37850000000000006,0.1785,0.557,65.74002558599959,0.6667042107927735,364.4811919966414,430.22121758264103,3.69639566295942,4.363099873752193,NORMAL_SIZE_OK,PORTFOLIO_OPEN_RISK_EXCEEDED
2025-02-05 04:00:00,4788,medium,long,9860.448535015035,13.036605117199919,2859.29,2826.698487207,32.591512792999794,0.02117825588014143,0.02,0.0,0.01,0.01,False,False,65.18302558599959,0.37850000000000006,0.1785,0.557,65.74002558599959,0.6667042107927735,364.4811919966414,430.22121758264103,3.69639566295942,4.363099873752193,NORMAL_SIZE_OK,PORTFOLIO_OPEN_RISK_EXCEEDED
2025-02-05 08:00:00,4789,fast,long,9882.328535015035,13.24927486133992,2870.23,2837.1068128466504,33.123187153349804,0.020884554202118596,0.02,0.0,0.01,0.01,False,False,66.24637430669961,0.37850000000000006,0.1785,0.557,66.80337430669961,0.6759881951910636,386.36119199664154,453.16456630334113,3.909616955434014,4.585605150625077,NORMAL_SIZE_OK,PORTFOLIO_OPEN_RISK_EXCEEDED
2025-02-05 08:00:00,4789,medium,long,9882.328535015035,13.24927486133992,2870.23,2837.1068128466504,33.123187153349804,0.020884554202118596,0.02,0.0,0.01,0.01,False,False,66.24637430669961,0.37850000000000006,0.1785,0.557,66.80337430669961,0.6759881951910636,386.36119199664154,453.16456630334113,3.909616955434014,4.585605150625077,NORMAL_SIZE_OK,PORTFOLIO_OPEN_RISK_EXCEEDED
2025-02-10 08:00:00,4807,fast,long,9942.748535015035,14.970431553982397,2903.06,2865.633921115044,37.42607888495599,0.018596455150710903,0.01,0.0,0.01,0.01,False,False,37.42607888495599,0.18925000000000003,0.08925,0.2785,37.70457888495599,0.3792168609331019,452.0211919966414,489.7257708815974,4.546239808889604,4.925456669822706,NORMAL_SIZE_OK,PORTFOLIO_OPEN_RISK_EXCEEDED
2025-02-10 08:00:00,4807,medium,long,9942.748535015035,14.970431553982397,2903.06,2865.633921115044,37.42607888495599,0.018596455150710903,0.01,0.0,0.01,0.01,False,False,37.42607888495599,0.18925000000000003,0.08925,0.2785,37.70457888495599,0.3792168609331019,452.0211919966414,489.7257708815974,4.546239808889604,4.925456669822706,NORMAL_SIZE_OK,PORTFOLIO_OPEN_RISK_EXCEEDED
2025-02-11 00:00:00,4811,fast,long,10003.340535015035,15.214889440915888,2933.88,2895.84277639771,38.03722360228972,0.01840917320287542,0.01,0.0,0.01,0.01,False,False,38.03722360228972,0.25925000000000004,0.08925,0.34850000000000003,38.38572360228972,0.3837290499901194,513.6611919966417,552.0469155989315,5.134896589780743,5.518625639770863,NORMAL_SIZE_OK,PORTFOLIO_OPEN_RISK_EXCEEDED
2025-02-11 00:00:00,4811,medium,long,10003.340535015035,15.214889440915888,2933.88,2895.84277639771,38.03722360228972,0.01840917320287542,0.01,0.0,0.01,0.01,False,False,38.03722360228972,0.25925000000000004,0.08925,0.34850000000000003,38.38572360228972,0.3837290499901194,513.6611919966417,552.0469155989315,5.134896589780743,5.518625639770863,NORMAL_SIZE_OK,PORTFOLIO_OPEN_RISK_EXCEEDED
2025-02-19 08:00:00,4849,fast,long,10014.024535015036,14.343572273332066,2945.51,2909.65106931667,35.858930683330165,0.019548316251854093,0.01,0.0,0.01,0.01,False,False,35.858930683330165,0.18925000000000003,0.08925,0.2785,36.137430683330166,0.36086820595427976,536.9211919966419,573.0586226799721,5.361692395692096,5.722560601646375,NORMAL_SIZE_OK,PORTFOLIO_OPEN_RISK_EXCEEDED
2025-02-19 08:00:00,4849,medium,long,10014.024535015036,14.343572273332066,2945.51,2909.65106931667,35.858930683330165,0.019548316251854093,0.01,0.0,0.01,0.01,False,False,35.858930683330165,0.18925000000000003,0.08925,0.2785,36.137430683330166,0.36086820595427976,536.9211919966419,573.0586226799721,5.361692395692096,5.722560601646375,NORMAL_SIZE_OK,PORTFOLIO_OPEN_RISK_EXCEEDED
2025-02-20 08:00:00,4855,fast,long,10025.016535015035,14.327185853688746,2951.53,2915.7120353657783,35.817964634221866,0.019592156188031194,0.01,0.0,0.01,0.01,False,False,35.817964634221866,0.18925000000000003,0.08925,0.2785,36.09646463422187,0.3600638912479133,548.9611919966419,585.0576566308638,5.475913082828831,5.835976974076745,NORMAL_SIZE_OK,PORTFOLIO_OPEN_RISK_EXCEEDED
2025-02-20 08:00:00,4855,medium,long,10025.016535015035,14.327185853688746,2951.53,2915.7120353657783,35.817964634221866,0.019592156188031194,0.01,0.0,0.01,0.01,False,False,35.817964634221866,0.18925000000000003,0.08925,0.2785,36.09646463422187,0.3600638912479133,548.9611919966419,585.0576566308638,5.475913082828831,5.835976974076745,NORMAL_SIZE_OK,PORTFOLIO_OPEN_RISK_EXCEEDED
2025-02-25 16:00:00,4875,fast,short,9931.776535015035,17.545281231733128,2907.53,2951.393203079333,43.86320307933282,0.01584983103476599,0.01,0.0,0.01,0.01,False,False,43.86320307933282,0.08925,0.18925000000000003,0.2785,44.14170307933282,0.44444921735511034,460.96119199664196,505.1028950759748,4.641276315183869,5.08572553253898,NORMAL_SIZE_OK,PORTFOLIO_OPEN_RISK_EXCEEDED
2025-02-27 08:00:00,4885,fast,short,9887.364535015036,16.84509647316289,2887.42,2929.532741182907,42.11274118290723,0.0164348246637521,0.01,0.0,0.01,0.01,False,False,42.11274118290723,0.08925,0.18925000000000003,0.2785,42.39124118290723,0.42874156235246735,420.74119199664165,463.13243317954885,4.255342164301033,4.6840837266535,NORMAL_SIZE_OK,PORTFOLIO_OPEN_RISK_EXCEEDED
2025-02-28 04:00:00,4890,fast,short,9887.066035015036,16.966654910031924,2864.02,2906.4366372750796,42.41663727507981,0.016316583937634885,0.01,0.01,0.01,0.01,False,False,42.416637275079815,0.08925,0.18925000000000003,0.2785,42.695137275079816,0.43182817960227055,0.0,42.695137275079816,0.0,0.43182817960227055,NORMAL_SIZE_OK,ORDER_ACCEPTED_NORMAL_SIZE
2025-02-28 04:00:00,4890,medium,short,9887.066035015036,16.966654910031924,2864.02,2906.4366372750796,42.41663727507981,0.016316583937634885,0.01,0.01,0.01,0.01,False,False,42.416637275079815,0.08925,0.18925000000000003,0.2785,42.695137275079816,0.43182817960227055,0.0,42.695137275079816,0.0,0.43182817960227055,NORMAL_SIZE_OK,ORDER_ACCEPTED_NORMAL_SIZE
2025-03-04 12:00:00,4904,fast,long,9819.132997739955,17.339790150478272,2922.62,2879.2705246238042,43.349475376195684,0.01585576996900019,0.01,0.01,0.01,0.01,False,False,43.34947537619569,0.18925000000000003,0.08925,0.2785,43.62797537619569,0.4443159633975569,0.0,43.62797537619569,0.0,0.4443159633975569,NORMAL_SIZE_OK,ORDER_ACCEPTED_NORMAL_SIZE
2025-03-10 16:00:00,4929,fast,short,9788.328497739954,16.981591597390196,2886.18,2928.6339789934755,42.45397899347549,0.016139429355893797,0.01,0.01,0.01,0.01,False,False,42.45397899347549,0.08925,0.18925000000000003,0.2785,42.73247899347549,0.43656564042923235,0.0,42.73247899347549,0.0,0.43656564042923235,NORMAL_SIZE_OK,ORDER_ACCEPTED_NORMAL_SIZE
2025-03-12 16:00:00,4941,fast,long,9739.212447739954,15.429155218994005,2936.19,2897.617111952515,38.57288804748501,0.017674198273734062,0.01,0.01,0.01,0.01,False,False,38.57288804748501,0.18925000000000003,0.08925,0.2785,38.85138804748501,0.39891714300267395,0.0,38.85138804748501,0.0,0.39891714300267395,NORMAL_SIZE_OK,ORDER_ACCEPTED_NORMAL_SIZE
2025-03-12 16:00:00,4941,medium,long,9739.212447739954,15.429155218994005,2936.19,2897.617111952515,38.57288804748501,0.017674198273734062,0.01,0.01,0.01,0.01,False,False,38.57288804748501,0.18925000000000003,0.08925,0.2785,38.85138804748501,0.39891714300267395,0.0,38.85138804748501,0.0,0.39891714300267395,NORMAL_SIZE_OK,ORDER_ACCEPTED_NORMAL_SIZE
2025-03-13 16:00:00,4947,slow,long,9831.552718746478,15.473165954426868,2979.41,2940.727085113933,38.68291488606717,0.017791024599341475,0.01,0.0,0.01,0.01,False,False,38.68291488606717,0.18925000000000003,0.08925,0.2785,38.96141488606717,0.3962895383938372,163.76427609496935,202.7256909810365,1.6657010421427032,2.0619905805365404,NORMAL_SIZE_OK,PORTFOLIO_OPEN_RISK_EXCEEDED
2025-03-13 20:00:00,4948,slow,long,9849.992718746478,15.201507656705523,2988.63,2950.6262308582363,38.00376914176381,0.018142923870004667,0.01,0.0,0.01,0.01,False,False,38.00376914176381,0.18925000000000003,0.08925,0.2785,38.28226914176381,0.3886527658939799,182.20427609496986,220.48654523673366,1.8497909724156365,2.2384437383096163,NORMAL_SIZE_OK,PORTFOLIO_OPEN_RISK_EXCEEDED
2025-03-14 08:00:00,4951,slow,long,9869.124718746476,14.922950127167885,2998.72,2961.41262468208,37.307375317919714,0.018517484128143028,0.01,0.0,0.01,0.01,False,False,37.307375317919714,0.18925000000000003,0.08925,0.2785,37.585875317919715,0.3808430472717106,202.38427609496924,239.97015141288895,2.0506811076218217,2.4315241548935322,NORMAL_SIZE_OK,PORTFOLIO_OPEN_RISK_EXCEEDED
2025-03-18 00:00:00,4961,slow,long,9878.772718746477,13.704715594683032,3005.64,2971.3782110132925,34.26178898670758,0.020183245264295383,0.02,0.0,0.01,0.01,False,False,68.52357797341516,0.5185000000000001,0.1785,0.6970000000000001,69.22057797341516,0.700700177483166,216.22427609496938,285.44485406838453,2.188776705882208,2.889476883365374,NORMAL_SIZE_OK,PORTFOLIO_OPEN_RISK_EXCEEDED
2025-03-18 04:00:00,4962,slow,long,9891.452718746477,13.740479814948884,3011.98,2977.6288004626276,34.35119953737221,0.0201565505611808,0.02,0.0,0.01,0.01,False,False,68.70239907474442,0.37850000000000006,0.1785,0.557,69.25939907474442,0.7001944107105991,228.90427609496967,298.1636751697141,2.31416236425157,3.0143567749621694,NORMAL_SIZE_OK,PORTFOLIO_OPEN_RISK_EXCEEDED
2025-03-18 08:00:00,4963,slow,long,9907.992718746478,13.949955824201432,3020.25,2985.3751104394964,34.874889560503576,0.019887073451774363,0.01,0.0,0.01,0.01,False,False,34.874889560503576,0.18925000000000003,0.08925,0.2785,35.15338956050358,0.3547982982869113,245.44427609496964,280.59766565547324,2.477235127863743,2.8320334261506543,NORMAL_SIZE_OK,PORTFOLIO_OPEN_RISK_EXCEEDED
2025-03-18 12:00:00,4964,slow,long,9933.972718746478,14.183958032991365,3033.24,2997.7801049175214,35.45989508247841,0.01961026925474059,0.01,0.0,0.01,0.01,False,False,35.45989508247841,0.18925000000000003,0.08925,0.2785,35.73839508247841,0.35975934396353043,271.4242760949692,307.1626711774476,2.7322832846396112,3.0920426286031417,NORMAL_SIZE_OK,PORTFOLIO_OPEN_RISK_EXCEEDED
2025-03-19 04:00:00,4968,slow,long,9953.328718746478,13.52027284260917,3044.49,3010.689317893477,33.80068210652293,0.020612986688153145,0.02,0.0,0.01,0.01,False,False,67.60136421304585,0.37850000000000006,0.1785,0.557,68.15836421304586,0.6847795962437552,293.9242760949692,362.082640308015,2.953024906545898,3.637804502789653,NORMAL_SIZE_OK,PORTFOLIO_OPEN_RISK_EXCEEDED
2025-03-19 20:00:00,4972,slow,long,9958.728718746479,14.284094169510464,3047.19,3011.4797645762237,35.71023542377616,0.01952132216546832,0.01,0.0,0.01,0.01,False,False,35.71023542377616,0.18925000000000003,0.08925,0.2785,35.98873542377616,0.3613788108921007,299.3242760949697,335.3130115187459,3.0056474530882307,3.3670262639803314,NORMAL_SIZE_OK,PORTFOLIO_OPEN_RISK_EXCEEDED
2025-03-27 08:00:00,5005,fast,long,9904.36146874648,12.936570706628832,3039.96,3007.618573233428,32.34142676657208,0.02143706608296113,0.02,0.0,0.01,0.01,False,False,64.68285353314415,0.37850000000000006,0.1785,0.557,65.23985353314416,0.6586982284421923,142.43213804748484,207.671991580629,1.4380749177716694,2.0967731462138617,NORMAL_SIZE_OK,PORTFOLIO_OPEN_RISK_EXCEEDED
2025-03-28 00:00:00,5009,fast,long,9937.857468746477,13.601673756616101,3073.98,3039.97581560846,34.00418439154025,0.02045777704303124,0.02,0.0,0.01,0.01,False,False,68.0083687830805,0.5185000000000001,0.1785,0.6970000000000001,68.7053687830805,0.691349911177049,176.4521380474848,245.1575068305653,1.7755551294875012,2.46690504066455,NORMAL_SIZE_OK,PORTFOLIO_OPEN_RISK_EXCEEDED
2025-03-28 00:00:00,5009,slow,long,9937.857468746477,13.601673756616101,3073.98,3039.97581560846,34.00418439154025,0.02045777704303124,0.02,0.0,0.01,0.01,False,False,68.0083687830805,0.5185000000000001,0.1785,0.6970000000000001,68.7053687830805,0.691349911177049,176.4521380474848,245.1575068305653,1.7755551294875012,2.46690504066455,NORMAL_SIZE_OK,PORTFOLIO_OPEN_RISK_EXCEEDED
2025-03-28 04:00:00,5010,fast,long,9941.667468746477,13.546090068785285,3077.79,3043.924774828037,33.86522517196321,0.02054959679962199,0.02,0.0,0.01,0.01,False,False,67.73045034392642,0.37850000000000006,0.1785,0.557,68.28745034392642,0.686881255670651,180.26213804748477,248.5495883914112,1.81319822468588,2.500079480356531,NORMAL_SIZE_OK,PORTFOLIO_OPEN_RISK_EXCEEDED
2025-03-28 04:00:00,5010,slow,long,9941.667468746477,13.546090068785285,3077.79,3043.924774828037,33.86522517196321,0.02054959679962199,0.02,0.0,0.01,0.01,False,False,67.73045034392642,0.37850000000000006,0.1785,0.557,68.28745034392642,0.686881255670651,180.26213804748477,248.5495883914112,1.81319822468588,2.500079480356531,NORMAL_SIZE_OK,PORTFOLIO_OPEN_RISK_EXCEEDED
2025-03-31 04:00:00,5016,fast,long,9975.645468746477,15.733623615646186,3113.34,3074.005940960885,39.334059039115466,0.017752939815284224,0.01,0.0,0.01,0.01,False,False,39.334059039115466,0.25925000000000004,0.08925,0.34850000000000003,39.68255903911547,0.39779440000589666,215.81213804748495,255.4946970866004,2.163390215937611,2.561184615943508,NORMAL_SIZE_OK,PORTFOLIO_OPEN_RISK_EXCEEDED
2025-03-31 04:00:00,5016,slow,long,9975.645468746477,15.733623615646186,3113.34,3074.005940960885,39.334059039115466,0.017752939815284224,0.01,0.0,0.01,0.01,False,False,39.334059039115466,0.25925000000000004,0.08925,0.34850000000000003,39.68255903911547,0.39779440000589666,215.81213804748495,255.4946970866004,2.163390215937611,2.561184615943508,NORMAL_SIZE_OK,PORTFOLIO_OPEN_RISK_EXCEEDED
2025-03-31 08:00:00,5017,fast,long,9984.545468746477,15.975942434863873,3122.24,3082.30014391284,39.93985608715968,0.01749926642917848,0.01,0.0,0.01,0.01,False,False,39.93985608715968,0.18925000000000003,0.08925,0.2785,40.218356087159684,0.40280607878496594,224.7121380474846,264.9304941346443,2.250599576624457,2.653405655409423,NORMAL_SIZE_OK,PORTFOLIO_OPEN_RISK_EXCEEDED
2025-03-31 08:00:00,5017,slow,long,9984.545468746477,15.975942434863873,3122.24,3082.30014391284,39.93985608715968,0.01749926642917848,0.01,0.0,0.01,0.01,False,False,39.93985608715968,0.18925000000000003,0.08925,0.2785,40.218356087159684,0.40280607878496594,224.7121380474846,264.9304941346443,2.250599576624457,2.653405655409423,NORMAL_SIZE_OK,PORTFOLIO_OPEN_RISK_EXCEEDED
2025-04-01 04:00:00,5022,fast,long,10006.411468746479,15.98483478344496,3144.63,3104.6679130413877,39.9620869586124,0.017527833407141334,0.01,0.0,0.01,0.01,False,False,39.9620869586124,0.25925000000000004,0.08925,0.34850000000000003,40.310586958612404,0.40284758511596747,247.1021380474849,287.41272500609733,2.469438107949801,2.872285693065768,NORMAL_SIZE_OK,PORTFOLIO_OPEN_RISK_EXCEEDED
2025-04-01 04:00:00,5022,slow,long,10006.411468746479,15.98483478344496,3144.63,3104.6679130413877,39.9620869586124,0.017527833407141334,0.01,0.0,0.01,0.01,False,False,39.9620869586124,0.25925000000000004,0.08925,0.34850000000000003,40.310586958612404,0.40284758511596747,247.1021380474849,287.41272500609733,2.469438107949801,2.872285693065768,NORMAL_SIZE_OK,PORTFOLIO_OPEN_RISK_EXCEEDED
2025-04-03 00:00:00,5033,fast,long,10010.965468746479,20.03667873320025,3151.28,3101.1883031669995,50.091696833000626,0.01398969544091357,0.01,0.0,0.01,0.01,False,False,50.091696833000626,0.25925000000000004,0.08925,0.34850000000000003,50.44019683300063,0.503849473764257,253.75213804748503,304.19233488048565,2.534741917147563,3.03859139091182,NORMAL_SIZE_OK,PORTFOLIO_OPEN_RISK_EXCEEDED
2025-04-03 00:00:00,5033,slow,long,10010.965468746479,20.03667873320025,3151.28,3101.1883031669995,50.091696833000626,0.01398969544091357,0.01,0.0,0.01,0.01,False,False,50.091696833000626,0.25925000000000004,0.08925,0.34850000000000003,50.44019683300063,0.503849473764257,253.75213804748503,304.19233488048565,2.534741917147563,3.03859139091182,NORMAL_SIZE_OK,PORTFOLIO_OPEN_RISK_EXCEEDED
2025-04-03 12:00:00,5036,fast,short,9936.095468746478,22.798927428877576,3076.41,3133.4073185721936,56.99731857219394,0.01220279655667109,0.01,0.0,0.01,0.01,False,False,56.99731857219395,0.08925,0.18925000000000003,0.2785,57.27581857219395,0.5764419107319605,178.88213804748466,236.1579566196786,1.8003262811850995,2.37676819191706,NORMAL_SIZE_OK,PORTFOLIO_OPEN_RISK_EXCEEDED
2025-04-07 00:00:00,5045,fast,short,9935.986218746477,31.158915003658265,2978.97,3056.8672875091456,77.89728750914566,0.008928668218782264,0.0,0.0,0.01,0.01,False,False,0.0,0.0,0.0,0.0,0.0,0.0,0.0,0.0,0.0,0.0,NORMAL_SIZE_BELOW_MINIMUM,OVERRIDE_DISABLED
2025-04-07 00:00:00,5045,medium,short,9935.986218746477,31.158915003658265,2978.97,3056.8672875091456,77.89728750914566,0.008928668218782264,0.0,0.0,0.01,0.01,False,False,0.0,0.0,0.0,0.0,0.0,0.0,0.0,0.0,0.0,0.0,NORMAL_SIZE_BELOW_MINIMUM,OVERRIDE_DISABLED
2025-04-07 16:00:00,5049,fast,short,9935.986218746477,35.25776263869844,2970.6,3058.744406596746,88.1444065967461,0.007890676926264868,0.0,0.0,0.01,0.01,False,False,0.0,0.0,0.0,0.0,0.0,0.0,0.0,0.0,0.0,0.0,NORMAL_SIZE_BELOW_MINIMUM,OVERRIDE_DISABLED
2025-04-07 16:00:00,5049,medium,short,9935.986218746477,35.25776263869844,2970.6,3058.744406596746,88.1444065967461,0.007890676926264868,0.0,0.0,0.01,0.01,False,False,0.0,0.0,0.0,0.0,0.0,0.0,0.0,0.0,0.0,0.0,NORMAL_SIZE_BELOW_MINIMUM,OVERRIDE_DISABLED
2025-04-10 04:00:00,5064,fast,long,9935.986218746477,35.014902305336776,3125.3,3037.7627442366584,87.53725576334193,0.007945405978828007,0.0,0.0,0.01,0.01,False,False,0.0,0.0,0.0,0.0,0.0,0.0,0.0,0.0,0.0,0.0,NORMAL_SIZE_BELOW_MINIMUM,OVERRIDE_DISABLED
2025-04-10 16:00:00,5067,fast,long,9935.986218746477,35.65323561403813,3158.26,3069.1269109649047,89.13308903509532,0.007803151925301267,0.0,0.0,0.01,0.01,False,False,0.0,0.0,0.0,0.0,0.0,0.0,0.0,0.0,0.0,0.0,NORMAL_SIZE_BELOW_MINIMUM,OVERRIDE_DISABLED
2025-04-10 20:00:00,5068,fast,long,9935.986218746477,35.10807383333622,3175.37,3087.599815416659,87.77018458334055,0.0079243200708076,0.0,0.0,0.01,0.01,False,False,0.0,0.0,0.0,0.0,0.0,0.0,0.0,0.0,0.0,0.0,NORMAL_SIZE_BELOW_MINIMUM,OVERRIDE_DISABLED
2025-04-10 20:00:00,5068,medium,long,9935.986218746477,35.10807383333622,3175.37,3087.599815416659,87.77018458334055,0.0079243200708076,0.0,0.0,0.01,0.01,False,False,0.0,0.0,0.0,0.0,0.0,0.0,0.0,0.0,0.0,0.0,NORMAL_SIZE_BELOW_MINIMUM,OVERRIDE_DISABLED
2025-04-10 20:00:00,5068,slow,long,9935.986218746477,35.10807383333622,3175.37,3087.599815416659,87.77018458334055,0.0079243200708076,0.0,0.0,0.01,0.01,False,False,0.0,0.0,0.0,0.0,0.0,0.0,0.0,0.0,0.0,0.0,NORMAL_SIZE_BELOW_MINIMUM,OVERRIDE_DISABLED
2025-04-11 00:00:00,5069,fast,long,9935.986218746477,35.48867014166942,3205.42,3116.6983246458267,88.72167535417354,0.007839336132188306,0.0,0.0,0.01,0.01,False,False,0.0,0.0,0.0,0.0,0.0,0.0,0.0,0.0,0.0,0.0,NORMAL_SIZE_BELOW_MINIMUM,OVERRIDE_DISABLED
2025-04-11 00:00:00,5069,medium,long,9935.986218746477,35.48867014166942,3205.42,3116.6983246458267,88.72167535417354,0.007839336132188306,0.0,0.0,0.01,0.01,False,False,0.0,0.0,0.0,0.0,0.0,0.0,0.0,0.0,0.0,0.0,NORMAL_SIZE_BELOW_MINIMUM,OVERRIDE_DISABLED
2025-04-11 00:00:00,5069,slow,long,9935.986218746477,35.48867014166942,3205.42,3116.6983246458267,88.72167535417354,0.007839336132188306,0.0,0.0,0.01,0.01,False,False,0.0,0.0,0.0,0.0,0.0,0.0,0.0,0.0,0.0,0.0,NORMAL_SIZE_BELOW_MINIMUM,OVERRIDE_DISABLED
2025-04-11 12:00:00,5072,fast,long,9935.986218746477,34.55134481271379,3233.59,3147.2116379682157,86.37836203178449,0.008052005374405275,0.0,0.0,0.01,0.01,False,False,0.0,0.0,0.0,0.0,0.0,0.0,0.0,0.0,0.0,0.0,NORMAL_SIZE_BELOW_MINIMUM,OVERRIDE_DISABLED
2025-04-11 12:00:00,5072,medium,long,9935.986218746477,34.55134481271379,3233.59,3147.2116379682157,86.37836203178449,0.008052005374405275,0.0,0.0,0.01,0.01,False,False,0.0,0.0,0.0,0.0,0.0,0.0,0.0,0.0,0.0,0.0,NORMAL_SIZE_BELOW_MINIMUM,OVERRIDE_DISABLED
2025-04-11 12:00:00,5072,slow,long,9935.986218746477,34.55134481271379,3233.59,3147.2116379682157,86.37836203178449,0.008052005374405275,0.0,0.0,0.01,0.01,False,False,0.0,0.0,0.0,0.0,0.0,0.0,0.0,0.0,0.0,0.0,NORMAL_SIZE_BELOW_MINIMUM,OVERRIDE_DISABLED
2025-04-16 00:00:00,5087,fast,long,9935.986218746477,27.12144530397471,3264.43,3196.626386740063,67.80361325993678,0.010257846180643232,0.01,0.01,0.01,0.01,False,False,67.80361325993678,0.25925000000000004,0.08925,0.34850000000000003,68.15211325993678,0.6859119141223492,0.0,68.15211325993678,0.0,0.6859119141223492,NORMAL_SIZE_OK,ORDER_ACCEPTED_NORMAL_SIZE
2025-04-16 00:00:00,5087,medium,long,9935.986218746477,27.12144530397471,3264.43,3196.626386740063,67.80361325993678,0.010257846180643232,0.01,0.01,0.01,0.01,False,False,67.80361325993678,0.25925000000000004,0.08925,0.34850000000000003,68.15211325993678,0.6859119141223492,0.0,68.15211325993678,0.0,0.6859119141223492,NORMAL_SIZE_OK,ORDER_ACCEPTED_NORMAL_SIZE
2025-04-16 00:00:00,5087,slow,long,9935.986218746477,27.12144530397471,3264.43,3196.626386740063,67.80361325993678,0.010257846180643232,0.01,0.01,0.01,0.01,False,False,67.80361325993678,0.25925000000000004,0.08925,0.34850000000000003,68.15211325993678,0.6859119141223492,0.0,68.15211325993678,0.0,0.6859119141223492,NORMAL_SIZE_OK,ORDER_ACCEPTED_NORMAL_SIZE
2025-05-01 00:00:00,5147,fast,short,9895.023218746475,31.819798626243927,3246.66,3326.2094965656097,79.54949656560981,0.008707177986236242,0.0,0.0,0.01,0.01,False,False,0.0,0.0,0.0,0.0,0.0,0.0,100.24572651987366,100.24572651987366,1.0130923829461516,1.0130923829461516,NORMAL_SIZE_BELOW_MINIMUM,OVERRIDE_DISABLED
2025-05-01 00:00:00,5147,medium,short,9895.023218746475,31.819798626243927,3246.66,3326.2094965656097,79.54949656560981,0.008707177986236242,0.0,0.0,0.01,0.01,False,False,0.0,0.0,0.0,0.0,0.0,0.0,50.12286325993683,50.12286325993683,0.5065461914730758,0.5065461914730758,NORMAL_SIZE_BELOW_MINIMUM,OVERRIDE_DISABLED
2025-05-01 04:00:00,5148,fast,short,9894.864718746478,31.756808694931728,3226.58,3305.972021737329,79.39202173732932,0.00872430900681524,0.0,0.0,0.01,0.01,False,False,0.0,0.0,0.0,0.0,0.0,0.0,0.0,0.0,0.0,0.0,NORMAL_SIZE_BELOW_MINIMUM,OVERRIDE_DISABLED
2025-05-01 04:00:00,5148,medium,short,9894.864718746478,31.756808694931728,3226.58,3305.972021737329,79.39202173732932,0.00872430900681524,0.0,0.0,0.01,0.01,False,False,0.0,0.0,0.0,0.0,0.0,0.0,0.0,0.0,0.0,0.0,NORMAL_SIZE_BELOW_MINIMUM,OVERRIDE_DISABLED
2025-05-05 20:00:00,5164,fast,long,9894.864718746478,28.59468534227722,3333.57,3262.083286644307,71.48671335569306,0.009689080638886205,0.0,0.0,0.01,0.01,False,False,0.0,0.0,0.0,0.0,0.0,0.0,0.0,0.0,0.0,0.0,NORMAL_SIZE_BELOW_MINIMUM,OVERRIDE_DISABLED
2025-05-06 04:00:00,5166,fast,long,9894.864718746478,29.374103521405186,3363.13,3289.694741196487,73.43525880351297,0.00943198868768907,0.0,0.0,0.01,0.01,False,False,0.0,0.0,0.0,0.0,0.0,0.0,0.0,0.0,0.0,0.0,NORMAL_SIZE_BELOW_MINIMUM,OVERRIDE_DISABLED
2025-05-06 12:00:00,5168,fast,long,9894.864718746478,29.112778428068157,3391.03,3318.24805392983,72.78194607017039,0.009516653067293174,0.0,0.0,0.01,0.01,False,False,0.0,0.0,0.0,0.0,0.0,0.0,0.0,0.0,0.0,0.0,NORMAL_SIZE_BELOW_MINIMUM,OVERRIDE_DISABLED
2025-05-06 12:00:00,5168,medium,long,9894.864718746478,29.112778428068157,3391.03,3318.24805392983,72.78194607017039,0.009516653067293174,0.0,0.0,0.01,0.01,False,False,0.0,0.0,0.0,0.0,0.0,0.0,0.0,0.0,0.0,0.0,NORMAL_SIZE_BELOW_MINIMUM,OVERRIDE_DISABLED
2025-05-06 16:00:00,5169,fast,long,9894.864718746478,29.323639506664744,3408.97,3335.660901233338,73.30909876666186,0.009448220506937121,0.0,0.0,0.01,0.01,False,False,0.0,0.0,0.0,0.0,0.0,0.0,0.0,0.0,0.0,0.0,NORMAL_SIZE_BELOW_MINIMUM,OVERRIDE_DISABLED
2025-05-06 16:00:00,5169,medium,long,9894.864718746478,29.323639506664744,3408.97,3335.660901233338,73.30909876666186,0.009448220506937121,0.0,0.0,0.01,0.01,False,False,0.0,0.0,0.0,0.0,0.0,0.0,0.0,0.0,0.0,0.0,NORMAL_SIZE_BELOW_MINIMUM,OVERRIDE_DISABLED
2025-05-06 20:00:00,5170,fast,long,9894.864718746478,29.229957531331497,3430.36,3357.2851061716715,73.07489382832874,0.009478502041199537,0.0,0.0,0.01,0.01,False,False,0.0,0.0,0.0,0.0,0.0,0.0,0.0,0.0,0.0,0.0,NORMAL_SIZE_BELOW_MINIMUM,OVERRIDE_DISABLED
2025-05-06 20:00:00,5170,medium,long,9894.864718746478,29.229957531331497,3430.36,3357.2851061716715,73.07489382832874,0.009478502041199537,0.0,0.0,0.01,0.01,False,False,0.0,0.0,0.0,0.0,0.0,0.0,0.0,0.0,0.0,0.0,NORMAL_SIZE_BELOW_MINIMUM,OVERRIDE_DISABLED
2025-05-12 08:00:00,5191,fast,short,9894.864718746478,33.66133076487235,3231.41,3315.563326912181,84.15332691218089,0.008230696940063533,0.0,0.0,0.01,0.01,False,False,0.0,0.0,0.0,0.0,0.0,0.0,0.0,0.0,0.0,0.0,NORMAL_SIZE_BELOW_MINIMUM,OVERRIDE_DISABLED
2025-05-14 12:00:00,5204,fast,short,9894.864718746478,29.911242271939987,3184.73,3259.50810567985,74.77810567984997,0.009262611348804137,0.0,0.0,0.01,0.01,False,False,0.0,0.0,0.0,0.0,0.0,0.0,0.0,0.0,0.0,0.0,NORMAL_SIZE_BELOW_MINIMUM,OVERRIDE_DISABLED
2025-05-14 12:00:00,5204,medium,short,9894.864718746478,29.911242271939987,3184.73,3259.50810567985,74.77810567984997,0.009262611348804137,0.0,0.0,0.01,0.01,False,False,0.0,0.0,0.0,0.0,0.0,0.0,0.0,0.0,0.0,0.0,NORMAL_SIZE_BELOW_MINIMUM,OVERRIDE_DISABLED
2025-05-14 12:00:00,5204,slow,short,9894.864718746478,29.911242271939987,3184.73,3259.50810567985,74.77810567984997,0.009262611348804137,0.0,0.0,0.01,0.01,False,False,0.0,0.0,0.0,0.0,0.0,0.0,0.0,0.0,0.0,0.0,NORMAL_SIZE_BELOW_MINIMUM,OVERRIDE_DISABLED
2025-05-15 04:00:00,5208,fast,short,9894.864718746478,29.775113463259338,3138.58,3213.0177836581483,74.43778365814835,0.009304959071500155,0.0,0.0,0.01,0.01,False,False,0.0,0.0,0.0,0.0,0.0,0.0,0.0,0.0,0.0,0.0,NORMAL_SIZE_BELOW_MINIMUM,OVERRIDE_DISABLED
2025-05-15 04:00:00,5208,medium,short,9894.864718746478,29.775113463259338,3138.58,3213.0177836581483,74.43778365814835,0.009304959071500155,0.0,0.0,0.01,0.01,False,False,0.0,0.0,0.0,0.0,0.0,0.0,0.0,0.0,0.0,0.0,NORMAL_SIZE_BELOW_MINIMUM,OVERRIDE_DISABLED
2025-05-15 04:00:00,5208,slow,short,9894.864718746478,29.775113463259338,3138.58,3213.0177836581483,74.43778365814835,0.009304959071500155,0.0,0.0,0.01,0.01,False,False,0.0,0.0,0.0,0.0,0.0,0.0,0.0,0.0,0.0,0.0,NORMAL_SIZE_BELOW_MINIMUM,OVERRIDE_DISABLED
2025-05-20 16:00:00,5229,fast,long,9894.864718746478,30.056366163043993,3278.96,3203.81908459239,75.14091540760998,0.009217887838535775,0.0,0.0,0.01,0.01,False,False,0.0,0.0,0.0,0.0,0.0,0.0,0.0,0.0,0.0,0.0,NORMAL_SIZE_BELOW_MINIMUM,OVERRIDE_DISABLED
2025-05-20 20:00:00,5230,fast,long,9894.864718746478,29.42104785489179,3289.55,3215.997380362771,73.55261963722947,0.009416938971425374,0.0,0.0,0.01,0.01,False,False,0.0,0.0,0.0,0.0,0.0,0.0,0.0,0.0,0.0,0.0,NORMAL_SIZE_BELOW_MINIMUM,OVERRIDE_DISABLED
2025-05-21 00:00:00,5231,fast,long,9894.864718746478,28.73249546214718,3303.44,3231.608761344632,71.83123865536795,0.009642608749034741,0.0,0.0,0.01,0.01,False,False,0.0,0.0,0.0,0.0,0.0,0.0,0.0,0.0,0.0,0.0,NORMAL_SIZE_BELOW_MINIMUM,OVERRIDE_DISABLED
2025-05-22 04:00:00,5238,fast,long,9894.864718746478,26.702111793858634,3338.56,3271.8047205153534,66.75527948464659,0.010375816499600718,0.01,0.01,0.01,0.01,False,False,66.75527948464659,0.25925000000000004,0.08925,0.34850000000000003,67.1037794846466,0.6781677303532411,0.0,67.1037794846466,0.0,0.6781677303532411,NORMAL_SIZE_OK,ORDER_ACCEPTED_NORMAL_SIZE
2025-05-23 12:00:00,5246,medium,long,9912.451468746476,26.766146138284235,3356.89,3289.9746346542893,66.91536534571058,0.010369391233649328,0.01,0.01,0.01,0.01,False,False,66.91536534571058,0.18925000000000003,0.08925,0.2785,67.19386534571059,0.677873334942117,85.14452948464624,152.33839483035683,0.8589654108582847,1.5368387458004016,NORMAL_SIZE_OK,ORDER_ACCEPTED_NORMAL_SIZE
2025-05-29 00:00:00,5267,fast,short,9782.686353400764,23.78501222931387,3264.97,3324.4325305732846,59.46253057328468,0.01151629502034202,0.01,0.01,0.01,0.01,False,False,59.46253057328469,0.08925,0.25925000000000004,0.34850000000000003,59.81103057328469,0.6113967923799635,0.0,59.81103057328469,0.0,0.6113967923799635,NORMAL_SIZE_OK,ORDER_ACCEPTED_NORMAL_SIZE
2025-06-02 08:00:00,5281,fast,long,9722.94532282748,24.56441684842974,3352.09,3290.6789578789258,61.41104212107435,0.011082797964185024,0.01,0.01,0.01,0.01,False,False,61.41104212107435,0.18925000000000003,0.08925,0.2785,61.68954212107435,0.6344738150099433,0.0,61.68954212107435,0.0,0.6344738150099433,NORMAL_SIZE_OK,ORDER_ACCEPTED_NORMAL_SIZE
2025-06-02 16:00:00,5283,medium,long,9742.356072827479,24.508736205707823,3371.69,3310.4181594857305,61.271840514269556,0.011130152438282007,0.01,0.01,0.01,0.01,False,False,61.271840514269556,0.18925000000000003,0.08925,0.2785,61.55034051426956,0.631780855207503,81.1002921210743,142.65063263534387,0.8324505028847395,1.4642313580922426,NORMAL_SIZE_OK,ORDER_ACCEPTED_NORMAL_SIZE
2025-06-09 00:00:00,5309,fast,short,9637.97032282748,22.525241303233386,3305.44,3361.7531032580837,56.313103258083466,0.011980478495492605,0.01,0.01,0.01,0.01,False,False,56.313103258083466,0.08925,0.25925000000000004,0.34850000000000003,56.66160325808347,0.5878997481853703,0.0,56.66160325808347,0.0,0.5878997481853703,NORMAL_SIZE_OK,ORDER_ACCEPTED_NORMAL_SIZE
2025-06-12 00:00:00,5327,fast,long,9578.660072827479,21.60234020612644,3365.84,3311.834149484684,54.0058505153161,0.01241543645179271,0.01,0.01,0.01,0.01,False,False,54.0058505153161,0.25925000000000004,0.08925,0.34850000000000003,54.3543505153161,0.5674525466198269,0.0,54.3543505153161,0.0,0.5674525466198269,NORMAL_SIZE_OK,ORDER_ACCEPTED_NORMAL_SIZE
2025-06-13 00:00:00,5333,medium,long,9632.714469569395,22.96851918732719,3416.88,3359.458702031682,57.42129796831797,0.011742855642899171,0.01,0.01,0.01,0.01,False,False,57.42129796831798,0.25925000000000004,0.08925,0.34850000000000003,57.76979796831798,0.5997250115823315,105.14510051531626,162.91489848363423,1.0915417543775332,1.6912667659598646,NORMAL_SIZE_OK,ORDER_ACCEPTED_NORMAL_SIZE
2025-06-13 00:00:00,5333,slow,long,9632.714469569395,22.96851918732719,3416.88,3359.458702031682,57.42129796831797,0.011742855642899171,0.01,0.01,0.01,0.01,False,False,57.42129796831798,0.25925000000000004,0.08925,0.34850000000000003,57.76979796831798,0.5997250115823315,105.14510051531626,162.91489848363423,1.0915417543775332,1.6912667659598646,NORMAL_SIZE_OK,ORDER_ACCEPTED_NORMAL_SIZE
2025-06-24 08:00:00,5377,fast,short,9412.37887363276,22.056144969901784,3327.28,3382.420362424755,55.14036242475446,0.011948897181323291,0.01,0.01,0.01,0.01,False,False,55.14036242475446,0.08925,0.18925000000000003,0.2785,55.41886242475446,0.5887869917774065,0.0,55.41886242475446,0.0,0.5887869917774065,NORMAL_SIZE_OK,ORDER_ACCEPTED_NORMAL_SIZE
2025-06-24 12:00:00,5378,medium,short,9424.910373632758,22.176837721406706,3314.63,3370.0720943035167,55.44209430351677,0.01189968983751836,0.01,0.01,0.01,0.01,False,False,55.44209430351677,0.08925,0.18925000000000003,0.2785,55.72059430351677,0.591205561587104,68.00961242475442,123.73020672827118,0.7215942616814578,1.3127998232685618,NORMAL_SIZE_OK,ORDER_ACCEPTED_NORMAL_SIZE
2025-06-27 04:00:00,5394,fast,short,9414.004073632757,19.123858260625607,3293.92,3341.729645651564,47.80964565156402,0.013783417052636858,0.01,0.01,0.01,0.01,False,False,47.80964565156402,0.08925,0.25925000000000004,0.34850000000000003,48.15814565156402,0.5115585809703218,76.40134430351638,124.55948995508041,0.8115711838016443,1.323129764771966,NORMAL_SIZE_OK,ORDER_ACCEPTED_NORMAL_SIZE
2025-06-27 12:00:00,5396,slow,short,9461.454823632757,19.238432080214608,3270.15,3318.2460802005367,48.09608020053652,0.013770391160627369,0.01,0.0,0.01,0.01,False,False,48.09608020053652,0.08925,0.18925000000000003,0.2785,48.37458020053652,0.5112805705070517,171.87023995508045,220.24482015561696,1.8165307889626459,2.3278113594696976,NORMAL_SIZE_OK,PORTFOLIO_OPEN_RISK_EXCEEDED
2025-07-01 12:00:00,5408,fast,long,9334.01197363276,18.71568539015965,3354.64,3307.8507865246006,46.78921347539912,0.013964347541294499,0.01,0.01,0.01,0.01,False,False,46.78921347539912,0.18925000000000003,0.08925,0.2785,47.067713475399124,0.5042602645931743,15.611344303516587,62.67905777891571,0.1672522420971431,0.6715125066903174,NORMAL_SIZE_OK,ORDER_ACCEPTED_NORMAL_SIZE
2025-07-07 04:00:00,5429,fast,short,9301.518223632758,16.583267729448885,3307.76,3349.2181693236225,41.458169323622215,0.01570513812541411,0.01,0.01,0.01,0.01,False,False,41.458169323622215,0.08925,0.25925000000000004,0.34850000000000003,41.806669323622216,0.4494607043547177,0.0,41.806669323622216,0.0,0.4494607043547177,NORMAL_SIZE_OK,ORDER_ACCEPTED_NORMAL_SIZE
2025-07-11 12:00:00,5455,fast,long,9281.488723632758,15.442856060777329,3355.17,3316.5628598480566,38.60714015194332,0.016828602380215146,0.01,0.01,0.01,0.01,False,False,38.60714015194332,0.18925000000000003,0.08925,0.2785,38.88564015194332,0.4189590841492027,0.0,38.88564015194332,0.0,0.4189590841492027,NORMAL_SIZE_OK,ORDER_ACCEPTED_NORMAL_SIZE
2025-07-17 12:00:00,5479,fast,short,9253.284223632758,16.55960783706902,3313.05,3354.449019592673,41.39901959267255,0.015646020172152542,0.01,0.01,0.01,0.01,False,False,41.39901959267255,0.08925,0.18925000000000003,0.2785,41.67751959267255,0.4504078615269242,0.0,41.67751959267255,0.0,0.4504078615269242,NORMAL_SIZE_OK,ORDER_ACCEPTED_NORMAL_SIZE
2025-07-21 12:00:00,5491,fast,long,9211.842504040083,14.901060634332374,3387.27,3350.017348414169,37.25265158583093,0.017309612814999376,0.01,0.01,0.01,0.01,False,False,37.25265158583093,0.18925000000000003,0.08925,0.2785,37.53115158583093,0.4074228534559803,0.0,37.53115158583093,0.0,0.4074228534559803,NORMAL_SIZE_OK,ORDER_ACCEPTED_NORMAL_SIZE
2025-07-21 12:00:00,5491,medium,long,9211.842504040083,14.901060634332374,3387.27,3350.017348414169,37.25265158583093,0.017309612814999376,0.01,0.01,0.01,0.01,False,False,37.25265158583093,0.18925000000000003,0.08925,0.2785,37.53115158583093,0.4074228534559803,0.0,37.53115158583093,0.0,0.4074228534559803,NORMAL_SIZE_OK,ORDER_ACCEPTED_NORMAL_SIZE
2025-07-21 16:00:00,5492,slow,long,9228.204004040083,15.05100760261576,3395.64,3358.0124809934605,37.6275190065394,0.017167602258616625,0.01,0.01,0.01,0.01,False,False,37.6275190065394,0.18925000000000003,0.08925,0.2785,37.9060190065394,0.410762690009283,91.42380317166136,129.32982217820077,0.9906998494142119,1.401462539423495,NORMAL_SIZE_OK,ORDER_ACCEPTED_NORMAL_SIZE
2025-07-25 08:00:00,5514,fast,short,9105.714735033544,15.241135567508097,3345.48,3383.5828389187704,38.102838918770246,0.016728413145571462,0.01,0.01,0.01,0.01,False,False,38.102838918770246,0.08925,0.18925000000000003,0.2785,38.38133891877025,0.42150825097892614,0.0,38.38133891877025,0.0,0.42150825097892614,NORMAL_SIZE_OK,ORDER_ACCEPTED_NORMAL_SIZE
2025-07-30 16:00:00,5534,medium,short,9159.094183447713,15.426684306176101,3298.08,3336.6467107654403,38.566710765440256,0.016624093165234725,0.01,0.01,0.01,0.01,False,False,38.566710765440256,0.08925,0.18925000000000003,0.2785,38.84521076544026,0.42411629346099755,85.66208891877032,124.50729968421058,0.9352681302653114,1.359384423726309,NORMAL_SIZE_OK,ORDER_ACCEPTED_NORMAL_SIZE
2025-07-30 20:00:00,5535,slow,short,9205.274933447712,16.487350090867288,3274.95,3316.168375227168,41.218375227168224,0.015633057872611565,0.01,0.0,0.01,0.01,False,False,41.218375227168224,0.08925,0.18925000000000003,0.2785,41.496875227168225,0.4507945230010216,170.6880496842111,212.18492491137934,1.8542417355076455,2.3050362585086672,NORMAL_SIZE_OK,PORTFOLIO_OPEN_RISK_EXCEEDED
2025-08-01 12:00:00,5545,fast,long,9073.698133447713,17.75786088976704,3341.21,3296.8153477755823,44.394652224417605,0.014307103164826567,0.01,0.01,0.01,0.01,False,False,44.394652224417605,0.18925000000000003,0.08925,0.2785,44.673152224417606,0.4923367690593785,0.0,44.673152224417606,0.0,0.4923367690593785,NORMAL_SIZE_OK,ORDER_ACCEPTED_NORMAL_SIZE
2025-08-11 12:00:00,5581,fast,short,9091.966422682272,17.545440840750523,3356.89,3400.7536021018764,43.86360210187631,0.014509470702145885,0.01,0.01,0.01,0.01,False,False,43.86360210187632,0.08925,0.18925000000000003,0.2785,44.14210210187632,0.4855066555432099,0.0,44.14210210187632,0.0,0.4855066555432099,NORMAL_SIZE_OK,ORDER_ACCEPTED_NORMAL_SIZE
2025-08-19 16:00:00,5618,medium,short,9133.655172682273,14.122555149612332,3317.47,3352.7763878740307,35.30638787403083,0.01810878712285459,0.01,0.01,0.01,0.01,False,False,35.30638787403083,0.08925,0.18925000000000003,0.2785,35.584887874030834,0.3896018319200532,83.47285210187657,119.0577399759074,0.9139041328331992,1.3035059647532523,NORMAL_SIZE_OK,ORDER_ACCEPTED_NORMAL_SIZE
2025-08-26 00:00:00,5644,fast,long,9046.86903480824,13.694366090889368,3383.2,3348.9640847727765,34.235915227223416,0.018497558141311498,0.01,0.01,0.01,0.01,False,False,34.235915227223416,0.23925000000000002,0.08925,0.3285,34.564415227223414,0.3820594185041836,0.0,34.564415227223414,0.0,0.3820594185041836,NORMAL_SIZE_OK,ORDER_ACCEPTED_NORMAL_SIZE
2025-08-26 00:00:00,5644,medium,long,9046.86903480824,13.694366090889368,3383.2,3348.9640847727765,34.235915227223416,0.018497558141311498,0.01,0.01,0.01,0.01,False,False,34.235915227223416,0.23925000000000002,0.08925,0.3285,34.564415227223414,0.3820594185041836,0.0,34.564415227223414,0.0,0.3820594185041836,NORMAL_SIZE_OK,ORDER_ACCEPTED_NORMAL_SIZE
2025-08-28 16:00:00,5660,slow,long,9106.678534808238,13.594890845900627,3415.47,3381.4827728852483,33.98722711475157,0.018756090200718223,0.01,0.01,0.01,0.01,False,False,33.98722711475157,0.30925,0.08925,0.3985,34.38572711475157,0.3775880194224473,133.17033045444626,167.55605756919783,1.462337008443117,1.8399250278655643,NORMAL_SIZE_OK,ORDER_ACCEPTED_NORMAL_SIZE
2025-09-22 08:00:00,5760,fast,long,9913.62403480824,19.07719308273803,3720.37,3672.6770172931547,47.69298270684508,0.014550435788470362,0.01,0.0,0.01,0.01,False,False,47.69298270684508,0.20925,0.08925,0.2985,47.991482706845076,0.484096255197289,710.4616423419748,758.4531250488199,7.166517913604915,7.650614168802204,NORMAL_SIZE_OK,PORTFOLIO_OPEN_RISK_EXCEEDED
2025-09-22 16:00:00,5762,fast,long,9947.024034808239,19.27674175717107,3737.07,3688.8781456070724,48.191854392927674,0.014448327237201316,0.01,0.0,0.01,0.01,False,False,48.191854392927674,0.20925,0.08925,0.2985,48.49035439292767,0.48748604832201436,743.8616423419753,792.351996734903,7.478233084980332,7.965719133302346,NORMAL_SIZE_OK,PORTFOLIO_OPEN_RISK_EXCEEDED
2025-09-22 20:00:00,5763,fast,long,9966.264034808239,18.89690466931251,3746.69,3699.447738326719,47.24226167328127,0.014767254101027489,0.01,0.0,0.01,0.01,False,False,47.24226167328128,0.20925,0.08925,0.2985,47.540761673281274,0.47701687921612457,763.1016423419751,810.6424040152564,7.65684753762053,8.133864416836653,NORMAL_SIZE_OK,PORTFOLIO_OPEN_RISK_EXCEEDED
2025-09-23 08:00:00,5766,fast,long,10020.496034808239,19.42719364085181,3774.33,3725.7620158978702,48.56798410212953,0.01444232729449072,0.01,0.0,0.01,0.01,False,False,48.56798410212953,0.20925,0.08925,0.2985,48.866484102129526,0.4876653204829563,818.3816423419748,867.2481264441044,8.167077153657454,8.654742474140411,NORMAL_SIZE_OK,PORTFOLIO_OPEN_RISK_EXCEEDED
2025-09-23 12:00:00,5767,fast,long,10040.41603480824,19.300833958809225,3784.29,3736.037915102977,48.25208489702306,0.014565777291002367,0.01,0.0,0.01,0.01,False,False,48.25208489702306,0.20925,0.08925,0.2985,48.55058489702306,0.483551525441847,838.3016423419749,886.852227238998,8.349271976736226,8.832823502178073,NORMAL_SIZE_OK,PORTFOLIO_OPEN_RISK_EXCEEDED
2025-09-29 04:00:00,5789,fast,long,10073.51203480824,22.4249278802249,3805.03,3748.967680299438,56.06231970056225,0.012577892713017812,0.01,0.0,0.01,0.01,False,False,56.06231970056225,0.25925000000000004,0.08925,0.34850000000000003,56.41081970056225,0.559991584917346,879.7816423419754,936.1924620425376,8.733613850879,9.293605435796346,NORMAL_SIZE_OK,PORTFOLIO_OPEN_RISK_EXCEEDED
2025-09-29 08:00:00,5790,fast,long,10100.89203480824,22.23568148621367,3818.72,3763.1307962844658,55.58920371553418,0.012719420232295772,0.01,0.0,0.01,0.01,False,False,55.58920371553419,0.20925,0.08925,0.2985,55.88770371553419,0.5532947339991561,907.1616423419746,963.0493460575087,8.981005234150063,9.534299968149217,NORMAL_SIZE_OK,PORTFOLIO_OPEN_RISK_EXCEEDED
2025-09-29 20:00:00,5793,fast,long,10130.93203480824,21.91283241424245,3833.74,3778.9579189643937,54.782081035606126,0.01294520450903733,0.01,0.0,0.01,0.01,False,False,54.782081035606126,0.20925,0.08925,0.2985,55.08058103560612,0.5436872031749712,937.2016423419745,992.2822233775806,9.250892604174044,9.794579807349017,NORMAL_SIZE_OK,PORTFOLIO_OPEN_RISK_EXCEEDED
2025-09-30 00:00:00,5794,fast,long,10140.46403480824,21.570690793530314,3839.03,3785.1032730161746,53.92672698382579,0.013162906820758404,0.01,0.0,0.01,0.01,False,False,53.92672698382579,0.25925000000000004,0.08925,0.34850000000000003,54.27522698382579,0.5352341549412355,947.7816423419754,1002.0568693258011,9.346531273999025,9.881765428940259,NORMAL_SIZE_OK,PORTFOLIO_OPEN_RISK_EXCEEDED
2025-09-30 04:00:00,5795,fast,long,10196.46403480824,21.95315625385381,3867.03,3812.147109365366,54.88289063463452,0.013005008923239083,0.01,0.0,0.01,0.01,False,False,54.88289063463452,0.25925000000000004,0.08925,0.34850000000000003,55.23139063463452,0.5416719996862445,1003.7816423419754,1059.0130329766098,9.844409188472689,10.386081188158933,NORMAL_SIZE_OK,PORTFOLIO_OPEN_RISK_EXCEEDED
2025-10-01 08:00:00,5802,fast,long,10245.18003480824,24.958523624891424,3892.96,3830.5636909377713,62.39630906222856,0.011493670270165214,0.01,0.0,0.01,0.01,False,False,62.39630906222856,0.20925,0.08925,0.2985,62.69480906222856,0.6119444348388362,1055.641642341975,1118.3364514042037,10.30378811065699,10.915732545495826,NORMAL_SIZE_OK,PORTFOLIO_OPEN_RISK_EXCEEDED
2025-10-06 00:00:00,5818,fast,long,10254.68003480824,24.567313999812082,3900.33,3838.91171500047,61.41828499953021,0.011687522737602776,0.01,0.0,0.01,0.01,False,False,61.41828499953021,0.25925000000000004,0.08925,0.34850000000000003,61.76678499953021,0.602327764395091,1070.3816423419748,1132.148427341505,10.437981864950414,11.040309629345506,NORMAL_SIZE_OK,PORTFOLIO_OPEN_RISK_EXCEEDED
2025-10-06 04:00:00,5819,fast,long,10331.380034808239,25.367948299821474,3938.68,3875.260129250446,63.41987074955369,0.011403312461680887,0.01,0.0,0.01,0.01,False,False,63.41987074955369,0.25925000000000004,0.08925,0.34850000000000003,63.76837074955369,0.6172299396083274,1147.0816423419747,1210.8500130915284,11.102888853930981,11.720118793539308,NORMAL_SIZE_OK,PORTFOLIO_OPEN_RISK_EXCEEDED
2025-10-06 08:00:00,5820,fast,long,10338.940034808238,25.468050884830394,3942.46,3878.789872787924,63.67012721207598,0.011366803148138066,0.01,0.0,0.01,0.01,False,False,63.67012721207599,0.20925,0.08925,0.2985,63.96862721207599,0.6187155259312078,1154.641642341975,1218.610269554051,11.167891857914144,11.786607383845352,NORMAL_SIZE_OK,PORTFOLIO_OPEN_RISK_EXCEEDED
2025-10-06 16:00:00,5822,fast,long,10362.060034808239,26.081715923559436,3954.02,3888.8157101911015,65.2042898088986,0.01112417916922986,0.01,0.0,0.01,0.01,False,False,65.2042898088986,0.20925,0.08925,0.2985,65.5027898088986,0.6321406128594274,1177.761642341975,1243.2644321508735,11.366095529128737,11.998236141988164,NORMAL_SIZE_OK,PORTFOLIO_OPEN_RISK_EXCEEDED
2025-10-07 12:00:00,5827,fast,long,10411.85203480824,25.6701046770655,3979.44,3915.2647383073363,64.17526169266375,0.0113568628037226,0.01,0.0,0.01,0.01,False,False,64.17526169266375,0.20925,0.08925,0.2985,64.47376169266376,0.6192343252393444,1228.601642341975,1293.075404034639,11.800029795223677,12.419264120463023,NORMAL_SIZE_OK,PORTFOLIO_OPEN_RISK_EXCEEDED
2025-10-08 00:00:00,5830,fast,long,10434.068034808239,24.788032247499036,3992.12,3930.1499193812524,61.97008061874759,0.011786087013990684,0.01,0.0,0.01,0.01,False,False,61.97008061874759,0.25925000000000004,0.08925,0.34850000000000003,62.31858061874759,0.5972606313362313,1253.9616423419748,1316.2802229607223,12.017955395333212,12.615216026669442,NORMAL_SIZE_OK,PORTFOLIO_OPEN_RISK_EXCEEDED
2025-10-08 04:00:00,5831,fast,long,10503.28803480824,25.689630635124068,4026.73,3962.50592341219,64.22407658781017,0.011447889973650855,0.01,0.0,0.01,0.01,False,False,64.22407658781017,0.25925000000000004,0.08925,0.34850000000000003,64.57257658781018,0.6147844025015266,1323.181642341975,1387.754218929785,12.597784978921911,13.212569381423439,NORMAL_SIZE_OK,PORTFOLIO_OPEN_RISK_EXCEEDED
2025-10-08 08:00:00,5832,fast,long,10522.58803480824,25.366649103367845,4036.38,3972.9633772415805,63.416622758419614,0.011614954098746662,0.01,0.0,0.01,0.01,False,False,63.41662275841962,0.20925,0.08925,0.2985,63.71512275841962,0.6055080988408261,1342.4816423419752,1406.1967651003947,12.758093711367465,13.36360181020829,NORMAL_SIZE_OK,PORTFOLIO_OPEN_RISK_EXCEEDED
2025-10-08 16:00:00,5834,fast,long,10563.02803480824,25.42900081578948,4056.6,3993.027497960526,63.5725020394737,0.011631003007832822,0.01,0.0,0.01,0.01,False,False,63.5725020394737,0.20925,0.08925,0.2985,63.871002039473694,0.6046656491774918,1382.9216423419748,1446.7926443814486,13.092094783662857,13.696760432840351,NORMAL_SIZE_OK,PORTFOLIO_OPEN_RISK_EXCEEDED
2025-10-13 08:00:00,5850,fast,long,10600.14803480824,33.18372887526854,4077.78,3994.820677811829,82.95932218817136,0.008944267417632969,0.0,0.0,0.01,0.01,False,False,0.0,0.0,0.0,0.0,0.0,0.0,1425.2816423419754,1425.2816423419754,13.445865450762632,13.445865450762632,NORMAL_SIZE_BELOW_MINIMUM,OVERRIDE_DISABLED
2025-10-13 12:00:00,5851,fast,long,10603.88803480824,32.308042431505115,4079.65,3998.8798939212375,80.77010607876278,0.009189936703967576,0.0,0.0,0.01,0.01,False,False,0.0,0.0,0.0,0.0,0.0,0.0,1429.0216423419752,1429.0216423419752,13.476393164951194,13.476393164951194,NORMAL_SIZE_BELOW_MINIMUM,OVERRIDE_DISABLED
2025-10-13 16:00:00,5852,fast,long,10656.048034808238,32.63864030992988,4105.73,4024.133399225175,81.59660077482471,0.009141598490052775,0.0,0.0,0.01,0.01,False,False,0.0,0.0,0.0,0.0,0.0,0.0,1481.181642341974,1481.181642341974,13.899915217195517,13.899915217195517,NORMAL_SIZE_BELOW_MINIMUM,OVERRIDE_DISABLED
2025-10-14 00:00:00,5854,fast,long,10692.54003480824,31.891322879711687,4124.5,4044.7716928007208,79.72830719927921,0.009387855188819856,0.0,0.0,0.01,0.01,False,False,0.0,0.0,0.0,0.0,0.0,0.0,1518.721642341975,1518.721642341975,14.203562833507892,14.203562833507892,NORMAL_SIZE_BELOW_MINIMUM,OVERRIDE_DISABLED
2025-10-14 04:00:00,5855,fast,long,10779.66003480824,32.63025673572611,4168.06,4086.484358160685,81.57564183931527,0.009250018576904532,0.0,0.0,0.01,0.01,False,False,0.0,0.0,0.0,0.0,0.0,0.0,1605.8416423419758,1605.8416423419758,14.896959989059082,14.896959989059082,NORMAL_SIZE_BELOW_MINIMUM,OVERRIDE_DISABLED
2025-10-15 04:00:00,5861,fast,long,10800.116034808238,35.20577082216277,4179.86,4091.8455729445927,88.01442705540693,0.008589593180679955,0.0,0.0,0.01,0.01,False,False,0.0,0.0,0.0,0.0,0.0,0.0,1629.4416423419743,1629.4416423419743,15.087260517297823,15.087260517297823,NORMAL_SIZE_BELOW_MINIMUM,OVERRIDE_DISABLED
2025-10-15 08:00:00,5862,fast,long,10856.436034808241,35.522982281054595,4208.02,4119.212544297364,88.80745570263649,0.008557282904052567,0.0,0.0,0.01,0.01,False,False,0.0,0.0,0.0,0.0,0.0,0.0,1685.7616423419759,1685.7616423419759,15.527762858244039,15.527762858244039,NORMAL_SIZE_BELOW_MINIMUM,OVERRIDE_DISABLED
2025-10-16 04:00:00,5867,fast,long,10906.508034808237,35.10743509473034,4233.58,4145.811412263174,87.76858773682585,0.008698505719674999,0.0,0.0,0.01,0.01,False,False,0.0,0.0,0.0,0.0,0.0,0.0,1736.8816423419748,1736.8816423419748,15.92518555708847,15.92518555708847,NORMAL_SIZE_BELOW_MINIMUM,OVERRIDE_DISABLED
2025-10-16 16:00:00,5870,fast,long,11004.708034808238,35.804960914344406,4282.68,4193.167597714139,89.51240228586101,0.00860584167964236,0.0,0.0,0.01,0.01,False,False,0.0,0.0,0.0,0.0,0.0,0.0,1835.0816423419756,1835.0816423419756,16.675423251008155,16.675423251008155,NORMAL_SIZE_BELOW_MINIMUM,OVERRIDE_DISABLED
2025-10-16 20:00:00,5871,fast,long,11091.208034808238,36.872712868627225,4325.93,4233.748217828433,92.18178217156806,0.008422321028590828,0.0,0.0,0.01,0.01,False,False,0.0,0.0,0.0,0.0,0.0,0.0,1921.5816423419756,1921.5816423419756,17.32526913489815,17.32526913489815,NORMAL_SIZE_BELOW_MINIMUM,OVERRIDE_DISABLED
2025-10-17 00:00:00,5872,fast,long,11154.72003480824,37.75807722519586,4358.21,4263.81480693701,94.39519306298965,0.008271929714848199,0.0,0.0,0.01,0.01,False,False,0.0,0.0,0.0,0.0,0.0,0.0,1986.141642341975,1986.141642341975,17.805392122296492,17.805392122296492,NORMAL_SIZE_BELOW_MINIMUM,OVERRIDE_DISABLED
2025-10-21 16:00:00,5888,fast,short,10660.94803480824,56.26638147645116,4113.42,4254.0859536911275,140.6659536911279,0.005305237997214427,0.0,0.0,0.01,0.01,False,False,0.0,0.0,0.0,0.0,0.0,0.0,1496.5616423419751,1496.5616423419751,14.037791362040855,14.037791362040855,NORMAL_SIZE_BELOW_MINIMUM,OVERRIDE_DISABLED
2025-10-22 00:00:00,5890,fast,short,10620.926784808238,58.9053092824972,4075.02,4222.283273206243,147.263273206243,0.005048542374142058,0.0,0.0,0.01,0.01,False,False,0.0,0.0,0.0,0.0,0.0,0.0,693.6264771147515,693.6264771147515,6.530752835118757,6.530752835118757,NORMAL_SIZE_BELOW_MINIMUM,OVERRIDE_DISABLED
2025-10-27 16:00:00,5912,fast,short,10549.75678480824,52.90411510909932,4006.47,4138.730287772748,132.2602877727483,0.005583557902168258,0.0,0.0,0.01,0.01,False,False,0.0,0.0,0.0,0.0,0.0,0.0,625.0764771147515,625.0764771147515,5.92503211083376,5.92503211083376,NORMAL_SIZE_BELOW_MINIMUM,OVERRIDE_DISABLED
2025-10-28 04:00:00,5915,fast,short,10509.322784808239,51.725995691664046,3966.56,4095.87498922916,129.31498922916012,0.005688842409698699,0.0,0.0,0.01,0.01,False,False,0.0,0.0,0.0,0.0,0.0,0.0,585.1664771147516,585.1664771147516,5.568070265770498,5.568070265770498,NORMAL_SIZE_BELOW_MINIMUM,OVERRIDE_DISABLED
2025-10-28 04:00:00,5915,medium,short,10509.322784808239,51.725995691664046,3966.56,4095.87498922916,129.31498922916012,0.005688842409698699,0.0,0.0,0.01,0.01,False,False,0.0,0.0,0.0,0.0,0.0,0.0,585.1664771147516,585.1664771147516,5.568070265770498,5.568070265770498,NORMAL_SIZE_BELOW_MINIMUM,OVERRIDE_DISABLED
2025-10-28 08:00:00,5916,fast,short,10509.23353480824,53.24119590708085,3904.77,4037.872989767702,133.10298976770213,0.005526895742315502,0.0,0.0,0.01,0.01,False,False,0.0,0.0,0.0,0.0,0.0,0.0,0.0,0.0,0.0,0.0,NORMAL_SIZE_BELOW_MINIMUM,OVERRIDE_DISABLED
2025-10-28 08:00:00,5916,medium,short,10509.23353480824,53.24119590708085,3904.77,4037.872989767702,133.10298976770213,0.005526895742315502,0.0,0.0,0.01,0.01,False,False,0.0,0.0,0.0,0.0,0.0,0.0,0.0,0.0,0.0,0.0,NORMAL_SIZE_BELOW_MINIMUM,OVERRIDE_DISABLED
2025-11-04 16:00:00,5948,fast,short,10509.23353480824,39.20837768563386,3955.09,4053.1109442140846,98.02094421408466,0.007504991441725691,0.0,0.0,0.01,0.01,False,False,0.0,0.0,0.0,0.0,0.0,0.0,0.0,0.0,0.0,0.0,NORMAL_SIZE_BELOW_MINIMUM,OVERRIDE_DISABLED
2025-11-10 00:00:00,5968,fast,long,10509.23353480824,31.549597197301548,4043.99,3965.116007006746,78.87399299325386,0.009326855653161834,0.0,0.0,0.01,0.01,False,False,0.0,0.0,0.0,0.0,0.0,0.0,0.0,0.0,0.0,0.0,NORMAL_SIZE_BELOW_MINIMUM,OVERRIDE_DISABLED
2025-11-10 04:00:00,5969,fast,long,10509.23353480824,31.585617337436467,4069.44,3990.475956656409,78.96404334359117,0.009316219335876787,0.0,0.0,0.01,0.01,False,False,0.0,0.0,0.0,0.0,0.0,0.0,0.0,0.0,0.0,0.0,NORMAL_SIZE_BELOW_MINIMUM,OVERRIDE_DISABLED
2025-11-10 04:00:00,5969,medium,long,10509.23353480824,31.585617337436467,4069.44,3990.475956656409,78.96404334359117,0.009316219335876787,0.0,0.0,0.01,0.01,False,False,0.0,0.0,0.0,0.0,0.0,0.0,0.0,0.0,0.0,0.0,NORMAL_SIZE_BELOW_MINIMUM,OVERRIDE_DISABLED
2025-11-10 08:00:00,5970,fast,long,10509.23353480824,30.971336470564655,4076.63,3999.2016588235883,77.42834117641164,0.009500995840276244,0.0,0.0,0.01,0.01,False,False,0.0,0.0,0.0,0.0,0.0,0.0,0.0,0.0,0.0,0.0,NORMAL_SIZE_BELOW_MINIMUM,OVERRIDE_DISABLED
2025-11-10 08:00:00,5970,medium,long,10509.23353480824,30.971336470564655,4076.63,3999.2016588235883,77.42834117641164,0.009500995840276244,0.0,0.0,0.01,0.01,False,False,0.0,0.0,0.0,0.0,0.0,0.0,0.0,0.0,0.0,0.0,NORMAL_SIZE_BELOW_MINIMUM,OVERRIDE_DISABLED
2025-11-10 12:00:00,5971,fast,long,10509.23353480824,30.9312696470364,4091.67,4014.341825882409,77.328174117591,0.00951330295627953,0.0,0.0,0.01,0.01,False,False,0.0,0.0,0.0,0.0,0.0,0.0,0.0,0.0,0.0,0.0,NORMAL_SIZE_BELOW_MINIMUM,OVERRIDE_DISABLED
2025-11-10 12:00:00,5971,medium,long,10509.23353480824,30.9312696470364,4091.67,4014.341825882409,77.328174117591,0.00951330295627953,0.0,0.0,0.01,0.01,False,False,0.0,0.0,0.0,0.0,0.0,0.0,0.0,0.0,0.0,0.0,NORMAL_SIZE_BELOW_MINIMUM,OVERRIDE_DISABLED
2025-11-10 20:00:00,5973,fast,long,10509.23353480824,30.003145856450377,4115.78,4040.7721353588736,75.00786464112595,0.009807589523528847,0.0,0.0,0.01,0.01,False,False,0.0,0.0,0.0,0.0,0.0,0.0,0.0,0.0,0.0,0.0,NORMAL_SIZE_BELOW_MINIMUM,OVERRIDE_DISABLED
2025-11-10 20:00:00,5973,medium,long,10509.23353480824,30.003145856450377,4115.78,4040.7721353588736,75.00786464112595,0.009807589523528847,0.0,0.0,0.01,0.01,False,False,0.0,0.0,0.0,0.0,0.0,0.0,0.0,0.0,0.0,0.0,NORMAL_SIZE_BELOW_MINIMUM,OVERRIDE_DISABLED
2025-11-11 00:00:00,5974,fast,long,10509.23353480824,29.81648856362788,4136.33,4061.78877859093,74.54122140906969,0.00986898703201378,0.0,0.0,0.01,0.01,False,False,0.0,0.0,0.0,0.0,0.0,0.0,0.0,0.0,0.0,0.0,NORMAL_SIZE_BELOW_MINIMUM,OVERRIDE_DISABLED
2025-11-11 00:00:00,5974,medium,long,10509.23353480824,29.81648856362788,4136.33,4061.78877859093,74.54122140906969,0.00986898703201378,0.0,0.0,0.01,0.01,False,False,0.0,0.0,0.0,0.0,0.0,0.0,0.0,0.0,0.0,0.0,NORMAL_SIZE_BELOW_MINIMUM,OVERRIDE_DISABLED
2025-11-12 16:00:00,5984,fast,long,10509.23353480824,31.27614050961016,4199.34,4121.149648725975,78.1903512740254,0.009408403152691248,0.0,0.0,0.01,0.01,False,False,0.0,0.0,0.0,0.0,0.0,0.0,0.0,0.0,0.0,0.0,NORMAL_SIZE_BELOW_MINIMUM,OVERRIDE_DISABLED
2025-11-12 16:00:00,5984,medium,long,10509.23353480824,31.27614050961016,4199.34,4121.149648725975,78.1903512740254,0.009408403152691248,0.0,0.0,0.01,0.01,False,False,0.0,0.0,0.0,0.0,0.0,0.0,0.0,0.0,0.0,0.0,NORMAL_SIZE_BELOW_MINIMUM,OVERRIDE_DISABLED
2025-11-13 04:00:00,5987,fast,long,10509.23353480824,30.972278469427028,4212.01,4134.579303826433,77.43069617356757,0.009500706874539295,0.0,0.0,0.01,0.01,False,False,0.0,0.0,0.0,0.0,0.0,0.0,0.0,0.0,0.0,0.0,NORMAL_SIZE_BELOW_MINIMUM,OVERRIDE_DISABLED
2025-11-13 04:00:00,5987,medium,long,10509.23353480824,30.972278469427028,4212.01,4134.579303826433,77.43069617356757,0.009500706874539295,0.0,0.0,0.01,0.01,False,False,0.0,0.0,0.0,0.0,0.0,0.0,0.0,0.0,0.0,0.0,NORMAL_SIZE_BELOW_MINIMUM,OVERRIDE_DISABLED
2025-11-13 08:00:00,5988,fast,long,10509.23353480824,31.237164545955697,4233.24,4155.147088635111,78.09291136488925,0.009420142424954142,0.0,0.0,0.01,0.01,False,False,0.0,0.0,0.0,0.0,0.0,0.0,0.0,0.0,0.0,0.0,NORMAL_SIZE_BELOW_MINIMUM,OVERRIDE_DISABLED
2025-11-13 08:00:00,5988,medium,long,10509.23353480824,31.237164545955697,4233.24,4155.147088635111,78.09291136488925,0.009420142424954142,0.0,0.0,0.01,0.01,False,False,0.0,0.0,0.0,0.0,0.0,0.0,0.0,0.0,0.0,0.0,NORMAL_SIZE_BELOW_MINIMUM,OVERRIDE_DISABLED
2025-11-14 12:00:00,5995,fast,short,10509.23353480824,37.37645706764258,4055.9,4149.341142669106,93.44114266910645,0.007872831243530977,0.0,0.0,0.01,0.01,False,False,0.0,0.0,0.0,0.0,0.0,0.0,0.0,0.0,0.0,0.0,NORMAL_SIZE_BELOW_MINIMUM,OVERRIDE_DISABLED
2025-11-24 20:00:00,6033,fast,long,10509.23353480824,38.01221619600919,4134.58,4039.549459509977,95.03054049002299,0.00774115714425312,0.0,0.0,0.01,0.01,False,False,0.0,0.0,0.0,0.0,0.0,0.0,0.0,0.0,0.0,0.0,NORMAL_SIZE_BELOW_MINIMUM,OVERRIDE_DISABLED
2025-11-25 04:00:00,6035,fast,long,10509.23353480824,36.501550116898294,4150.99,4059.7361247077542,91.25387529224574,0.008061535415133082,0.0,0.0,0.01,0.01,False,False,0.0,0.0,0.0,0.0,0.0,0.0,0.0,0.0,0.0,0.0,NORMAL_SIZE_BELOW_MINIMUM,OVERRIDE_DISABLED
2025-11-26 04:00:00,6041,fast,long,10509.23353480824,35.22245931726766,4162.26,4074.203851706831,88.05614829316916,0.008354287141737764,0.0,0.0,0.01,0.01,False,False,0.0,0.0,0.0,0.0,0.0,0.0,0.0,0.0,0.0,0.0,NORMAL_SIZE_BELOW_MINIMUM,OVERRIDE_DISABLED
2025-11-28 00:00:00,6052,fast,long,10509.23353480824,28.13478951724589,4191.05,4120.713026206886,70.33697379311472,0.010458885387937874,0.01,0.01,0.01,0.01,False,False,70.33697379311472,0.27925,0.08925,0.3685,70.70547379311473,0.6727938203954366,0.0,70.70547379311473,0.0,0.6727938203954366,NORMAL_SIZE_OK,ORDER_ACCEPTED_NORMAL_SIZE
2025-11-28 00:00:00,6052,medium,long,10509.23353480824,28.13478951724589,4191.05,4120.713026206886,70.33697379311472,0.010458885387937874,0.01,0.01,0.01,0.01,False,False,70.33697379311472,0.27925,0.08925,0.3685,70.70547379311473,0.6727938203954366,0.0,70.70547379311473,0.0,0.6727938203954366,NORMAL_SIZE_OK,ORDER_ACCEPTED_NORMAL_SIZE
2025-12-01 00:00:00,6058,slow,long,10634.731034808237,28.756005063881187,4255.59,4183.699987340297,71.89001265970296,0.01035514037200689,0.01,0.0,0.01,0.01,False,False,71.89001265970296,0.27925,0.08925,0.3685,72.25851265970297,0.679457829475853,269.91244758622815,342.17096024593116,2.5380279642502037,3.217485793726057,NORMAL_SIZE_OK,PORTFOLIO_OPEN_RISK_EXCEEDED
2025-12-11 16:00:00,6110,slow,long,10666.279034808238,26.56660439959675,4278.7,4212.283489001008,66.41651099899187,0.011241775895874894,0.01,0.0,0.01,0.01,False,False,66.41651099899187,0.20925,0.08925,0.2985,66.71501099899187,0.6254759582163069,316.1324475862275,382.8474585852194,2.9638494038508063,3.589325362067113,NORMAL_SIZE_OK,PORTFOLIO_OPEN_RISK_EXCEEDED
2025-12-12 08:00:00,6114,slow,long,10744.391034808237,26.338732324749007,4318.28,4252.433169188127,65.84683081187252,0.011422073973239237,0.01,0.0,0.01,0.01,False,False,65.84683081187252,0.20925,0.08925,0.2985,66.14533081187253,0.6156266148317178,395.29244758622735,461.4377783980999,3.6790586484204817,4.2946852632522,NORMAL_SIZE_OK,PORTFOLIO_OPEN_RISK_EXCEEDED
2025-12-12 12:00:00,6115,slow,long,10789.671034808238,26.588295708511552,4340.92,4274.449260728721,66.47073927127889,0.011362548103371577,0.01,0.0,0.01,0.01,False,False,66.47073927127889,0.20925,0.08925,0.2985,66.76923927127889,0.6188255328255757,440.572447586228,507.3416868575069,4.083279704866907,4.702105237692483,NORMAL_SIZE_OK,PORTFOLIO_OPEN_RISK_EXCEEDED
2025-12-22 00:00:00,6148,slow,long,10861.255034808239,27.476161246927642,4383.0,4314.309596882681,68.69040311731911,0.011068327130618965,0.01,0.0,0.01,0.01,False,False,68.69040311731911,0.27925,0.08925,0.3685,69.05890311731912,0.6358280225995853,524.7324475862279,593.791350703547,4.831232172567176,5.467060195166762,NORMAL_SIZE_OK,PORTFOLIO_OPEN_RISK_EXCEEDED
2025-12-22 04:00:00,6149,slow,long,10895.255034808239,27.65235318458126,4400.0,4330.869117038546,69.13088296145315,0.01103223074500342,0.01,0.0,0.01,0.01,False,False,69.13088296145315,0.20925,0.08925,0.2985,69.42938296145316,0.6372442199805297,558.7324475862279,628.161830547681,5.128218162871685,5.765462382852215,NORMAL_SIZE_OK,PORTFOLIO_OPEN_RISK_EXCEEDED
2025-12-22 08:00:00,6150,slow,long,10917.355034808239,27.34673552535219,4411.05,4342.68316118662,68.36683881338048,0.011178151070033206,0.01,0.0,0.01,0.01,False,False,68.36683881338048,0.20925,0.08925,0.2985,68.66533881338049,0.6289558102164127,580.8324475862282,649.4977863996087,5.32026709522899,5.949222905445403,NORMAL_SIZE_OK,PORTFOLIO_OPEN_RISK_EXCEEDED
2025-12-22 12:00:00,6151,slow,long,10942.575034808238,27.044398749084543,4423.66,4356.049003127288,67.61099687271135,0.011329225834055642,0.01,0.0,0.01,0.01,False,False,67.61099687271135,0.20925,0.08925,0.2985,67.90949687271136,0.6205988687003912,606.0524475862276,673.9619444589389,5.538481076514256,6.159079945214648,NORMAL_SIZE_OK,PORTFOLIO_OPEN_RISK_EXCEEDED
2025-12-22 16:00:00,6152,slow,long,10972.37503480824,27.200178811630305,4438.56,4370.559552970924,68.00044702907576,0.011295017694636119,0.01,0.0,0.01,0.01,False,False,68.00044702907576,0.20925,0.08925,0.2985,68.29894702907576,0.6224627467836948,635.8524475862287,704.1513946153044,5.79503020603179,6.417492952815485,NORMAL_SIZE_OK,PORTFOLIO_OPEN_RISK_EXCEEDED
2025-12-22 20:00:00,6153,slow,long,10981.595034808239,26.849669871048814,4443.17,4376.045825322378,67.12417467762204,0.011452083487483847,0.01,0.0,0.01,0.01,False,False,67.12417467762204,0.20925,0.08925,0.2985,67.42267467762204,0.6139606720509466,645.072447586228,712.49512226385,5.874123435999498,6.488084108050445,NORMAL_SIZE_OK,PORTFOLIO_OPEN_RISK_EXCEEDED
2025-12-23 00:00:00,6154,slow,long,11067.587034808237,27.89468637749637,4486.69,4416.953284056259,69.73671594374093,0.011109371612244826,0.01,0.0,0.01,0.01,False,False,69.73671594374093,0.27925,0.08925,0.3685,70.10521594374094,0.6334281874021479,732.1124475862272,802.2176635299681,6.6149237885700725,7.24835197597222,NORMAL_SIZE_OK,PORTFOLIO_OPEN_RISK_EXCEEDED
2025-12-24 00:00:00,6160,slow,long,11128.743034808238,28.99368858106276,4518.84,4446.355778547343,72.4842214526569,0.010747332272105437,0.01,0.0,0.01,0.01,False,False,72.4842214526569,0.27925,0.08925,0.3685,72.85272145265691,0.6546356693185363,796.4124475862282,869.265169038885,7.156355799529441,7.810991468847979,NORMAL_SIZE_OK,PORTFOLIO_OPEN_RISK_EXCEEDED
2025-12-29 12:00:00,6173,fast,short,10928.803034808237,34.69436327490901,4421.49,4508.225908187273,86.73590818727251,0.008820063436527593,0.0,0.0,0.01,0.01,False,False,0.0,0.0,0.0,0.0,0.0,0.0,300.8562237931137,300.8562237931137,2.752874425816685,2.752874425816685,NORMAL_SIZE_BELOW_MINIMUM,OVERRIDE_DISABLED
2025-12-29 16:00:00,6174,fast,short,10928.044534808238,38.90464511116353,4328.09,4425.351612777909,97.26161277790882,0.007865005479431282,0.0,0.0,0.01,0.01,False,False,0.0,0.0,0.0,0.0,0.0,0.0,0.0,0.0,0.0,0.0,NORMAL_SIZE_BELOW_MINIMUM,OVERRIDE_DISABLED
2025-12-31 04:00:00,6183,fast,short,10928.044534808238,40.89345399849231,4285.97,4388.203634996231,102.23363499623078,0.0074824994481002246,0.0,0.0,0.01,0.01,False,False,0.0,0.0,0.0,0.0,0.0,0.0,0.0,0.0,0.0,0.0,NORMAL_SIZE_BELOW_MINIMUM,OVERRIDE_DISABLED
2025-12-31 04:00:00,6183,medium,short,10928.044534808238,40.89345399849231,4285.97,4388.203634996231,102.23363499623078,0.0074824994481002246,0.0,0.0,0.01,0.01,False,False,0.0,0.0,0.0,0.0,0.0,0.0,0.0,0.0,0.0,0.0,NORMAL_SIZE_BELOW_MINIMUM,OVERRIDE_DISABLED
2026-01-05 08:00:00,6196,fast,long,10928.044534808238,40.48523650886611,4434.84,4333.626908727835,101.21309127216527,0.007557946386397447,0.0,0.0,0.01,0.01,False,False,0.0,0.0,0.0,0.0,0.0,0.0,0.0,0.0,0.0,0.0,NORMAL_SIZE_BELOW_MINIMUM,OVERRIDE_DISABLED
2026-01-05 16:00:00,6198,fast,long,10928.044534808238,40.55825094925167,4443.56,4342.164372626871,101.39562737312917,0.007544340296071773,0.0,0.0,0.01,0.01,False,False,0.0,0.0,0.0,0.0,0.0,0.0,0.0,0.0,0.0,0.0,NORMAL_SIZE_BELOW_MINIMUM,OVERRIDE_DISABLED
2026-01-06 16:00:00,6204,fast,long,10928.044534808238,36.929789842447384,4489.49,4397.165525393882,92.32447460611846,0.008285594049683133,0.0,0.0,0.01,0.01,False,False,0.0,0.0,0.0,0.0,0.0,0.0,0.0,0.0,0.0,0.0,NORMAL_SIZE_BELOW_MINIMUM,OVERRIDE_DISABLED
2026-01-06 20:00:00,6205,fast,long,10928.044534808238,36.072300350325,4494.66,4404.479249124187,90.1807508758125,0.008482554314612038,0.0,0.0,0.01,0.01,False,False,0.0,0.0,0.0,0.0,0.0,0.0,0.0,0.0,0.0,0.0,NORMAL_SIZE_BELOW_MINIMUM,OVERRIDE_DISABLED
2026-01-12 00:00:00,6224,fast,long,10928.044534808238,35.764065631378884,4570.17,4480.759835921553,89.41016407844721,0.008555661711630556,0.0,0.0,0.01,0.01,False,False,0.0,0.0,0.0,0.0,0.0,0.0,0.0,0.0,0.0,0.0,NORMAL_SIZE_BELOW_MINIMUM,OVERRIDE_DISABLED
2026-01-12 00:00:00,6224,medium,long,10928.044534808238,35.764065631378884,4570.17,4480.759835921553,89.41016407844721,0.008555661711630556,0.0,0.0,0.01,0.01,False,False,0.0,0.0,0.0,0.0,0.0,0.0,0.0,0.0,0.0,0.0,NORMAL_SIZE_BELOW_MINIMUM,OVERRIDE_DISABLED
2026-01-12 00:00:00,6224,slow,long,10928.044534808238,35.764065631378884,4570.17,4480.759835921553,89.41016407844721,0.008555661711630556,0.0,0.0,0.01,0.01,False,False,0.0,0.0,0.0,0.0,0.0,0.0,0.0,0.0,0.0,0.0,NORMAL_SIZE_BELOW_MINIMUM,OVERRIDE_DISABLED
2026-01-12 12:00:00,6227,fast,long,10928.044534808238,35.201305770703456,4615.9,4527.896735573241,88.00326442675865,0.008692440245477741,0.0,0.0,0.01,0.01,False,False,0.0,0.0,0.0,0.0,0.0,0.0,0.0,0.0,0.0,0.0,NORMAL_SIZE_BELOW_MINIMUM,OVERRIDE_DISABLED
2026-01-12 12:00:00,6227,medium,long,10928.044534808238,35.201305770703456,4615.9,4527.896735573241,88.00326442675865,0.008692440245477741,0.0,0.0,0.01,0.01,False,False,0.0,0.0,0.0,0.0,0.0,0.0,0.0,0.0,0.0,0.0,NORMAL_SIZE_BELOW_MINIMUM,OVERRIDE_DISABLED
2026-01-12 12:00:00,6227,slow,long,10928.044534808238,35.201305770703456,4615.9,4527.896735573241,88.00326442675865,0.008692440245477741,0.0,0.0,0.01,0.01,False,False,0.0,0.0,0.0,0.0,0.0,0.0,0.0,0.0,0.0,0.0,NORMAL_SIZE_BELOW_MINIMUM,OVERRIDE_DISABLED
2026-01-19 00:00:00,6254,fast,long,10928.044534808238,36.84177884271508,4657.4,4565.295552893212,92.1044471067877,0.008305387432049435,0.0,0.0,0.01,0.01,False,False,0.0,0.0,0.0,0.0,0.0,0.0,0.0,0.0,0.0,0.0,NORMAL_SIZE_BELOW_MINIMUM,OVERRIDE_DISABLED
2026-01-19 00:00:00,6254,medium,long,10928.044534808238,36.84177884271508,4657.4,4565.295552893212,92.1044471067877,0.008305387432049435,0.0,0.0,0.01,0.01,False,False,0.0,0.0,0.0,0.0,0.0,0.0,0.0,0.0,0.0,0.0,NORMAL_SIZE_BELOW_MINIMUM,OVERRIDE_DISABLED
2026-01-19 00:00:00,6254,slow,long,10928.044534808238,36.84177884271508,4657.4,4565.295552893212,92.1044471067877,0.008305387432049435,0.0,0.0,0.01,0.01,False,False,0.0,0.0,0.0,0.0,0.0,0.0,0.0,0.0,0.0,0.0,NORMAL_SIZE_BELOW_MINIMUM,OVERRIDE_DISABLED
2026-01-20 04:00:00,6261,fast,long,10928.044534808238,32.17877969406342,4714.61,4634.1630507648415,80.44694923515856,0.009508913945269374,0.0,0.0,0.01,0.01,False,False,0.0,0.0,0.0,0.0,0.0,0.0,0.0,0.0,0.0,0.0,NORMAL_SIZE_BELOW_MINIMUM,OVERRIDE_DISABLED
2026-01-20 04:00:00,6261,medium,long,10928.044534808238,32.17877969406342,4714.61,4634.1630507648415,80.44694923515856,0.009508913945269374,0.0,0.0,0.01,0.01,False,False,0.0,0.0,0.0,0.0,0.0,0.0,0.0,0.0,0.0,0.0,NORMAL_SIZE_BELOW_MINIMUM,OVERRIDE_DISABLED
2026-01-20 04:00:00,6261,slow,long,10928.044534808238,32.17877969406342,4714.61,4634.1630507648415,80.44694923515856,0.009508913945269374,0.0,0.0,0.01,0.01,False,False,0.0,0.0,0.0,0.0,0.0,0.0,0.0,0.0,0.0,0.0,NORMAL_SIZE_BELOW_MINIMUM,OVERRIDE_DISABLED
2026-01-20 08:00:00,6262,fast,long,10928.044534808238,32.158840709360234,4732.42,4652.0228982266,80.39710177340058,0.009514809620782437,0.0,0.0,0.01,0.01,False,False,0.0,0.0,0.0,0.0,0.0,0.0,0.0,0.0,0.0,0.0,NORMAL_SIZE_BELOW_MINIMUM,OVERRIDE_DISABLED
2026-01-20 08:00:00,6262,medium,long,10928.044534808238,32.158840709360234,4732.42,4652.0228982266,80.39710177340058,0.009514809620782437,0.0,0.0,0.01,0.01,False,False,0.0,0.0,0.0,0.0,0.0,0.0,0.0,0.0,0.0,0.0,NORMAL_SIZE_BELOW_MINIMUM,OVERRIDE_DISABLED
2026-01-20 08:00:00,6262,slow,long,10928.044534808238,32.158840709360234,4732.42,4652.0228982266,80.39710177340058,0.009514809620782437,0.0,0.0,0.01,0.01,False,False,0.0,0.0,0.0,0.0,0.0,0.0,0.0,0.0,0.0,0.0,NORMAL_SIZE_BELOW_MINIMUM,OVERRIDE_DISABLED
2026-01-20 16:00:00,6264,fast,long,10928.044534808238,32.118753740197626,4759.27,4678.973115649506,80.29688435049407,0.009526684922138822,0.0,0.0,0.01,0.01,False,False,0.0,0.0,0.0,0.0,0.0,0.0,0.0,0.0,0.0,0.0,NORMAL_SIZE_BELOW_MINIMUM,OVERRIDE_DISABLED
2026-01-20 16:00:00,6264,medium,long,10928.044534808238,32.118753740197626,4759.27,4678.973115649506,80.29688435049407,0.009526684922138822,0.0,0.0,0.01,0.01,False,False,0.0,0.0,0.0,0.0,0.0,0.0,0.0,0.0,0.0,0.0,NORMAL_SIZE_BELOW_MINIMUM,OVERRIDE_DISABLED
2026-01-20 16:00:00,6264,slow,long,10928.044534808238,32.118753740197626,4759.27,4678.973115649506,80.29688435049407,0.009526684922138822,0.0,0.0,0.01,0.01,False,False,0.0,0.0,0.0,0.0,0.0,0.0,0.0,0.0,0.0,0.0,NORMAL_SIZE_BELOW_MINIMUM,OVERRIDE_DISABLED
2026-01-20 20:00:00,6265,fast,long,10928.044534808238,31.451316053187764,4763.18,4684.551709867031,78.62829013296941,0.00972885352260537,0.0,0.0,0.01,0.01,False,False,0.0,0.0,0.0,0.0,0.0,0.0,0.0,0.0,0.0,0.0,NORMAL_SIZE_BELOW_MINIMUM,OVERRIDE_DISABLED
2026-01-20 20:00:00,6265,medium,long,10928.044534808238,31.451316053187764,4763.18,4684.551709867031,78.62829013296941,0.00972885352260537,0.0,0.0,0.01,0.01,False,False,0.0,0.0,0.0,0.0,0.0,0.0,0.0,0.0,0.0,0.0,NORMAL_SIZE_BELOW_MINIMUM,OVERRIDE_DISABLED
2026-01-20 20:00:00,6265,slow,long,10928.044534808238,31.451316053187764,4763.18,4684.551709867031,78.62829013296941,0.00972885352260537,0.0,0.0,0.01,0.01,False,False,0.0,0.0,0.0,0.0,0.0,0.0,0.0,0.0,0.0,0.0,NORMAL_SIZE_BELOW_MINIMUM,OVERRIDE_DISABLED
2026-01-21 00:00:00,6266,fast,long,10928.044534808238,34.19375025052838,4835.23,4749.745624373679,85.48437562632095,0.008948572318998626,0.0,0.0,0.01,0.01,False,False,0.0,0.0,0.0,0.0,0.0,0.0,0.0,0.0,0.0,0.0,NORMAL_SIZE_BELOW_MINIMUM,OVERRIDE_DISABLED
2026-01-21 00:00:00,6266,medium,long,10928.044534808238,34.19375025052838,4835.23,4749.745624373679,85.48437562632095,0.008948572318998626,0.0,0.0,0.01,0.01,False,False,0.0,0.0,0.0,0.0,0.0,0.0,0.0,0.0,0.0,0.0,NORMAL_SIZE_BELOW_MINIMUM,OVERRIDE_DISABLED
2026-01-21 00:00:00,6266,slow,long,10928.044534808238,34.19375025052838,4835.23,4749.745624373679,85.48437562632095,0.008948572318998626,0.0,0.0,0.01,0.01,False,False,0.0,0.0,0.0,0.0,0.0,0.0,0.0,0.0,0.0,0.0,NORMAL_SIZE_BELOW_MINIMUM,OVERRIDE_DISABLED
2026-01-21 04:00:00,6267,fast,long,10928.044534808238,35.51806273800197,4869.92,4781.124843154995,88.79515684500493,0.008614919378675649,0.0,0.0,0.01,0.01,False,False,0.0,0.0,0.0,0.0,0.0,0.0,0.0,0.0,0.0,0.0,NORMAL_SIZE_BELOW_MINIMUM,OVERRIDE_DISABLED
2026-01-21 04:00:00,6267,medium,long,10928.044534808238,35.51806273800197,4869.92,4781.124843154995,88.79515684500493,0.008614919378675649,0.0,0.0,0.01,0.01,False,False,0.0,0.0,0.0,0.0,0.0,0.0,0.0,0.0,0.0,0.0,NORMAL_SIZE_BELOW_MINIMUM,OVERRIDE_DISABLED
2026-01-21 04:00:00,6267,slow,long,10928.044534808238,35.51806273800197,4869.92,4781.124843154995,88.79515684500493,0.008614919378675649,0.0,0.0,0.01,0.01,False,False,0.0,0.0,0.0,0.0,0.0,0.0,0.0,0.0,0.0,0.0,NORMAL_SIZE_BELOW_MINIMUM,OVERRIDE_DISABLED
2026-01-22 16:00:00,6276,fast,long,10928.044534808238,42.93866821019016,4904.52,4797.173329474525,107.34667052547539,0.007126100080160721,0.0,0.0,0.01,0.01,False,False,0.0,0.0,0.0,0.0,0.0,0.0,0.0,0.0,0.0,0.0,NORMAL_SIZE_BELOW_MINIMUM,OVERRIDE_DISABLED
2026-01-22 16:00:00,6276,medium,long,10928.044534808238,42.93866821019016,4904.52,4797.173329474525,107.34667052547539,0.007126100080160721,0.0,0.0,0.01,0.01,False,False,0.0,0.0,0.0,0.0,0.0,0.0,0.0,0.0,0.0,0.0,NORMAL_SIZE_BELOW_MINIMUM,OVERRIDE_DISABLED
2026-01-22 16:00:00,6276,slow,long,10928.044534808238,42.93866821019016,4904.52,4797.173329474525,107.34667052547539,0.007126100080160721,0.0,0.0,0.01,0.01,False,False,0.0,0.0,0.0,0.0,0.0,0.0,0.0,0.0,0.0,0.0,NORMAL_SIZE_BELOW_MINIMUM,OVERRIDE_DISABLED
2026-01-22 20:00:00,6277,fast,long,10928.044534808238,42.75523479968062,4935.85,4828.961913000799,106.88808699920156,0.007156673291779379,0.0,0.0,0.01,0.01,False,False,0.0,0.0,0.0,0.0,0.0,0.0,0.0,0.0,0.0,0.0,NORMAL_SIZE_BELOW_MINIMUM,OVERRIDE_DISABLED
2026-01-22 20:00:00,6277,medium,long,10928.044534808238,42.75523479968062,4935.85,4828.961913000799,106.88808699920156,0.007156673291779379,0.0,0.0,0.01,0.01,False,False,0.0,0.0,0.0,0.0,0.0,0.0,0.0,0.0,0.0,0.0,NORMAL_SIZE_BELOW_MINIMUM,OVERRIDE_DISABLED
2026-01-22 20:00:00,6277,slow,long,10928.044534808238,42.75523479968062,4935.85,4828.961913000799,106.88808699920156,0.007156673291779379,0.0,0.0,0.01,0.01,False,False,0.0,0.0,0.0,0.0,0.0,0.0,0.0,0.0,0.0,0.0,NORMAL_SIZE_BELOW_MINIMUM,OVERRIDE_DISABLED
2026-01-23 00:00:00,6278,fast,long,10928.044534808238,42.45297305969659,4953.54,4847.407567350759,106.13243264924148,0.007207628227694673,0.0,0.0,0.01,0.01,False,False,0.0,0.0,0.0,0.0,0.0,0.0,0.0,0.0,0.0,0.0,NORMAL_SIZE_BELOW_MINIMUM,OVERRIDE_DISABLED
2026-01-23 00:00:00,6278,medium,long,10928.044534808238,42.45297305969659,4953.54,4847.407567350759,106.13243264924148,0.007207628227694673,0.0,0.0,0.01,0.01,False,False,0.0,0.0,0.0,0.0,0.0,0.0,0.0,0.0,0.0,0.0,NORMAL_SIZE_BELOW_MINIMUM,OVERRIDE_DISABLED
2026-01-23 00:00:00,6278,slow,long,10928.044534808238,42.45297305969659,4953.54,4847.407567350759,106.13243264924148,0.007207628227694673,0.0,0.0,0.01,0.01,False,False,0.0,0.0,0.0,0.0,0.0,0.0,0.0,0.0,0.0,0.0,NORMAL_SIZE_BELOW_MINIMUM,OVERRIDE_DISABLED
2026-01-26 00:00:00,6284,fast,long,10928.044534808238,45.42263634660452,5070.92,4957.363409133489,113.5565908665113,0.006736404391849086,0.0,0.0,0.01,0.01,False,False,0.0,0.0,0.0,0.0,0.0,0.0,0.0,0.0,0.0,0.0,NORMAL_SIZE_BELOW_MINIMUM,OVERRIDE_DISABLED
2026-01-26 00:00:00,6284,medium,long,10928.044534808238,45.42263634660452,5070.92,4957.363409133489,113.5565908665113,0.006736404391849086,0.0,0.0,0.01,0.01,False,False,0.0,0.0,0.0,0.0,0.0,0.0,0.0,0.0,0.0,0.0,NORMAL_SIZE_BELOW_MINIMUM,OVERRIDE_DISABLED
2026-01-26 00:00:00,6284,slow,long,10928.044534808238,45.42263634660452,5070.92,4957.363409133489,113.5565908665113,0.006736404391849086,0.0,0.0,0.01,0.01,False,False,0.0,0.0,0.0,0.0,0.0,0.0,0.0,0.0,0.0,0.0,NORMAL_SIZE_BELOW_MINIMUM,OVERRIDE_DISABLED
2026-01-27 20:00:00,6295,fast,long,10928.044534808238,50.68926922055238,5178.6,5051.876826948619,126.72317305138095,0.006036489609729201,0.0,0.0,0.01,0.01,False,False,0.0,0.0,0.0,0.0,0.0,0.0,0.0,0.0,0.0,0.0,NORMAL_SIZE_BELOW_MINIMUM,OVERRIDE_DISABLED
2026-01-27 20:00:00,6295,medium,long,10928.044534808238,50.68926922055238,5178.6,5051.876826948619,126.72317305138095,0.006036489609729201,0.0,0.0,0.01,0.01,False,False,0.0,0.0,0.0,0.0,0.0,0.0,0.0,0.0,0.0,0.0,NORMAL_SIZE_BELOW_MINIMUM,OVERRIDE_DISABLED
2026-01-27 20:00:00,6295,slow,long,10928.044534808238,50.68926922055238,5178.6,5051.876826948619,126.72317305138095,0.006036489609729201,0.0,0.0,0.01,0.01,False,False,0.0,0.0,0.0,0.0,0.0,0.0,0.0,0.0,0.0,0.0,NORMAL_SIZE_BELOW_MINIMUM,OVERRIDE_DISABLED
2026-01-28 00:00:00,6296,fast,long,10928.044534808238,51.55580575952474,5204.77,5075.880485601188,128.88951439881185,0.005935029866507343,0.0,0.0,0.01,0.01,False,False,0.0,0.0,0.0,0.0,0.0,0.0,0.0,0.0,0.0,0.0,NORMAL_SIZE_BELOW_MINIMUM,OVERRIDE_DISABLED
2026-01-28 00:00:00,6296,medium,long,10928.044534808238,51.55580575952474,5204.77,5075.880485601188,128.88951439881185,0.005935029866507343,0.0,0.0,0.01,0.01,False,False,0.0,0.0,0.0,0.0,0.0,0.0,0.0,0.0,0.0,0.0,NORMAL_SIZE_BELOW_MINIMUM,OVERRIDE_DISABLED
2026-01-28 00:00:00,6296,slow,long,10928.044534808238,51.55580575952474,5204.77,5075.880485601188,128.88951439881185,0.005935029866507343,0.0,0.0,0.01,0.01,False,False,0.0,0.0,0.0,0.0,0.0,0.0,0.0,0.0,0.0,0.0,NORMAL_SIZE_BELOW_MINIMUM,OVERRIDE_DISABLED
2026-01-28 04:00:00,6297,fast,long,10928.044534808238,52.221015471548476,5261.21,5130.657461321129,130.5525386788712,0.0058594273629424196,0.0,0.0,0.01,0.01,False,False,0.0,0.0,0.0,0.0,0.0,0.0,0.0,0.0,0.0,0.0,NORMAL_SIZE_BELOW_MINIMUM,OVERRIDE_DISABLED
2026-01-28 04:00:00,6297,medium,long,10928.044534808238,52.221015471548476,5261.21,5130.657461321129,130.5525386788712,0.0058594273629424196,0.0,0.0,0.01,0.01,False,False,0.0,0.0,0.0,0.0,0.0,0.0,0.0,0.0,0.0,0.0,NORMAL_SIZE_BELOW_MINIMUM,OVERRIDE_DISABLED
2026-01-28 04:00:00,6297,slow,long,10928.044534808238,52.221015471548476,5261.21,5130.657461321129,130.5525386788712,0.0058594273629424196,0.0,0.0,0.01,0.01,False,False,0.0,0.0,0.0,0.0,0.0,0.0,0.0,0.0,0.0,0.0,NORMAL_SIZE_BELOW_MINIMUM,OVERRIDE_DISABLED
2026-01-28 08:00:00,6298,fast,long,10928.044534808238,52.58346469797107,5278.17,5146.711338255072,131.45866174492767,0.005819039287961508,0.0,0.0,0.01,0.01,False,False,0.0,0.0,0.0,0.0,0.0,0.0,0.0,0.0,0.0,0.0,NORMAL_SIZE_BELOW_MINIMUM,OVERRIDE_DISABLED
2026-01-28 08:00:00,6298,medium,long,10928.044534808238,52.58346469797107,5278.17,5146.711338255072,131.45866174492767,0.005819039287961508,0.0,0.0,0.01,0.01,False,False,0.0,0.0,0.0,0.0,0.0,0.0,0.0,0.0,0.0,0.0,NORMAL_SIZE_BELOW_MINIMUM,OVERRIDE_DISABLED
2026-01-28 08:00:00,6298,slow,long,10928.044534808238,52.58346469797107,5278.17,5146.711338255072,131.45866174492767,0.005819039287961508,0.0,0.0,0.01,0.01,False,False,0.0,0.0,0.0,0.0,0.0,0.0,0.0,0.0,0.0,0.0,NORMAL_SIZE_BELOW_MINIMUM,OVERRIDE_DISABLED
2026-01-28 20:00:00,6301,fast,long,10928.044534808238,58.29757429542302,5416.22,5270.476064261443,145.74393573855755,0.005248678880257522,0.0,0.0,0.01,0.01,False,False,0.0,0.0,0.0,0.0,0.0,0.0,0.0,0.0,0.0,0.0,NORMAL_SIZE_BELOW_MINIMUM,OVERRIDE_DISABLED
2026-01-28 20:00:00,6301,medium,long,10928.044534808238,58.29757429542302,5416.22,5270.476064261443,145.74393573855755,0.005248678880257522,0.0,0.0,0.01,0.01,False,False,0.0,0.0,0.0,0.0,0.0,0.0,0.0,0.0,0.0,0.0,NORMAL_SIZE_BELOW_MINIMUM,OVERRIDE_DISABLED
2026-01-28 20:00:00,6301,slow,long,10928.044534808238,58.29757429542302,5416.22,5270.476064261443,145.74393573855755,0.005248678880257522,0.0,0.0,0.01,0.01,False,False,0.0,0.0,0.0,0.0,0.0,0.0,0.0,0.0,0.0,0.0,NORMAL_SIZE_BELOW_MINIMUM,OVERRIDE_DISABLED
2026-01-29 00:00:00,6302,fast,long,10928.044534808238,64.47419558065187,5545.75,5384.56451104837,161.18548895162968,0.004745855985002069,0.0,0.0,0.01,0.01,False,False,0.0,0.0,0.0,0.0,0.0,0.0,0.0,0.0,0.0,0.0,NORMAL_SIZE_BELOW_MINIMUM,OVERRIDE_DISABLED
2026-01-29 00:00:00,6302,medium,long,10928.044534808238,64.47419558065187,5545.75,5384.56451104837,161.18548895162968,0.004745855985002069,0.0,0.0,0.01,0.01,False,False,0.0,0.0,0.0,0.0,0.0,0.0,0.0,0.0,0.0,0.0,NORMAL_SIZE_BELOW_MINIMUM,OVERRIDE_DISABLED
2026-01-29 00:00:00,6302,slow,long,10928.044534808238,64.47419558065187,5545.75,5384.56451104837,161.18548895162968,0.004745855985002069,0.0,0.0,0.01,0.01,False,False,0.0,0.0,0.0,0.0,0.0,0.0,0.0,0.0,0.0,0.0,NORMAL_SIZE_BELOW_MINIMUM,OVERRIDE_DISABLED
2026-02-02 04:00:00,6315,fast,short,10928.044534808238,142.7284232155178,4549.56,4906.381058038794,356.8210580387945,0.0021438283985846145,0.0,0.0,0.01,0.01,False,False,0.0,0.0,0.0,0.0,0.0,0.0,0.0,0.0,0.0,0.0,NORMAL_SIZE_BELOW_MINIMUM,OVERRIDE_DISABLED
2026-02-02 04:00:00,6315,medium,short,10928.044534808238,142.7284232155178,4549.56,4906.381058038794,356.8210580387945,0.0021438283985846145,0.0,0.0,0.01,0.01,False,False,0.0,0.0,0.0,0.0,0.0,0.0,0.0,0.0,0.0,0.0,NORMAL_SIZE_BELOW_MINIMUM,OVERRIDE_DISABLED
2026-02-12 16:00:00,6366,fast,short,10928.044534808238,76.72518347549143,4940.99,5132.802958688729,191.8129586887286,0.0039880679734362896,0.0,0.0,0.01,0.01,False,False,0.0,0.0,0.0,0.0,0.0,0.0,0.0,0.0,0.0,0.0,NORMAL_SIZE_BELOW_MINIMUM,OVERRIDE_DISABLED
2026-02-20 08:00:00,6400,fast,long,10928.044534808238,49.6369637306228,5027.71,4903.617590673443,124.092409326557,0.006164463415514222,0.0,0.0,0.01,0.01,False,False,0.0,0.0,0.0,0.0,0.0,0.0,0.0,0.0,0.0,0.0,NORMAL_SIZE_BELOW_MINIMUM,OVERRIDE_DISABLED
2026-02-20 12:00:00,6401,fast,long,10928.044534808238,49.26111554409165,5043.65,4920.49721113977,123.15278886022912,0.0062114965037841155,0.0,0.0,0.01,0.01,False,False,0.0,0.0,0.0,0.0,0.0,0.0,0.0,0.0,0.0,0.0,NORMAL_SIZE_BELOW_MINIMUM,OVERRIDE_DISABLED
2026-02-23 00:00:00,6404,fast,long,10928.044534808238,52.184940189615595,5157.65,5027.18764952596,130.462350474039,0.005863477966302611,0.0,0.0,0.01,0.01,False,False,0.0,0.0,0.0,0.0,0.0,0.0,0.0,0.0,0.0,0.0,NORMAL_SIZE_BELOW_MINIMUM,OVERRIDE_DISABLED
2026-02-23 00:00:00,6404,medium,long,10928.044534808238,52.184940189615595,5157.65,5027.18764952596,130.462350474039,0.005863477966302611,0.0,0.0,0.01,0.01,False,False,0.0,0.0,0.0,0.0,0.0,0.0,0.0,0.0,0.0,0.0,NORMAL_SIZE_BELOW_MINIMUM,OVERRIDE_DISABLED
2026-02-23 16:00:00,6408,fast,long,10928.044534808238,50.292774440318084,5207.94,5082.208063899205,125.73193610079521,0.0060840796790350106,0.0,0.0,0.01,0.01,False,False,0.0,0.0,0.0,0.0,0.0,0.0,0.0,0.0,0.0,0.0,NORMAL_SIZE_BELOW_MINIMUM,OVERRIDE_DISABLED
2026-02-23 16:00:00,6408,medium,long,10928.044534808238,50.292774440318084,5207.94,5082.208063899205,125.73193610079521,0.0060840796790350106,0.0,0.0,0.01,0.01,False,False,0.0,0.0,0.0,0.0,0.0,0.0,0.0,0.0,0.0,0.0,NORMAL_SIZE_BELOW_MINIMUM,OVERRIDE_DISABLED
2026-02-23 20:00:00,6409,fast,long,10928.044534808238,49.611135718302165,5228.01,5103.982160704245,124.02783929575541,0.006167672691712817,0.0,0.0,0.01,0.01,False,False,0.0,0.0,0.0,0.0,0.0,0.0,0.0,0.0,0.0,0.0,NORMAL_SIZE_BELOW_MINIMUM,OVERRIDE_DISABLED
2026-02-23 20:00:00,6409,medium,long,10928.044534808238,49.611135718302165,5228.01,5103.982160704245,124.02783929575541,0.006167672691712817,0.0,0.0,0.01,0.01,False,False,0.0,0.0,0.0,0.0,0.0,0.0,0.0,0.0,0.0,0.0,NORMAL_SIZE_BELOW_MINIMUM,OVERRIDE_DISABLED
2026-02-27 12:00:00,6431,fast,long,10928.044534808238,46.40658145560398,5223.14,5107.12354636099,116.01645363900994,0.006593574389170621,0.0,0.0,0.01,0.01,False,False,0.0,0.0,0.0,0.0,0.0,0.0,0.0,0.0,0.0,0.0,NORMAL_SIZE_BELOW_MINIMUM,OVERRIDE_DISABLED
2026-03-02 00:00:00,6434,fast,long,10928.044534808238,50.259471525498455,5323.84,5198.191321186254,125.64867881374613,0.006088111109950553,0.0,0.0,0.01,0.01,False,False,0.0,0.0,0.0,0.0,0.0,0.0,0.0,0.0,0.0,0.0,NORMAL_SIZE_BELOW_MINIMUM,OVERRIDE_DISABLED
2026-03-02 00:00:00,6434,medium,long,10928.044534808238,50.259471525498455,5323.84,5198.191321186254,125.64867881374613,0.006088111109950553,0.0,0.0,0.01,0.01,False,False,0.0,0.0,0.0,0.0,0.0,0.0,0.0,0.0,0.0,0.0,NORMAL_SIZE_BELOW_MINIMUM,OVERRIDE_DISABLED
2026-03-02 00:00:00,6434,slow,long,10928.044534808238,50.259471525498455,5323.84,5198.191321186254,125.64867881374613,0.006088111109950553,0.0,0.0,0.01,0.01,False,False,0.0,0.0,0.0,0.0,0.0,0.0,0.0,0.0,0.0,0.0,NORMAL_SIZE_BELOW_MINIMUM,OVERRIDE_DISABLED
2026-03-10 12:00:00,6473,fast,long,10928.044534808238,63.74067713944599,5205.62,5046.268307151385,159.351692848615,0.004800470605375344,0.0,0.0,0.01,0.01,False,False,0.0,0.0,0.0,0.0,0.0,0.0,0.0,0.0,0.0,0.0,NORMAL_SIZE_BELOW_MINIMUM,OVERRIDE_DISABLED
2026-03-18 12:00:00,6509,fast,short,10928.044534808238,50.25682241194141,4878.21,5003.852056029854,125.64205602985352,0.006088432023548035,0.0,0.0,0.01,0.01,False,False,0.0,0.0,0.0,0.0,0.0,0.0,0.0,0.0,0.0,0.0,NORMAL_SIZE_BELOW_MINIMUM,OVERRIDE_DISABLED
2026-03-18 12:00:00,6509,medium,short,10928.044534808238,50.25682241194141,4878.21,5003.852056029854,125.64205602985352,0.006088432023548035,0.0,0.0,0.01,0.01,False,False,0.0,0.0,0.0,0.0,0.0,0.0,0.0,0.0,0.0,0.0,NORMAL_SIZE_BELOW_MINIMUM,OVERRIDE_DISABLED
2026-03-18 12:00:00,6509,slow,short,10928.044534808238,50.25682241194141,4878.21,5003.852056029854,125.64205602985352,0.006088432023548035,0.0,0.0,0.01,0.01,False,False,0.0,0.0,0.0,0.0,0.0,0.0,0.0,0.0,0.0,0.0,NORMAL_SIZE_BELOW_MINIMUM,OVERRIDE_DISABLED
2026-03-18 20:00:00,6511,fast,short,10928.044534808238,51.97765722677715,4817.94,4947.884143066943,129.94414306694287,0.005886861072626361,0.0,0.0,0.01,0.01,False,False,0.0,0.0,0.0,0.0,0.0,0.0,0.0,0.0,0.0,0.0,NORMAL_SIZE_BELOW_MINIMUM,OVERRIDE_DISABLED
2026-03-18 20:00:00,6511,medium,short,10928.044534808238,51.97765722677715,4817.94,4947.884143066943,129.94414306694287,0.005886861072626361,0.0,0.0,0.01,0.01,False,False,0.0,0.0,0.0,0.0,0.0,0.0,0.0,0.0,0.0,0.0,NORMAL_SIZE_BELOW_MINIMUM,OVERRIDE_DISABLED
2026-03-18 20:00:00,6511,slow,short,10928.044534808238,51.97765722677715,4817.94,4947.884143066943,129.94414306694287,0.005886861072626361,0.0,0.0,0.01,0.01,False,False,0.0,0.0,0.0,0.0,0.0,0.0,0.0,0.0,0.0,0.0,NORMAL_SIZE_BELOW_MINIMUM,OVERRIDE_DISABLED
2026-03-19 08:00:00,6514,fast,short,10928.044534808238,57.00434886480811,4699.02,4841.53087216202,142.51087216202026,0.005367752690243113,0.0,0.0,0.01,0.01,False,False,0.0,0.0,0.0,0.0,0.0,0.0,0.0,0.0,0.0,0.0,NORMAL_SIZE_BELOW_MINIMUM,OVERRIDE_DISABLED
2026-03-19 08:00:00,6514,medium,short,10928.044534808238,57.00434886480811,4699.02,4841.53087216202,142.51087216202026,0.005367752690243113,0.0,0.0,0.01,0.01,False,False,0.0,0.0,0.0,0.0,0.0,0.0,0.0,0.0,0.0,0.0,NORMAL_SIZE_BELOW_MINIMUM,OVERRIDE_DISABLED
2026-03-19 08:00:00,6514,slow,short,10928.044534808238,57.00434886480811,4699.02,4841.53087216202,142.51087216202026,0.005367752690243113,0.0,0.0,0.01,0.01,False,False,0.0,0.0,0.0,0.0,0.0,0.0,0.0,0.0,0.0,0.0,NORMAL_SIZE_BELOW_MINIMUM,OVERRIDE_DISABLED
2026-03-19 12:00:00,6515,fast,short,10928.044534808238,65.01613142156774,4621.72,4784.26032855392,162.54032855391932,0.004706297349354848,0.0,0.0,0.01,0.01,False,False,0.0,0.0,0.0,0.0,0.0,0.0,0.0,0.0,0.0,0.0,NORMAL_SIZE_BELOW_MINIMUM,OVERRIDE_DISABLED
2026-03-19 12:00:00,6515,medium,short,10928.044534808238,65.01613142156774,4621.72,4784.26032855392,162.54032855391932,0.004706297349354848,0.0,0.0,0.01,0.01,False,False,0.0,0.0,0.0,0.0,0.0,0.0,0.0,0.0,0.0,0.0,NORMAL_SIZE_BELOW_MINIMUM,OVERRIDE_DISABLED
2026-03-19 12:00:00,6515,slow,short,10928.044534808238,65.01613142156774,4621.72,4784.26032855392,162.54032855391932,0.004706297349354848,0.0,0.0,0.01,0.01,False,False,0.0,0.0,0.0,0.0,0.0,0.0,0.0,0.0,0.0,0.0,NORMAL_SIZE_BELOW_MINIMUM,OVERRIDE_DISABLED
2026-03-23 00:00:00,6524,fast,short,10928.044534808238,76.89400585940592,4387.64,4579.875014648515,192.2350146485148,0.003979312087526021,0.0,0.0,0.01,0.01,False,False,0.0,0.0,0.0,0.0,0.0,0.0,0.0,0.0,0.0,0.0,NORMAL_SIZE_BELOW_MINIMUM,OVERRIDE_DISABLED
2026-03-23 00:00:00,6524,medium,short,10928.044534808238,76.89400585940592,4387.64,4579.875014648515,192.2350146485148,0.003979312087526021,0.0,0.0,0.01,0.01,False,False,0.0,0.0,0.0,0.0,0.0,0.0,0.0,0.0,0.0,0.0,NORMAL_SIZE_BELOW_MINIMUM,OVERRIDE_DISABLED
2026-03-23 00:00:00,6524,slow,short,10928.044534808238,76.89400585940592,4387.64,4579.875014648515,192.2350146485148,0.003979312087526021,0.0,0.0,0.01,0.01,False,False,0.0,0.0,0.0,0.0,0.0,0.0,0.0,0.0,0.0,0.0,NORMAL_SIZE_BELOW_MINIMUM,OVERRIDE_DISABLED
2026-03-23 04:00:00,6525,fast,short,10928.044534808238,79.03530556643564,4310.35,4507.938263916089,197.5882639160891,0.0038715007778065084,0.0,0.0,0.01,0.01,False,False,0.0,0.0,0.0,0.0,0.0,0.0,0.0,0.0,0.0,0.0,NORMAL_SIZE_BELOW_MINIMUM,OVERRIDE_DISABLED
2026-03-23 04:00:00,6525,medium,short,10928.044534808238,79.03530556643564,4310.35,4507.938263916089,197.5882639160891,0.0038715007778065084,0.0,0.0,0.01,0.01,False,False,0.0,0.0,0.0,0.0,0.0,0.0,0.0,0.0,0.0,0.0,NORMAL_SIZE_BELOW_MINIMUM,OVERRIDE_DISABLED
2026-03-23 04:00:00,6525,slow,short,10928.044534808238,79.03530556643564,4310.35,4507.938263916089,197.5882639160891,0.0038715007778065084,0.0,0.0,0.01,0.01,False,False,0.0,0.0,0.0,0.0,0.0,0.0,0.0,0.0,0.0,0.0,NORMAL_SIZE_BELOW_MINIMUM,OVERRIDE_DISABLED
2026-03-23 08:00:00,6526,fast,short,10928.044534808238,85.67554028811387,4253.69,4467.878850720284,214.18885072028468,0.0035714422803246825,0.0,0.0,0.01,0.01,False,False,0.0,0.0,0.0,0.0,0.0,0.0,0.0,0.0,0.0,0.0,NORMAL_SIZE_BELOW_MINIMUM,OVERRIDE_DISABLED
2026-03-23 08:00:00,6526,medium,short,10928.044534808238,85.67554028811387,4253.69,4467.878850720284,214.18885072028468,0.0035714422803246825,0.0,0.0,0.01,0.01,False,False,0.0,0.0,0.0,0.0,0.0,0.0,0.0,0.0,0.0,0.0,NORMAL_SIZE_BELOW_MINIMUM,OVERRIDE_DISABLED
2026-03-23 08:00:00,6526,slow,short,10928.044534808238,85.67554028811387,4253.69,4467.878850720284,214.18885072028468,0.0035714422803246825,0.0,0.0,0.01,0.01,False,False,0.0,0.0,0.0,0.0,0.0,0.0,0.0,0.0,0.0,0.0,NORMAL_SIZE_BELOW_MINIMUM,OVERRIDE_DISABLED
2026-03-31 16:00:00,6564,fast,long,10928.044534808238,73.80850791764992,4638.22,4453.698730205875,184.5212697941248,0.004145663631569769,0.0,0.0,0.01,0.01,False,False,0.0,0.0,0.0,0.0,0.0,0.0,0.0,0.0,0.0,0.0,NORMAL_SIZE_BELOW_MINIMUM,OVERRIDE_DISABLED
2026-03-31 20:00:00,6565,fast,long,10928.044534808238,72.65608252176743,4667.57,4485.929793695581,181.64020630441857,0.004211419558478932,0.0,0.0,0.01,0.01,False,False,0.0,0.0,0.0,0.0,0.0,0.0,0.0,0.0,0.0,0.0,NORMAL_SIZE_BELOW_MINIMUM,OVERRIDE_DISABLED
2026-04-01 00:00:00,6566,fast,long,10928.044534808238,72.05877839567906,4710.89,4530.743054010803,180.14694598919763,0.004246328536052157,0.0,0.0,0.01,0.01,False,False,0.0,0.0,0.0,0.0,0.0,0.0,0.0,0.0,0.0,0.0,NORMAL_SIZE_BELOW_MINIMUM,OVERRIDE_DISABLED
2026-04-01 08:00:00,6568,fast,long,10928.044534808238,71.38617250210035,4728.67,4550.204568744749,178.46543125525088,0.00428633776332003,0.0,0.0,0.01,0.01,False,False,0.0,0.0,0.0,0.0,0.0,0.0,0.0,0.0,0.0,0.0,NORMAL_SIZE_BELOW_MINIMUM,OVERRIDE_DISABLED
2026-04-01 16:00:00,6570,fast,long,10928.044534808238,70.51459568314557,4787.32,4611.0335107921355,176.28648920786392,0.004339317895965294,0.0,0.0,0.01,0.01,False,False,0.0,0.0,0.0,0.0,0.0,0.0,0.0,0.0,0.0,0.0,NORMAL_SIZE_BELOW_MINIMUM,OVERRIDE_DISABLED
2026-04-01 16:00:00,6570,medium,long,10928.044534808238,70.51459568314557,4787.32,4611.0335107921355,176.28648920786392,0.004339317895965294,0.0,0.0,0.01,0.01,False,False,0.0,0.0,0.0,0.0,0.0,0.0,0.0,0.0,0.0,0.0,NORMAL_SIZE_BELOW_MINIMUM,OVERRIDE_DISABLED
2026-04-08 00:00:00,6590,fast,long,10928.044534808238,68.0429353237928,4817.88,4647.772661690518,170.107338309482,0.004496943665327674,0.0,0.0,0.01,0.01,False,False,0.0,0.0,0.0,0.0,0.0,0.0,0.0,0.0,0.0,0.0,NORMAL_SIZE_BELOW_MINIMUM,OVERRIDE_DISABLED
2026-04-08 00:00:00,6590,medium,long,10928.044534808238,68.0429353237928,4817.88,4647.772661690518,170.107338309482,0.004496943665327674,0.0,0.0,0.01,0.01,False,False,0.0,0.0,0.0,0.0,0.0,0.0,0.0,0.0,0.0,0.0,NORMAL_SIZE_BELOW_MINIMUM,OVERRIDE_DISABLED
2026-04-14 16:00:00,6618,fast,long,10928.044534808238,47.19016744798665,4810.24,4692.264581380033,117.97541861996663,0.006484089027907981,0.0,0.0,0.01,0.01,False,False,0.0,0.0,0.0,0.0,0.0,0.0,0.0,0.0,0.0,0.0,NORMAL_SIZE_BELOW_MINIMUM,OVERRIDE_DISABLED
2026-04-14 20:00:00,6619,fast,long,10928.044534808238,46.6651590755873,4841.1,4724.4371023110325,116.66289768896824,0.006557038549445462,0.0,0.0,0.01,0.01,False,False,0.0,0.0,0.0,0.0,0.0,0.0,0.0,0.0,0.0,0.0,NORMAL_SIZE_BELOW_MINIMUM,OVERRIDE_DISABLED
2026-04-21 16:00:00,6648,fast,short,10928.044534808238,40.328015456948904,4711.09,4811.9100386423725,100.82003864237225,0.0075874114683693525,0.0,0.0,0.01,0.01,False,False,0.0,0.0,0.0,0.0,0.0,0.0,0.0,0.0,0.0,0.0,NORMAL_SIZE_BELOW_MINIMUM,OVERRIDE_DISABLED
2026-04-28 08:00:00,6676,fast,short,10928.044534808238,35.88795968294268,4629.7,4719.419899207356,89.71989920735669,0.00852612546597525,0.0,0.0,0.01,0.01,False,False,0.0,0.0,0.0,0.0,0.0,0.0,0.0,0.0,0.0,0.0,NORMAL_SIZE_BELOW_MINIMUM,OVERRIDE_DISABLED
2026-04-28 08:00:00,6676,medium,short,10928.044534808238,35.88795968294268,4629.7,4719.419899207356,89.71989920735669,0.00852612546597525,0.0,0.0,0.01,0.01,False,False,0.0,0.0,0.0,0.0,0.0,0.0,0.0,0.0,0.0,0.0,NORMAL_SIZE_BELOW_MINIMUM,OVERRIDE_DISABLED
2026-04-28 12:00:00,6677,fast,short,10928.044534808238,37.85306169879552,4593.79,4688.422654246989,94.6326542469888,0.008083500600543681,0.0,0.0,0.01,0.01,False,False,0.0,0.0,0.0,0.0,0.0,0.0,0.0,0.0,0.0,0.0,NORMAL_SIZE_BELOW_MINIMUM,OVERRIDE_DISABLED
2026-04-28 12:00:00,6677,medium,short,10928.044534808238,37.85306169879552,4593.79,4688.422654246989,94.6326542469888,0.008083500600543681,0.0,0.0,0.01,0.01,False,False,0.0,0.0,0.0,0.0,0.0,0.0,0.0,0.0,0.0,0.0,NORMAL_SIZE_BELOW_MINIMUM,OVERRIDE_DISABLED
2026-04-29 12:00:00,6683,fast,short,10928.044534808238,36.502021534331114,4544.92,4636.175053835828,91.25505383582778,0.008382693180070682,0.0,0.0,0.01,0.01,False,False,0.0,0.0,0.0,0.0,0.0,0.0,0.0,0.0,0.0,0.0,NORMAL_SIZE_BELOW_MINIMUM,OVERRIDE_DISABLED
2026-04-29 12:00:00,6683,medium,short,10928.044534808238,36.502021534331114,4544.92,4636.175053835828,91.25505383582778,0.008382693180070682,0.0,0.0,0.01,0.01,False,False,0.0,0.0,0.0,0.0,0.0,0.0,0.0,0.0,0.0,0.0,NORMAL_SIZE_BELOW_MINIMUM,OVERRIDE_DISABLED
2026-05-06 08:00:00,6712,fast,long,10928.044534808238,39.629126819756955,4700.03,4600.957182950608,99.07281704939238,0.007721221019234843,0.0,0.0,0.01,0.01,False,False,0.0,0.0,0.0,0.0,0.0,0.0,0.0,0.0,0.0,0.0,NORMAL_SIZE_BELOW_MINIMUM,OVERRIDE_DISABLED
2026-05-07 08:00:00,6718,fast,long,10928.044534808238,39.79522284587811,4731.19,4631.701942885305,99.48805711469527,0.007688994434323764,0.0,0.0,0.01,0.01,False,False,0.0,0.0,0.0,0.0,0.0,0.0,0.0,0.0,0.0,0.0,NORMAL_SIZE_BELOW_MINIMUM,OVERRIDE_DISABLED
2026-05-15 00:00:00,6752,fast,short,10928.044534808238,36.57235782462806,4630.57,4722.00089456157,91.43089456157014,0.00836657150851177,0.0,0.0,0.01,0.01,False,False,0.0,0.0,0.0,0.0,0.0,0.0,0.0,0.0,0.0,0.0,NORMAL_SIZE_BELOW_MINIMUM,OVERRIDE_DISABLED
2026-05-15 04:00:00,6753,fast,short,10928.044534808238,36.10623993339665,4605.83,4696.095599833491,90.26559983349162,0.008474580779916882,0.0,0.0,0.01,0.01,False,False,0.0,0.0,0.0,0.0,0.0,0.0,0.0,0.0,0.0,0.0,NORMAL_SIZE_BELOW_MINIMUM,OVERRIDE_DISABLED
2026-05-15 08:00:00,6754,fast,short,10928.044534808238,37.113927936726824,4554.38,4647.164819841817,92.78481984181707,0.008244485668460784,0.0,0.0,0.01,0.01,False,False,0.0,0.0,0.0,0.0,0.0,0.0,0.0,0.0,0.0,0.0,NORMAL_SIZE_BELOW_MINIMUM,OVERRIDE_DISABLED
2026-05-15 12:00:00,6755,fast,short,10928.044534808238,37.2902315398905,4545.87,4639.095578849726,93.22557884972625,0.008205506759787986,0.0,0.0,0.01,0.01,False,False,0.0,0.0,0.0,0.0,0.0,0.0,0.0,0.0,0.0,0.0,NORMAL_SIZE_BELOW_MINIMUM,OVERRIDE_DISABLED
2026-05-20 04:00:00,6771,fast,short,10928.044534808238,39.773851690882644,4462.09,4561.524629227207,99.43462922720661,0.00769312585948953,0.0,0.0,0.01,0.01,False,False,0.0,0.0,0.0,0.0,0.0,0.0,0.0,0.0,0.0,0.0,NORMAL_SIZE_BELOW_MINIMUM,OVERRIDE_DISABLED
2026-05-20 04:00:00,6771,medium,short,10928.044534808238,39.773851690882644,4462.09,4561.524629227207,99.43462922720661,0.00769312585948953,0.0,0.0,0.01,0.01,False,False,0.0,0.0,0.0,0.0,0.0,0.0,0.0,0.0,0.0,0.0,NORMAL_SIZE_BELOW_MINIMUM,OVERRIDE_DISABLED
2026-05-20 04:00:00,6771,slow,short,10928.044534808238,39.773851690882644,4462.09,4561.524629227207,99.43462922720661,0.00769312585948953,0.0,0.0,0.01,0.01,False,False,0.0,0.0,0.0,0.0,0.0,0.0,0.0,0.0,0.0,0.0,NORMAL_SIZE_BELOW_MINIMUM,OVERRIDE_DISABLED
2026-05-27 12:00:00,6803,fast,short,10928.044534808238,34.71227263864026,4438.9,4525.6806815966,86.78068159660064,0.008814901005185716,0.0,0.0,0.01,0.01,False,False,0.0,0.0,0.0,0.0,0.0,0.0,0.0,0.0,0.0,0.0,NORMAL_SIZE_BELOW_MINIMUM,OVERRIDE_DISABLED
2026-05-27 12:00:00,6803,medium,short,10928.044534808238,34.71227263864026,4438.9,4525.6806815966,86.78068159660064,0.008814901005185716,0.0,0.0,0.01,0.01,False,False,0.0,0.0,0.0,0.0,0.0,0.0,0.0,0.0,0.0,0.0,NORMAL_SIZE_BELOW_MINIMUM,OVERRIDE_DISABLED
2026-05-27 12:00:00,6803,slow,short,10928.044534808238,34.71227263864026,4438.9,4525.6806815966,86.78068159660064,0.008814901005185716,0.0,0.0,0.01,0.01,False,False,0.0,0.0,0.0,0.0,0.0,0.0,0.0,0.0,0.0,0.0,NORMAL_SIZE_BELOW_MINIMUM,OVERRIDE_DISABLED
2026-05-28 04:00:00,6807,fast,short,10928.044534808238,36.99351557837655,4373.01,4465.493788945942,92.48378894594138,0.00827132112724872,0.0,0.0,0.01,0.01,False,False,0.0,0.0,0.0,0.0,0.0,0.0,0.0,0.0,0.0,0.0,NORMAL_SIZE_BELOW_MINIMUM,OVERRIDE_DISABLED
2026-05-28 04:00:00,6807,medium,short,10928.044534808238,36.99351557837655,4373.01,4465.493788945942,92.48378894594138,0.00827132112724872,0.0,0.0,0.01,0.01,False,False,0.0,0.0,0.0,0.0,0.0,0.0,0.0,0.0,0.0,0.0,NORMAL_SIZE_BELOW_MINIMUM,OVERRIDE_DISABLED
2026-05-28 04:00:00,6807,slow,short,10928.044534808238,36.99351557837655,4373.01,4465.493788945942,92.48378894594138,0.00827132112724872,0.0,0.0,0.01,0.01,False,False,0.0,0.0,0.0,0.0,0.0,0.0,0.0,0.0,0.0,0.0,NORMAL_SIZE_BELOW_MINIMUM,OVERRIDE_DISABLED
2026-06-03 08:00:00,6832,fast,short,10928.044534808238,34.345691997698964,4444.02,4529.884229994248,85.86422999424741,0.00890898477151459,0.0,0.0,0.01,0.01,False,False,0.0,0.0,0.0,0.0,0.0,0.0,0.0,0.0,0.0,0.0,NORMAL_SIZE_BELOW_MINIMUM,OVERRIDE_DISABLED
2026-06-05 12:00:00,6845,fast,short,10928.044534808238,36.65326998792522,4406.3,4497.933174969813,91.63317496981306,0.008348102285974268,0.0,0.0,0.01,0.01,False,False,0.0,0.0,0.0,0.0,0.0,0.0,0.0,0.0,0.0,0.0,NORMAL_SIZE_BELOW_MINIMUM,OVERRIDE_DISABLED
2026-06-08 08:00:00,6850,fast,short,10928.044534808238,40.46249765119738,4288.77,4389.926244127994,101.15624412799346,0.007562193753147509,0.0,0.0,0.01,0.01,False,False,0.0,0.0,0.0,0.0,0.0,0.0,0.0,0.0,0.0,0.0,NORMAL_SIZE_BELOW_MINIMUM,OVERRIDE_DISABLED
2026-06-08 08:00:00,6850,medium,short,10928.044534808238,40.46249765119738,4288.77,4389.926244127994,101.15624412799346,0.007562193753147509,0.0,0.0,0.01,0.01,False,False,0.0,0.0,0.0,0.0,0.0,0.0,0.0,0.0,0.0,0.0,NORMAL_SIZE_BELOW_MINIMUM,OVERRIDE_DISABLED
2026-06-08 08:00:00,6850,slow,short,10928.044534808238,40.46249765119738,4288.77,4389.926244127994,101.15624412799346,0.007562193753147509,0.0,0.0,0.01,0.01,False,False,0.0,0.0,0.0,0.0,0.0,0.0,0.0,0.0,0.0,0.0,NORMAL_SIZE_BELOW_MINIMUM,OVERRIDE_DISABLED
2026-06-09 16:00:00,6858,fast,short,10928.044534808238,41.65994236592954,4252.21,4356.359855914824,104.14985591482385,0.007344831259893255,0.0,0.0,0.01,0.01,False,False,0.0,0.0,0.0,0.0,0.0,0.0,0.0,0.0,0.0,0.0,NORMAL_SIZE_BELOW_MINIMUM,OVERRIDE_DISABLED
2026-06-09 16:00:00,6858,medium,short,10928.044534808238,41.65994236592954,4252.21,4356.359855914824,104.14985591482385,0.007344831259893255,0.0,0.0,0.01,0.01,False,False,0.0,0.0,0.0,0.0,0.0,0.0,0.0,0.0,0.0,0.0,NORMAL_SIZE_BELOW_MINIMUM,OVERRIDE_DISABLED
2026-06-09 16:00:00,6858,slow,short,10928.044534808238,41.65994236592954,4252.21,4356.359855914824,104.14985591482385,0.007344831259893255,0.0,0.0,0.01,0.01,False,False,0.0,0.0,0.0,0.0,0.0,0.0,0.0,0.0,0.0,0.0,NORMAL_SIZE_BELOW_MINIMUM,OVERRIDE_DISABLED
2026-06-10 00:00:00,6860,fast,short,10928.044534808238,41.8137979852514,4218.15,4322.684494963128,104.5344949631285,0.0073178056459391235,0.0,0.0,0.01,0.01,False,False,0.0,0.0,0.0,0.0,0.0,0.0,0.0,0.0,0.0,0.0,NORMAL_SIZE_BELOW_MINIMUM,OVERRIDE_DISABLED
2026-06-10 00:00:00,6860,medium,short,10928.044534808238,41.8137979852514,4218.15,4322.684494963128,104.5344949631285,0.0073178056459391235,0.0,0.0,0.01,0.01,False,False,0.0,0.0,0.0,0.0,0.0,0.0,0.0,0.0,0.0,0.0,NORMAL_SIZE_BELOW_MINIMUM,OVERRIDE_DISABLED
2026-06-10 00:00:00,6860,slow,short,10928.044534808238,41.8137979852514,4218.15,4322.684494963128,104.5344949631285,0.0073178056459391235,0.0,0.0,0.01,0.01,False,False,0.0,0.0,0.0,0.0,0.0,0.0,0.0,0.0,0.0,0.0,NORMAL_SIZE_BELOW_MINIMUM,OVERRIDE_DISABLED
2026-06-10 04:00:00,6861,fast,short,10928.044534808238,42.04510808598881,4174.87,4279.982770214972,105.11277021497202,0.007277546922910581,0.0,0.0,0.01,0.01,False,False,0.0,0.0,0.0,0.0,0.0,0.0,0.0,0.0,0.0,0.0,NORMAL_SIZE_BELOW_MINIMUM,OVERRIDE_DISABLED
2026-06-10 04:00:00,6861,medium,short,10928.044534808238,42.04510808598881,4174.87,4279.982770214972,105.11277021497202,0.007277546922910581,0.0,0.0,0.01,0.01,False,False,0.0,0.0,0.0,0.0,0.0,0.0,0.0,0.0,0.0,0.0,NORMAL_SIZE_BELOW_MINIMUM,OVERRIDE_DISABLED
2026-06-10 04:00:00,6861,slow,short,10928.044534808238,42.04510808598881,4174.87,4279.982770214972,105.11277021497202,0.007277546922910581,0.0,0.0,0.01,0.01,False,False,0.0,0.0,0.0,0.0,0.0,0.0,0.0,0.0,0.0,0.0,NORMAL_SIZE_BELOW_MINIMUM,OVERRIDE_DISABLED
2026-06-10 08:00:00,6862,fast,short,10928.044534808238,42.967352681689356,4169.03,4276.448381704223,107.41838170422339,0.007121342784169875,0.0,0.0,0.01,0.01,False,False,0.0,0.0,0.0,0.0,0.0,0.0,0.0,0.0,0.0,0.0,NORMAL_SIZE_BELOW_MINIMUM,OVERRIDE_DISABLED
2026-06-10 08:00:00,6862,medium,short,10928.044534808238,42.967352681689356,4169.03,4276.448381704223,107.41838170422339,0.007121342784169875,0.0,0.0,0.01,0.01,False,False,0.0,0.0,0.0,0.0,0.0,0.0,0.0,0.0,0.0,0.0,NORMAL_SIZE_BELOW_MINIMUM,OVERRIDE_DISABLED
2026-06-10 08:00:00,6862,slow,short,10928.044534808238,42.967352681689356,4169.03,4276.448381704223,107.41838170422339,0.007121342784169875,0.0,0.0,0.01,0.01,False,False,0.0,0.0,0.0,0.0,0.0,0.0,0.0,0.0,0.0,0.0,NORMAL_SIZE_BELOW_MINIMUM,OVERRIDE_DISABLED
2026-06-10 12:00:00,6863,fast,short,10928.044534808238,43.26998504760486,4146.99,4255.164962619012,108.17496261901215,0.0070715357686856415,0.0,0.0,0.01,0.01,False,False,0.0,0.0,0.0,0.0,0.0,0.0,0.0,0.0,0.0,0.0,NORMAL_SIZE_BELOW_MINIMUM,OVERRIDE_DISABLED
2026-06-10 12:00:00,6863,medium,short,10928.044534808238,43.26998504760486,4146.99,4255.164962619012,108.17496261901215,0.0070715357686856415,0.0,0.0,0.01,0.01,False,False,0.0,0.0,0.0,0.0,0.0,0.0,0.0,0.0,0.0,0.0,NORMAL_SIZE_BELOW_MINIMUM,OVERRIDE_DISABLED
2026-06-10 12:00:00,6863,slow,short,10928.044534808238,43.26998504760486,4146.99,4255.164962619012,108.17496261901215,0.0070715357686856415,0.0,0.0,0.01,0.01,False,False,0.0,0.0,0.0,0.0,0.0,0.0,0.0,0.0,0.0,0.0,NORMAL_SIZE_BELOW_MINIMUM,OVERRIDE_DISABLED
2026-06-10 16:00:00,6864,fast,short,10928.044534808238,45.07998579522458,4122.03,4234.729964488061,112.69996448806145,0.006787607439908384,0.0,0.0,0.01,0.01,False,False,0.0,0.0,0.0,0.0,0.0,0.0,0.0,0.0,0.0,0.0,NORMAL_SIZE_BELOW_MINIMUM,OVERRIDE_DISABLED
2026-06-10 16:00:00,6864,medium,short,10928.044534808238,45.07998579522458,4122.03,4234.729964488061,112.69996448806145,0.006787607439908384,0.0,0.0,0.01,0.01,False,False,0.0,0.0,0.0,0.0,0.0,0.0,0.0,0.0,0.0,0.0,NORMAL_SIZE_BELOW_MINIMUM,OVERRIDE_DISABLED
2026-06-10 16:00:00,6864,slow,short,10928.044534808238,45.07998579522458,4122.03,4234.729964488061,112.69996448806145,0.006787607439908384,0.0,0.0,0.01,0.01,False,False,0.0,0.0,0.0,0.0,0.0,0.0,0.0,0.0,0.0,0.0,NORMAL_SIZE_BELOW_MINIMUM,OVERRIDE_DISABLED
2026-06-10 20:00:00,6865,fast,short,10928.044534808238,46.22748650546333,4071.54,4187.108716263659,115.56871626365833,0.006619119275249113,0.0,0.0,0.01,0.01,False,False,0.0,0.0,0.0,0.0,0.0,0.0,0.0,0.0,0.0,0.0,NORMAL_SIZE_BELOW_MINIMUM,OVERRIDE_DISABLED
2026-06-10 20:00:00,6865,medium,short,10928.044534808238,46.22748650546333,4071.54,4187.108716263659,115.56871626365833,0.006619119275249113,0.0,0.0,0.01,0.01,False,False,0.0,0.0,0.0,0.0,0.0,0.0,0.0,0.0,0.0,0.0,NORMAL_SIZE_BELOW_MINIMUM,OVERRIDE_DISABLED
2026-06-10 20:00:00,6865,slow,short,10928.044534808238,46.22748650546333,4071.54,4187.108716263659,115.56871626365833,0.006619119275249113,0.0,0.0,0.01,0.01,False,False,0.0,0.0,0.0,0.0,0.0,0.0,0.0,0.0,0.0,0.0,NORMAL_SIZE_BELOW_MINIMUM,OVERRIDE_DISABLED
2026-06-15 04:00:00,6879,fast,long,10928.044534808238,52.19930411668754,4328.21,4197.711739708281,130.49826029171885,0.005861864485599733,0.0,0.0,0.01,0.01,False,False,0.0,0.0,0.0,0.0,0.0,0.0,0.0,0.0,0.0,0.0,NORMAL_SIZE_BELOW_MINIMUM,OVERRIDE_DISABLED
2026-06-15 12:00:00,6881,fast,long,10928.044534808238,50.467546965310504,4349.06,4222.891132586724,126.16886741327626,0.006063010100034254,0.0,0.0,0.01,0.01,False,False,0.0,0.0,0.0,0.0,0.0,0.0,0.0,0.0,0.0,0.0,NORMAL_SIZE_BELOW_MINIMUM,OVERRIDE_DISABLED
2026-06-18 20:00:00,6901,fast,short,10928.044534808238,44.89142777630591,4208.96,4321.188569440765,112.22856944076477,0.006816117511328796,0.0,0.0,0.01,0.01,False,False,0.0,0.0,0.0,0.0,0.0,0.0,0.0,0.0,0.0,0.0,NORMAL_SIZE_BELOW_MINIMUM,OVERRIDE_DISABLED
2026-06-19 00:00:00,6902,fast,short,10928.044534808238,44.06835638749058,4190.4,4300.570890968726,110.17089096872645,0.006943423173855624,0.0,0.0,0.01,0.01,False,False,0.0,0.0,0.0,0.0,0.0,0.0,0.0,0.0,0.0,0.0,NORMAL_SIZE_BELOW_MINIMUM,OVERRIDE_DISABLED
2026-06-19 04:00:00,6903,fast,short,10928.044534808238,45.33543856811605,4125.78,4239.11859642029,113.33859642029012,0.006749361132017965,0.0,0.0,0.01,0.01,False,False,0.0,0.0,0.0,0.0,0.0,0.0,0.0,0.0,0.0,0.0,NORMAL_SIZE_BELOW_MINIMUM,OVERRIDE_DISABLED
2026-06-23 04:00:00,6914,fast,short,10928.044534808238,43.648298883886255,4118.16,4227.280747209716,109.12074720971563,0.00701024449517761,0.0,0.0,0.01,0.01,False,False,0.0,0.0,0.0,0.0,0.0,0.0,0.0,0.0,0.0,0.0,NORMAL_SIZE_BELOW_MINIMUM,OVERRIDE_DISABLED
2026-06-23 08:00:00,6915,fast,short,10928.044534808238,43.79388393969194,4105.3,4214.78470984923,109.48470984922984,0.00698694017173721,0.0,0.0,0.01,0.01,False,False,0.0,0.0,0.0,0.0,0.0,0.0,0.0,0.0,0.0,0.0,NORMAL_SIZE_BELOW_MINIMUM,OVERRIDE_DISABLED
2026-06-24 04:00:00,6920,fast,short,10928.044534808238,42.455577599745986,4064.51,4170.648943999365,106.13894399936497,0.007207186058315725,0.0,0.0,0.01,0.01,False,False,0.0,0.0,0.0,0.0,0.0,0.0,0.0,0.0,0.0,0.0,NORMAL_SIZE_BELOW_MINIMUM,OVERRIDE_DISABLED
2026-06-24 12:00:00,6922,fast,short,10928.044534808238,44.63930878377075,3987.77,4099.368271959427,111.59827195942688,0.006854614359214179,0.0,0.0,0.01,0.01,False,False,0.0,0.0,0.0,0.0,0.0,0.0,0.0,0.0,0.0,0.0,NORMAL_SIZE_BELOW_MINIMUM,OVERRIDE_DISABLED
2026-06-24 12:00:00,6922,medium,short,10928.044534808238,44.63930878377075,3987.77,4099.368271959427,111.59827195942688,0.006854614359214179,0.0,0.0,0.01,0.01,False,False,0.0,0.0,0.0,0.0,0.0,0.0,0.0,0.0,0.0,0.0,NORMAL_SIZE_BELOW_MINIMUM,OVERRIDE_DISABLED
2026-06-24 12:00:00,6922,slow,short,10928.044534808238,44.63930878377075,3987.77,4099.368271959427,111.59827195942688,0.006854614359214179,0.0,0.0,0.01,0.01,False,False,0.0,0.0,0.0,0.0,0.0,0.0,0.0,0.0,0.0,0.0,NORMAL_SIZE_BELOW_MINIMUM,OVERRIDE_DISABLED
2026-07-02 12:00:00,6958,fast,long,10928.044534808238,43.26120197433467,4117.59,4009.4369950641635,108.15300493583666,0.007072971461961708,0.0,0.0,0.01,0.01,False,False,0.0,0.0,0.0,0.0,0.0,0.0,0.0,0.0,0.0,0.0,NORMAL_SIZE_BELOW_MINIMUM,OVERRIDE_DISABLED
2026-07-03 00:00:00,6961,fast,long,10928.044534808238,41.56249054274519,4147.1,4043.1937736431373,103.90622635686297,0.007362052730212071,0.0,0.0,0.01,0.01,False,False,0.0,0.0,0.0,0.0,0.0,0.0,0.0,0.0,0.0,0.0,NORMAL_SIZE_BELOW_MINIMUM,OVERRIDE_DISABLED
2026-07-03 04:00:00,6962,fast,long,10928.044534808238,41.9228660156079,4178.84,4074.0328349609804,104.80716503901975,0.0072987673805677365,0.0,0.0,0.01,0.01,False,False,0.0,0.0,0.0,0.0,0.0,0.0,0.0,0.0,0.0,0.0,NORMAL_SIZE_BELOW_MINIMUM,OVERRIDE_DISABLED
2026-07-08 08:00:00,6980,fast,short,10928.044534808238,38.85931030129179,4056.86,4154.00827575323,97.14827575322948,0.007874181106206067,0.0,0.0,0.01,0.01,False,False,0.0,0.0,0.0,0.0,0.0,0.0,0.0,0.0,0.0,0.0,NORMAL_SIZE_BELOW_MINIMUM,OVERRIDE_DISABLED
2026-07-13 16:00:00,7000,fast,short,10928.044534808238,37.817712278622295,3993.32,4087.864280696556,94.54428069655575,0.008091056506017125,0.0,0.0,0.01,0.01,False,False,0.0,0.0,0.0,0.0,0.0,0.0,0.0,0.0,0.0,0.0,NORMAL_SIZE_BELOW_MINIMUM,OVERRIDE_DISABLED
2026-07-17 12:00:00,7023,fast,short,10928.044534808238,34.699029114551266,3966.16,4052.907572786378,86.74757278637816,0.008818265374644554,0.0,0.0,0.01,0.01,False,False,0.0,0.0,0.0,0.0,0.0,0.0,0.0,0.0,0.0,0.0,NORMAL_SIZE_BELOW_MINIMUM,OVERRIDE_DISABLED
2026-07-17 12:00:00,7023,medium,short,10928.044534808238,34.699029114551266,3966.16,4052.907572786378,86.74757278637816,0.008818265374644554,0.0,0.0,0.01,0.01,False,False,0.0,0.0,0.0,0.0,0.0,0.0,0.0,0.0,0.0,0.0,NORMAL_SIZE_BELOW_MINIMUM,OVERRIDE_DISABLED
2026-07-22 00:00:00,7038,fast,long,10928.044534808238,31.765210400231553,4097.46,4018.046973999421,79.41302600057888,0.009632715890098438,0.0,0.0,0.01,0.01,False,False,0.0,0.0,0.0,0.0,0.0,0.0,0.0,0.0,0.0,0.0,NORMAL_SIZE_BELOW_MINIMUM,OVERRIDE_DISABLED
2026-07-22 04:00:00,7039,fast,long,10928.044534808238,32.42644988021996,4126.96,4045.89387529945,81.0661247005499,0.009436285751443937,0.0,0.0,0.01,0.01,False,False,0.0,0.0,0.0,0.0,0.0,0.0,0.0,0.0,0.0,0.0,NORMAL_SIZE_BELOW_MINIMUM,OVERRIDE_DISABLED
2026-07-22 16:00:00,7042,fast,long,10928.044534808238,32.96503246605353,4146.84,4064.4274188348663,82.41258116513382,0.009282115747640344,0.0,0.0,0.01,0.01,False,False,0.0,0.0,0.0,0.0,0.0,0.0,0.0,0.0,0.0,0.0,NORMAL_SIZE_BELOW_MINIMUM,OVERRIDE_DISABLED
2026-07-22 16:00:00,7042,medium,long,10928.044534808238,32.96503246605353,4146.84,4064.4274188348663,82.41258116513382,0.009282115747640344,0.0,0.0,0.01,0.01,False,False,0.0,0.0,0.0,0.0,0.0,0.0,0.0,0.0,0.0,0.0,NORMAL_SIZE_BELOW_MINIMUM,OVERRIDE_DISABLED
2026-08-05 04:00:00,7099,fast,long,10928.044534808238,30.77236471880191,4135.52,4058.5890882029958,76.93091179700477,0.009943507746990718,0.0,0.0,0.01,0.01,False,False,0.0,0.0,0.0,0.0,0.0,0.0,0.0,0.0,0.0,0.0,NORMAL_SIZE_BELOW_MINIMUM,OVERRIDE_DISABLED
2026-08-05 08:00:00,7100,fast,long,10928.044534808238,31.46824648286184,4160.54,4081.8693837928454,78.6706162071546,0.009723619240788507,0.0,0.0,0.01,0.01,False,False,0.0,0.0,0.0,0.0,0.0,0.0,0.0,0.0,0.0,0.0,NORMAL_SIZE_BELOW_MINIMUM,OVERRIDE_DISABLED
2026-08-05 08:00:00,7100,medium,long,10928.044534808238,31.46824648286184,4160.54,4081.8693837928454,78.6706162071546,0.009723619240788507,0.0,0.0,0.01,0.01,False,False,0.0,0.0,0.0,0.0,0.0,0.0,0.0,0.0,0.0,0.0,NORMAL_SIZE_BELOW_MINIMUM,OVERRIDE_DISABLED
2026-08-05 12:00:00,7101,fast,long,10928.044534808238,33.06483415871873,4183.92,4101.257914603203,82.66208539679683,0.00925409894711196,0.0,0.0,0.01,0.01,False,False,0.0,0.0,0.0,0.0,0.0,0.0,0.0,0.0,0.0,0.0,NORMAL_SIZE_BELOW_MINIMUM,OVERRIDE_DISABLED
2026-08-05 12:00:00,7101,medium,long,10928.044534808238,33.06483415871873,4183.92,4101.257914603203,82.66208539679683,0.00925409894711196,0.0,0.0,0.01,0.01,False,False,0.0,0.0,0.0,0.0,0.0,0.0,0.0,0.0,0.0,0.0,NORMAL_SIZE_BELOW_MINIMUM,OVERRIDE_DISABLED
2026-08-05 12:00:00,7101,slow,long,10928.044534808238,33.06483415871873,4183.92,4101.257914603203,82.66208539679683,0.00925409894711196,0.0,0.0,0.01,0.01,False,False,0.0,0.0,0.0,0.0,0.0,0.0,0.0,0.0,0.0,0.0,NORMAL_SIZE_BELOW_MINIMUM,OVERRIDE_DISABLED
2026-08-05 16:00:00,7102,fast,long,10928.044534808238,35.4785924507828,4242.33,4153.633518873043,88.696481126957,0.008624503562228533,0.0,0.0,0.01,0.01,False,False,0.0,0.0,0.0,0.0,0.0,0.0,0.0,0.0,0.0,0.0,NORMAL_SIZE_BELOW_MINIMUM,OVERRIDE_DISABLED
2026-08-05 16:00:00,7102,medium,long,10928.044534808238,35.4785924507828,4242.33,4153.633518873043,88.696481126957,0.008624503562228533,0.0,0.0,0.01,0.01,False,False,0.0,0.0,0.0,0.0,0.0,0.0,0.0,0.0,0.0,0.0,NORMAL_SIZE_BELOW_MINIMUM,OVERRIDE_DISABLED
2026-08-05 16:00:00,7102,slow,long,10928.044534808238,35.4785924507828,4242.33,4153.633518873043,88.696481126957,0.008624503562228533,0.0,0.0,0.01,0.01,False,False,0.0,0.0,0.0,0.0,0.0,0.0,0.0,0.0,0.0,0.0,NORMAL_SIZE_BELOW_MINIMUM,OVERRIDE_DISABLED
2026-08-06 00:00:00,7104,fast,long,10928.044534808238,36.238254686831475,4294.86,4204.264363282921,90.59563671707869,0.008443708164726317,0.0,0.0,0.01,0.01,False,False,0.0,0.0,0.0,0.0,0.0,0.0,0.0,0.0,0.0,0.0,NORMAL_SIZE_BELOW_MINIMUM,OVERRIDE_DISABLED
2026-08-06 00:00:00,7104,medium,long,10928.044534808238,36.238254686831475,4294.86,4204.264363282921,90.59563671707869,0.008443708164726317,0.0,0.0,0.01,0.01,False,False,0.0,0.0,0.0,0.0,0.0,0.0,0.0,0.0,0.0,0.0,NORMAL_SIZE_BELOW_MINIMUM,OVERRIDE_DISABLED
2026-08-06 00:00:00,7104,slow,long,10928.044534808238,36.238254686831475,4294.86,4204.264363282921,90.59563671707869,0.008443708164726317,0.0,0.0,0.01,0.01,False,False,0.0,0.0,0.0,0.0,0.0,0.0,0.0,0.0,0.0,0.0,NORMAL_SIZE_BELOW_MINIMUM,OVERRIDE_DISABLED
2026-08-07 08:00:00,7112,fast,long,10928.044534808238,36.831153492049374,4306.07,4213.9921162698765,92.07788373012343,0.008307783437754202,0.0,0.0,0.01,0.01,False,False,0.0,0.0,0.0,0.0,0.0,0.0,0.0,0.0,0.0,0.0,NORMAL_SIZE_BELOW_MINIMUM,OVERRIDE_DISABLED
2026-08-07 08:00:00,7112,medium,long,10928.044534808238,36.831153492049374,4306.07,4213.9921162698765,92.07788373012343,0.008307783437754202,0.0,0.0,0.01,0.01,False,False,0.0,0.0,0.0,0.0,0.0,0.0,0.0,0.0,0.0,0.0,NORMAL_SIZE_BELOW_MINIMUM,OVERRIDE_DISABLED
2026-08-07 08:00:00,7112,slow,long,10928.044534808238,36.831153492049374,4306.07,4213.9921162698765,92.07788373012343,0.008307783437754202,0.0,0.0,0.01,0.01,False,False,0.0,0.0,0.0,0.0,0.0,0.0,0.0,0.0,0.0,0.0,NORMAL_SIZE_BELOW_MINIMUM,OVERRIDE_DISABLED
2026-08-07 12:00:00,7113,fast,long,10928.044534808238,38.4915958174469,4361.41,4265.181010456383,96.22898954361725,0.0079494040316182,0.0,0.0,0.01,0.01,False,False,0.0,0.0,0.0,0.0,0.0,0.0,0.0,0.0,0.0,0.0,NORMAL_SIZE_BELOW_MINIMUM,OVERRIDE_DISABLED
2026-08-07 12:00:00,7113,medium,long,10928.044534808238,38.4915958174469,4361.41,4265.181010456383,96.22898954361725,0.0079494040316182,0.0,0.0,0.01,0.01,False,False,0.0,0.0,0.0,0.0,0.0,0.0,0.0,0.0,0.0,0.0,NORMAL_SIZE_BELOW_MINIMUM,OVERRIDE_DISABLED
2026-08-07 12:00:00,7113,slow,long,10928.044534808238,38.4915958174469,4361.41,4265.181010456383,96.22898954361725,0.0079494040316182,0.0,0.0,0.01,0.01,False,False,0.0,0.0,0.0,0.0,0.0,0.0,0.0,0.0,0.0,0.0,NORMAL_SIZE_BELOW_MINIMUM,OVERRIDE_DISABLED
2026-08-10 20:00:00,7121,fast,long,10928.044534808238,36.57481060296254,4389.56,4298.122973492594,91.43702650740636,0.008366010429862512,0.0,0.0,0.01,0.01,False,False,0.0,0.0,0.0,0.0,0.0,0.0,0.0,0.0,0.0,0.0,NORMAL_SIZE_BELOW_MINIMUM,OVERRIDE_DISABLED
2026-08-10 20:00:00,7121,medium,long,10928.044534808238,36.57481060296254,4389.56,4298.122973492594,91.43702650740636,0.008366010429862512,0.0,0.0,0.01,0.01,False,False,0.0,0.0,0.0,0.0,0.0,0.0,0.0,0.0,0.0,0.0,NORMAL_SIZE_BELOW_MINIMUM,OVERRIDE_DISABLED
2026-08-10 20:00:00,7121,slow,long,10928.044534808238,36.57481060296254,4389.56,4298.122973492594,91.43702650740636,0.008366010429862512,0.0,0.0,0.01,0.01,False,False,0.0,0.0,0.0,0.0,0.0,0.0,0.0,0.0,0.0,0.0,NORMAL_SIZE_BELOW_MINIMUM,OVERRIDE_DISABLED
2026-08-11 00:00:00,7122,fast,long,10928.044534808238,36.300570072814416,4409.58,4318.828574817964,90.75142518203604,0.008429213270228605,0.0,0.0,0.01,0.01,False,False,0.0,0.0,0.0,0.0,0.0,0.0,0.0,0.0,0.0,0.0,NORMAL_SIZE_BELOW_MINIMUM,OVERRIDE_DISABLED
2026-08-11 00:00:00,7122,medium,long,10928.044534808238,36.300570072814416,4409.58,4318.828574817964,90.75142518203604,0.008429213270228605,0.0,0.0,0.01,0.01,False,False,0.0,0.0,0.0,0.0,0.0,0.0,0.0,0.0,0.0,0.0,NORMAL_SIZE_BELOW_MINIMUM,OVERRIDE_DISABLED
2026-08-11 00:00:00,7122,slow,long,10928.044534808238,36.300570072814416,4409.58,4318.828574817964,90.75142518203604,0.008429213270228605,0.0,0.0,0.01,0.01,False,False,0.0,0.0,0.0,0.0,0.0,0.0,0.0,0.0,0.0,0.0,NORMAL_SIZE_BELOW_MINIMUM,OVERRIDE_DISABLED
2026-08-12 12:00:00,7131,fast,long,10928.044534808238,36.31010095099386,4437.31,4346.534747622516,90.77525237748466,0.008427000723231404,0.0,0.0,0.01,0.01,False,False,0.0,0.0,0.0,0.0,0.0,0.0,0.0,0.0,0.0,0.0,NORMAL_SIZE_BELOW_MINIMUM,OVERRIDE_DISABLED
2026-08-12 12:00:00,7131,medium,long,10928.044534808238,36.31010095099386,4437.31,4346.534747622516,90.77525237748466,0.008427000723231404,0.0,0.0,0.01,0.01,False,False,0.0,0.0,0.0,0.0,0.0,0.0,0.0,0.0,0.0,0.0,NORMAL_SIZE_BELOW_MINIMUM,OVERRIDE_DISABLED
2026-08-12 12:00:00,7131,slow,long,10928.044534808238,36.31010095099386,4437.31,4346.534747622516,90.77525237748466,0.008427000723231404,0.0,0.0,0.01,0.01,False,False,0.0,0.0,0.0,0.0,0.0,0.0,0.0,0.0,0.0,0.0,NORMAL_SIZE_BELOW_MINIMUM,OVERRIDE_DISABLED
2026-08-14 04:00:00,7141,fast,short,10928.044534808238,36.852815921305,4326.86,4418.992039803262,92.1320398032625,0.008302900045088206,0.0,0.0,0.01,0.01,False,False,0.0,0.0,0.0,0.0,0.0,0.0,0.0,0.0,0.0,0.0,NORMAL_SIZE_BELOW_MINIMUM,OVERRIDE_DISABLED
2026-08-19 12:00:00,7161,fast,long,10928.044534808238,36.29803157600603,4438.76,4348.014921059985,90.74507894001508,0.008429802765858384,0.0,0.0,0.01,0.01,False,False,0.0,0.0,0.0,0.0,0.0,0.0,0.0,0.0,0.0,0.0,NORMAL_SIZE_BELOW_MINIMUM,OVERRIDE_DISABLED
2026-08-19 16:00:00,7162,fast,long,10928.044534808238,38.23212999720575,4493.28,4397.699675006986,95.58032499301439,0.008003353383580616,0.0,0.0,0.01,0.01,False,False,0.0,0.0,0.0,0.0,0.0,0.0,0.0,0.0,0.0,0.0,NORMAL_SIZE_BELOW_MINIMUM,OVERRIDE_DISABLED
2026-08-19 16:00:00,7162,medium,long,10928.044534808238,38.23212999720575,4493.28,4397.699675006986,95.58032499301439,0.008003353383580616,0.0,0.0,0.01,0.01,False,False,0.0,0.0,0.0,0.0,0.0,0.0,0.0,0.0,0.0,0.0,NORMAL_SIZE_BELOW_MINIMUM,OVERRIDE_DISABLED
2026-08-19 16:00:00,7162,slow,long,10928.044534808238,38.23212999720575,4493.28,4397.699675006986,95.58032499301439,0.008003353383580616,0.0,0.0,0.01,0.01,False,False,0.0,0.0,0.0,0.0,0.0,0.0,0.0,0.0,0.0,0.0,NORMAL_SIZE_BELOW_MINIMUM,OVERRIDE_DISABLED
2026-08-19 20:00:00,7163,fast,long,10928.044534808238,38.916023497345456,4522.06,4424.769941256637,97.29005874336364,0.00786270588503223,0.0,0.0,0.01,0.01,False,False,0.0,0.0,0.0,0.0,0.0,0.0,0.0,0.0,0.0,0.0,NORMAL_SIZE_BELOW_MINIMUM,OVERRIDE_DISABLED
2026-08-19 20:00:00,7163,medium,long,10928.044534808238,38.916023497345456,4522.06,4424.769941256637,97.29005874336364,0.00786270588503223,0.0,0.0,0.01,0.01,False,False,0.0,0.0,0.0,0.0,0.0,0.0,0.0,0.0,0.0,0.0,NORMAL_SIZE_BELOW_MINIMUM,OVERRIDE_DISABLED
2026-08-19 20:00:00,7163,slow,long,10928.044534808238,38.916023497345456,4522.06,4424.769941256637,97.29005874336364,0.00786270588503223,0.0,0.0,0.01,0.01,False,False,0.0,0.0,0.0,0.0,0.0,0.0,0.0,0.0,0.0,0.0,NORMAL_SIZE_BELOW_MINIMUM,OVERRIDE_DISABLED
2026-08-21 08:00:00,7172,fast,long,10928.044534808238,38.30287321725759,4584.09,4488.332816956856,95.75718304314398,0.007988571646807089,0.0,0.0,0.01,0.01,False,False,0.0,0.0,0.0,0.0,0.0,0.0,0.0,0.0,0.0,0.0,NORMAL_SIZE_BELOW_MINIMUM,OVERRIDE_DISABLED
2026-08-21 08:00:00,7172,medium,long,10928.044534808238,38.30287321725759,4584.09,4488.332816956856,95.75718304314398,0.007988571646807089,0.0,0.0,0.01,0.01,False,False,0.0,0.0,0.0,0.0,0.0,0.0,0.0,0.0,0.0,0.0,NORMAL_SIZE_BELOW_MINIMUM,OVERRIDE_DISABLED
2026-08-21 08:00:00,7172,slow,long,10928.044534808238,38.30287321725759,4584.09,4488.332816956856,95.75718304314398,0.007988571646807089,0.0,0.0,0.01,0.01,False,False,0.0,0.0,0.0,0.0,0.0,0.0,0.0,0.0,0.0,0.0,NORMAL_SIZE_BELOW_MINIMUM,OVERRIDE_DISABLED
2026-08-24 12:00:00,7179,fast,long,10928.044534808238,39.154141490684886,4662.75,4564.864646273288,97.88535372671221,0.007814888421124678,0.0,0.0,0.01,0.01,False,False,0.0,0.0,0.0,0.0,0.0,0.0,0.0,0.0,0.0,0.0,NORMAL_SIZE_BELOW_MINIMUM,OVERRIDE_DISABLED
2026-08-24 12:00:00,7179,medium,long,10928.044534808238,39.154141490684886,4662.75,4564.864646273288,97.88535372671221,0.007814888421124678,0.0,0.0,0.01,0.01,False,False,0.0,0.0,0.0,0.0,0.0,0.0,0.0,0.0,0.0,0.0,NORMAL_SIZE_BELOW_MINIMUM,OVERRIDE_DISABLED
2026-08-24 12:00:00,7179,slow,long,10928.044534808238,39.154141490684886,4662.75,4564.864646273288,97.88535372671221,0.007814888421124678,0.0,0.0,0.01,0.01,False,False,0.0,0.0,0.0,0.0,0.0,0.0,0.0,0.0,0.0,0.0,NORMAL_SIZE_BELOW_MINIMUM,OVERRIDE_DISABLED
2026-08-25 00:00:00,7182,fast,long,10928.044534808238,39.19219956057595,4684.42,4586.43950109856,97.98049890143987,0.007807299677112942,0.0,0.0,0.01,0.01,False,False,0.0,0.0,0.0,0.0,0.0,0.0,0.0,0.0,0.0,0.0,NORMAL_SIZE_BELOW_MINIMUM,OVERRIDE_DISABLED
2026-08-25 00:00:00,7182,medium,long,10928.044534808238,39.19219956057595,4684.42,4586.43950109856,97.98049890143987,0.007807299677112942,0.0,0.0,0.01,0.01,False,False,0.0,0.0,0.0,0.0,0.0,0.0,0.0,0.0,0.0,0.0,NORMAL_SIZE_BELOW_MINIMUM,OVERRIDE_DISABLED
2026-08-25 00:00:00,7182,slow,long,10928.044534808238,39.19219956057595,4684.42,4586.43950109856,97.98049890143987,0.007807299677112942,0.0,0.0,0.01,0.01,False,False,0.0,0.0,0.0,0.0,0.0,0.0,0.0,0.0,0.0,0.0,NORMAL_SIZE_BELOW_MINIMUM,OVERRIDE_DISABLED
